charger_id,timestamp,energy_kwh,voltage,current,temperature,soc_percent,status,ai_status,ai_score
OVN-EV-001,2026-03-25 08:37:41.612447,13.59,381.77,32.0,37.29,69.61,Charging,Unknown,0
OVN-EV-002,2026-03-25 08:37:41.615776,22.1,398.32,32.56,37.61,84.64,Charging,Unknown,0
OVN-EV-003,2026-03-25 08:37:41.617786,17.82,394.69,29.79,30.57,64.61,Charging,Unknown,0
OVN-EV-001,2026-03-25 08:37:44.621605,13.78,395.35,35.5,43.14,22.63,Charging,Unknown,0
OVN-EV-002,2026-03-25 08:37:44.621605,17.75,410.66,31.25,36.03,91.16,Charging,Unknown,0
OVN-EV-003,2026-03-25 08:37:44.621605,16.88,382.8,33.33,30.72,29.44,Charging,Unknown,0
OVN-EV-001,2026-03-25 08:37:47.632842,20.98,415.43,33.73,30.27,86.61,Charging,Unknown,0
OVN-EV-003,2026-03-25 08:37:47.636861,16.66,412.92,32.57,41.63,57.49,Charging,Unknown,0
OVN-EV-002,2026-03-25 08:37:47.640424,13.9,395.65,29.69,44.35,85.59,Charging,Unknown,0
OVN-EV-001,2026-03-25 08:37:50.651131,15.64,413.91,32.02,35.58,94.32,Charging,Unknown,0
OVN-EV-002,2026-03-25 08:37:50.651131,11.02,388.11,35.65,30.54,38.18,Charging,Unknown,0
OVN-EV-003,2026-03-25 08:37:50.651131,14.11,410.33,28.12,40.85,71.01,Charging,Unknown,0
OVN-EV-001,2026-03-25 08:37:53.668210,15.2,394.86,30.67,33.64,46.07,Charging,Unknown,0
OVN-EV-003,2026-03-25 08:37:53.670220,10.88,406.44,31.02,35.83,22.06,Charging,Unknown,0
OVN-EV-002,2026-03-25 08:37:53.672228,12.66,399.85,30.23,43.16,39.53,Charging,Unknown,0
OVN-EV-001,2026-03-25 08:37:56.692884,15.62,498.73,88.51,78.18,84.61,ANOMALY,Unknown,0
OVN-EV-002,2026-03-25 08:37:56.692884,17.05,417.31,29.89,39.28,41.59,Charging,Unknown,0
OVN-EV-003,2026-03-25 08:37:56.694911,10.23,396.99,34.42,30.92,20.26,Charging,Unknown,0
OVN-EV-001,2026-03-25 08:37:59.708796,12.82,400.56,35.73,44.49,45.14,Charging,Unknown,0
OVN-EV-003,2026-03-25 08:37:59.710451,22.47,400.04,33.58,42.17,33.5,Charging,Unknown,0
OVN-EV-002,2026-03-25 08:37:59.712462,20.42,399.31,33.93,36.08,31.1,Charging,Unknown,0
OVN-EV-002,2026-03-25 08:38:02.725067,14.15,394.7,28.24,43.75,44.44,Charging,Unknown,0
OVN-EV-003,2026-03-25 08:38:02.725909,22.05,386.62,30.8,38.16,40.05,Charging,Unknown,0
OVN-EV-001,2026-03-25 08:38:02.727084,21.0,385.73,28.06,31.98,58.35,Charging,Unknown,0
OVN-EV-002,2026-03-25 08:38:05.735165,10.96,408.65,33.96,41.91,83.73,Charging,Unknown,0
OVN-EV-003,2026-03-25 08:38:05.735165,10.3,383.62,30.42,40.78,94.99,Charging,Unknown,0
OVN-EV-001,2026-03-25 08:38:05.735165,20.79,399.14,32.61,31.11,51.06,Charging,Unknown,0
OVN-EV-002,2026-03-25 08:38:08.750407,22.35,487.95,92.89,70.07,89.37,ANOMALY,Unknown,0
OVN-EV-003,2026-03-25 08:38:08.750407,10.12,388.12,31.46,37.68,22.46,Charging,Unknown,0
OVN-EV-001,2026-03-25 08:38:08.750407,22.99,394.05,30.59,39.8,30.91,Charging,Unknown,0
OVN-EV-002,2026-03-25 08:38:11.759096,24.75,388.97,31.79,40.07,90.87,Charging,Unknown,0
OVN-EV-003,2026-03-25 08:38:11.761105,15.61,393.56,32.39,35.75,79.74,Charging,Unknown,0
OVN-EV-001,2026-03-25 08:38:11.761105,18.73,411.14,28.33,43.88,23.55,Charging,Unknown,0
OVN-EV-002,2026-03-25 08:38:14.757944,23.35,388.44,35.56,38.33,91.6,Charging,Unknown,0
OVN-EV-003,2026-03-25 08:38:14.757944,11.99,387.96,32.41,38.47,49.67,Charging,Unknown,0
OVN-EV-001,2026-03-25 08:38:14.759635,13.37,395.92,33.22,38.48,46.9,Charging,Unknown,0
OVN-EV-002,2026-03-25 08:38:17.756746,11.96,393.1,33.9,40.9,82.12,Charging,Unknown,0
OVN-EV-003,2026-03-25 08:38:17.756746,11.53,384.1,33.04,41.55,67.89,Charging,Unknown,0
OVN-EV-001,2026-03-25 08:38:17.756746,12.59,410.58,34.45,34.86,87.02,Charging,Unknown,0
OVN-EV-002,2026-03-25 08:38:20.764023,19.02,407.28,34.05,39.31,38.4,Charging,Unknown,0
OVN-EV-003,2026-03-25 08:38:20.764023,20.95,402.73,30.04,35.4,67.66,Charging,Unknown,0
OVN-EV-001,2026-03-25 08:38:20.764023,21.43,469.75,82.33,71.9,85.78,ANOMALY,Unknown,0
OVN-EV-002,2026-03-25 08:38:23.768522,15.62,413.22,33.55,36.09,82.69,Charging,Unknown,0
OVN-EV-003,2026-03-25 08:38:23.769961,19.98,404.64,33.72,41.76,90.9,Charging,Unknown,0
OVN-EV-001,2026-03-25 08:38:23.771089,10.66,412.79,30.44,37.83,58.71,Charging,Unknown,0
OVN-EV-002,2026-03-25 08:38:26.785824,19.68,380.54,29.71,43.95,77.15,Charging,Unknown,0
OVN-EV-003,2026-03-25 08:38:26.785824,16.94,403.6,29.99,42.84,28.04,Charging,Unknown,0
OVN-EV-001,2026-03-25 08:38:26.787923,16.13,407.24,28.7,42.75,78.82,Charging,Unknown,0
OVN-EV-002,2026-03-25 08:38:29.792745,22.03,385.8,31.25,35.66,29.17,Charging,Unknown,0
OVN-EV-003,2026-03-25 08:38:29.792745,12.25,415.83,29.85,40.05,34.64,Charging,Unknown,0
OVN-EV-001,2026-03-25 08:38:29.793899,22.77,396.1,28.44,41.98,80.65,Charging,Unknown,0
OVN-EV-002,2026-03-25 08:38:32.800967,20.97,390.2,34.58,33.73,36.49,Charging,Unknown,0
OVN-EV-003,2026-03-25 08:38:32.801612,23.71,409.2,34.32,43.41,83.8,Charging,Unknown,0
OVN-EV-001,2026-03-25 08:38:32.803828,20.57,403.83,28.3,43.9,43.14,Charging,Unknown,0
OVN-EV-002,2026-03-25 08:38:35.817808,22.82,388.61,33.33,44.14,40.18,Charging,Unknown,0
OVN-EV-003,2026-03-25 08:38:35.817808,10.27,392.32,33.65,33.21,77.57,Charging,Unknown,0
OVN-EV-001,2026-03-25 08:38:35.817808,12.89,402.22,31.17,40.33,22.57,Charging,Unknown,0
OVN-EV-002,2026-03-25 08:38:38.824508,21.68,397.11,31.05,30.59,59.0,Charging,Unknown,0
OVN-EV-003,2026-03-25 08:38:38.824508,11.6,417.16,35.27,32.71,44.4,Charging,Normal,-0.5395
OVN-EV-001,2026-03-25 08:38:38.824508,17.12,385.1,30.87,41.62,36.74,Charging,Normal,-0.4593
OVN-EV-002,2026-03-25 08:38:41.842399,12.99,389.48,31.57,36.27,89.11,Charging,Normal,-0.459
OVN-EV-003,2026-03-25 08:38:41.843284,16.79,384.53,35.42,33.28,31.27,Charging,Normal,-0.5079
OVN-EV-001,2026-03-25 08:38:41.843284,22.08,412.67,35.11,41.13,90.61,Charging,Normal,-0.5081
OVN-EV-002,2026-03-25 08:38:44.889832,16.83,472.93,91.52,70.44,65.71,ANOMALY,ANOMALY,-0.6923
OVN-EV-003,2026-03-25 08:38:45.468984,16.25,408.3,33.45,43.21,45.73,Charging,Normal,-0.4482
OVN-EV-001,2026-03-25 08:38:46.015100,12.92,388.3,33.63,39.12,28.41,Charging,Normal,-0.4626
OVN-EV-002,2026-03-25 08:38:48.475587,23.99,402.88,33.89,37.22,77.7,Charging,Normal,-0.4789
OVN-EV-003,2026-03-25 08:38:49.024403,19.69,410.83,28.33,38.27,70.46,Charging,Normal,-0.4545
OVN-EV-001,2026-03-25 08:38:49.286593,12.42,382.04,34.58,36.09,36.24,Charging,Normal,-0.4825
OVN-EV-002,2026-03-25 08:38:51.614590,17.49,417.91,33.47,40.14,89.32,Charging,Normal,-0.4805
OVN-EV-003,2026-03-25 08:38:52.066414,15.61,418.78,31.26,32.76,61.58,Charging,Normal,-0.4704
OVN-EV-001,2026-03-25 08:38:52.384229,19.16,401.05,28.65,39.55,27.93,Charging,Normal,-0.4673
OVN-EV-002,2026-03-25 08:38:54.733784,13.33,411.65,31.39,38.89,70.97,Charging,Normal,-0.435
OVN-EV-003,2026-03-25 08:38:55.091490,22.87,463.03,91.07,83.16,70.98,ANOMALY,ANOMALY,-0.7035
OVN-EV-001,2026-03-25 08:38:55.405870,21.96,415.6,33.2,34.23,27.21,Charging,Normal,-0.528
OVN-EV-002,2026-03-25 08:38:57.806760,12.73,388.98,29.11,32.51,37.11,Charging,Normal,-0.4784
OVN-EV-003,2026-03-25 08:38:58.107746,24.51,481.57,83.44,85.04,90.23,ANOMALY,ANOMALY,-0.7294
OVN-EV-001,2026-03-25 08:38:58.427374,15.66,384.88,33.27,33.2,67.41,Charging,Normal,-0.4668
OVN-EV-002,2026-03-25 08:39:00.825752,16.01,397.37,30.32,44.11,87.38,Charging,Normal,-0.4673
OVN-EV-003,2026-03-25 08:39:01.121793,24.61,389.18,28.14,31.94,70.88,Charging,Normal,-0.5367
OVN-EV-001,2026-03-25 08:39:01.437321,13.13,485.97,93.07,86.69,21.4,ANOMALY,ANOMALY,-0.7101
OVN-EV-002,2026-03-25 08:39:03.824849,20.29,416.3,34.1,30.77,40.0,Charging,Normal,-0.5233
OVN-EV-003,2026-03-25 08:39:04.143258,17.47,391.35,29.46,43.04,66.37,Charging,Normal,-0.4514
OVN-EV-001,2026-03-25 08:39:04.468886,22.93,387.57,34.28,35.84,43.46,Charging,Normal,-0.4834
OVN-EV-002,2026-03-25 08:39:06.831608,20.81,391.11,31.36,34.2,85.4,Charging,Normal,-0.4498
OVN-EV-003,2026-03-25 08:39:07.150432,11.55,408.39,29.49,40.37,35.2,Charging,Normal,-0.4702
OVN-EV-001,2026-03-25 08:39:07.479522,21.2,417.19,34.49,34.74,60.93,Charging,Normal,-0.496
OVN-EV-002,2026-03-25 08:39:09.839482,17.21,467.19,94.65,87.01,94.73,ANOMALY,ANOMALY,-0.7332
OVN-EV-003,2026-03-25 08:39:10.158590,10.28,388.72,33.73,32.9,32.64,Charging,Normal,-0.5072
OVN-EV-001,2026-03-25 08:39:10.541165,13.72,395.83,34.4,44.55,58.82,Charging,Normal,-0.4599
OVN-EV-002,2026-03-25 08:39:12.858418,15.47,393.47,31.74,30.61,44.64,Charging,Normal,-0.4605
OVN-EV-003,2026-03-25 08:39:13.164849,15.81,398.51,33.79,35.47,75.52,Charging,Normal,-0.434
OVN-EV-001,2026-03-25 08:39:13.553854,19.65,404.65,31.94,35.05,63.48,Charging,Normal,-0.436
OVN-EV-002,2026-03-25 08:39:15.908141,23.14,389.29,32.17,44.99,29.02,Charging,Normal,-0.5062
OVN-EV-003,2026-03-25 08:39:16.201308,24.74,469.11,80.99,74.25,38.43,ANOMALY,ANOMALY,-0.6926
OVN-EV-001,2026-03-25 08:39:16.573811,12.99,415.65,35.38,33.11,73.64,Charging,Normal,-0.4923
OVN-EV-002,2026-03-25 08:39:18.924571,22.66,394.31,29.64,41.27,85.73,Charging,Normal,-0.4603
OVN-EV-003,2026-03-25 08:39:19.210261,21.66,398.32,30.6,38.7,31.84,Charging,Normal,-0.4471
OVN-EV-001,2026-03-25 08:39:19.592087,11.02,396.96,33.55,42.63,35.4,Charging,Normal,-0.4702
OVN-EV-002,2026-03-25 08:39:21.924714,15.67,477.85,83.51,86.68,87.87,ANOMALY,ANOMALY,-0.7133
OVN-EV-003,2026-03-25 08:39:22.221748,13.6,463.77,98.86,72.22,69.66,ANOMALY,ANOMALY,-0.6831
OVN-EV-001,2026-03-25 08:39:22.602240,13.58,418.14,31.56,34.05,31.87,Charging,Normal,-0.489
OVN-EV-002,2026-03-25 08:39:24.927728,24.08,385.64,32.76,31.34,35.43,Charging,Normal,-0.5151
OVN-EV-003,2026-03-25 08:39:25.227211,20.65,404.31,32.2,39.04,62.38,Charging,Normal,-0.4298
OVN-EV-001,2026-03-25 08:39:25.594283,15.22,413.86,28.23,42.74,82.44,Charging,Normal,-0.4877
OVN-EV-002,2026-03-25 08:39:27.933626,18.14,406.66,28.25,35.07,36.04,Charging,Normal,-0.4617
OVN-EV-003,2026-03-25 08:39:28.242794,10.41,393.67,34.6,41.11,90.47,Charging,Normal,-0.4999
OVN-EV-001,2026-03-25 08:39:28.591497,23.74,414.8,34.02,41.51,84.89,Charging,Normal,-0.5064
OVN-EV-002,2026-03-25 08:39:30.942845,22.04,406.19,29.74,40.91,39.0,Charging,Normal,-0.4521
OVN-EV-003,2026-03-25 08:39:31.271726,12.51,388.04,35.2,32.77,34.33,Charging,Normal,-0.4955
OVN-EV-001,2026-03-25 08:39:31.600791,24.88,412.66,30.96,36.82,65.44,Charging,Normal,-0.5114
OVN-EV-002,2026-03-25 08:39:33.952243,22.22,393.35,30.38,33.24,88.65,Charging,Normal,-0.4718
OVN-EV-003,2026-03-25 08:39:34.269092,20.74,419.96,28.26,40.33,70.48,Charging,Normal,-0.4995
OVN-EV-001,2026-03-25 08:39:34.609239,16.12,416.49,35.81,39.05,53.12,Charging,Normal,-0.4923
OVN-EV-002,2026-03-25 08:39:36.957130,10.92,406.68,35.54,36.22,69.73,Charging,Normal,-0.4895
OVN-EV-003,2026-03-25 08:39:37.272419,11.41,407.85,30.02,37.63,24.25,Charging,Normal,-0.4869
OVN-EV-001,2026-03-25 08:39:37.620690,20.17,413.58,32.23,35.26,69.11,Charging,Normal,-0.472
OVN-EV-002,2026-03-25 08:39:39.959513,16.49,395.24,29.72,36.09,63.66,Charging,Normal,-0.4376
OVN-EV-003,2026-03-25 08:39:40.277159,10.28,412.0,29.04,43.76,76.36,Charging,Normal,-0.517
OVN-EV-001,2026-03-25 08:39:40.635657,21.54,404.19,33.08,37.86,37.63,Charging,Normal,-0.4333
OVN-EV-002,2026-03-25 08:39:42.959613,10.08,399.73,28.95,40.59,67.77,Charging,Normal,-0.498
OVN-EV-003,2026-03-25 08:39:43.289885,18.14,380.65,32.48,41.19,59.35,Charging,Normal,-0.4783
OVN-EV-001,2026-03-25 08:39:43.651266,20.57,397.94,35.9,41.31,53.92,Charging,Normal,-0.4759
OVN-EV-002,2026-03-25 08:39:45.953070,10.21,391.48,30.11,41.52,20.43,Charging,Normal,-0.5325
OVN-EV-003,2026-03-25 08:39:46.287914,16.79,392.67,30.95,33.26,33.16,Charging,Normal,-0.4557
OVN-EV-001,2026-03-25 08:39:46.669103,18.31,380.65,32.23,41.23,51.8,Charging,Normal,-0.4815
OVN-EV-002,2026-03-25 08:39:48.952381,13.52,381.93,29.6,31.18,70.36,Charging,Normal,-0.506
OVN-EV-003,2026-03-25 08:39:49.285032,20.17,416.53,35.35,32.28,46.8,Charging,Normal,-0.4981
OVN-EV-001,2026-03-25 08:39:49.677870,10.79,384.32,28.57,43.6,93.61,Charging,Normal,-0.5616
OVN-EV-002,2026-03-25 08:39:51.961079,14.83,406.8,35.88,43.5,33.11,Charging,Normal,-0.4945
OVN-EV-003,2026-03-25 08:39:52.303940,11.22,401.99,32.25,36.45,85.72,Charging,Normal,-0.4718
OVN-EV-001,2026-03-25 08:39:52.687737,17.93,392.62,31.41,36.49,29.82,Charging,Normal,-0.4483
OVN-EV-002,2026-03-25 08:39:54.962071,11.56,397.02,30.31,41.46,67.08,Charging,Normal,-0.4589
OVN-EV-003,2026-03-25 08:39:55.308168,11.2,400.87,28.14,30.55,39.07,Charging,Normal,-0.5176
OVN-EV-001,2026-03-25 08:39:55.686151,21.18,390.46,32.59,35.36,25.42,Charging,Normal,-0.4746
OVN-EV-002,2026-03-25 08:39:57.952736,17.97,399.72,35.36,41.38,49.35,Charging,Normal,-0.4644
OVN-EV-003,2026-03-25 08:39:58.317774,20.94,471.9,96.1,74.57,92.8,ANOMALY,ANOMALY,-0.6566
OVN-EV-001,2026-03-25 08:39:58.694961,19.0,399.22,29.75,42.32,55.86,Charging,Normal,-0.4419
OVN-EV-002,2026-03-25 08:40:00.962963,15.37,415.89,33.03,43.96,73.89,Charging,Normal,-0.4607
OVN-EV-003,2026-03-25 08:40:01.322004,19.36,382.17,32.01,39.85,55.01,Charging,Normal,-0.4692
OVN-EV-001,2026-03-25 08:40:01.717170,10.73,409.93,30.53,38.76,27.95,Charging,Normal,-0.4936
OVN-EV-002,2026-03-25 08:40:03.976652,21.26,401.52,30.13,35.65,84.96,Charging,Normal,-0.4467
OVN-EV-003,2026-03-25 08:40:04.332128,22.97,410.35,32.89,43.59,30.78,Charging,Normal,-0.4918
OVN-EV-001,2026-03-25 08:40:04.740268,12.26,395.45,35.2,36.34,71.75,Charging,Normal,-0.4656
OVN-EV-002,2026-03-25 08:40:06.979775,23.28,385.96,28.64,30.32,50.71,Charging,Normal,-0.5245
OVN-EV-003,2026-03-25 08:40:07.357900,12.73,409.75,33.02,44.25,29.05,Charging,Normal,-0.4861
OVN-EV-001,2026-03-25 08:40:07.734450,16.13,394.16,33.7,35.52,79.01,Charging,Normal,-0.4379
OVN-EV-002,2026-03-25 08:40:10.000808,22.62,415.36,35.66,43.28,28.73,Charging,Normal,-0.5286
OVN-EV-003,2026-03-25 08:40:10.370780,18.2,387.5,32.61,38.45,92.83,Charging,Normal,-0.4886
OVN-EV-001,2026-03-25 08:40:10.750141,12.08,414.98,34.81,39.48,71.25,Charging,Normal,-0.4645
OVN-EV-002,2026-03-25 08:40:13.072873,14.42,383.4,30.59,44.47,75.17,Charging,Normal,-0.4909
OVN-EV-003,2026-03-25 08:40:13.438537,13.07,398.38,30.86,37.98,81.94,Charging,Normal,-0.4563
OVN-EV-001,2026-03-25 08:40:13.782070,21.88,410.11,31.11,40.29,32.35,Charging,Normal,-0.4498
OVN-EV-002,2026-03-25 08:40:16.177994,10.14,454.28,95.8,86.8,81.0,ANOMALY,ANOMALY,-0.6753
OVN-EV-003,2026-03-25 08:40:16.483951,13.39,410.57,32.71,44.17,21.29,Charging,Normal,-0.4982
OVN-EV-001,2026-03-25 08:40:16.787523,18.73,409.2,35.72,43.99,24.71,Charging,Normal,-0.5245
OVN-EV-002,2026-03-25 08:40:19.189702,14.72,381.01,31.72,43.61,33.05,Charging,Normal,-0.4853
OVN-EV-003,2026-03-25 08:40:19.495938,21.85,407.93,31.16,34.15,58.43,Charging,Normal,-0.4314
OVN-EV-001,2026-03-25 08:40:19.779970,14.13,418.55,35.48,43.23,23.83,Charging,Normal,-0.5283
OVN-EV-002,2026-03-25 08:40:22.193115,12.74,394.7,31.24,34.06,44.67,Charging,Normal,-0.4397
OVN-EV-003,2026-03-25 08:40:22.519900,15.05,403.61,35.5,30.33,30.32,Charging,Normal,-0.5044
OVN-EV-001,2026-03-25 08:40:22.792463,18.05,409.85,35.85,38.55,41.58,Charging,Normal,-0.4678
OVN-EV-002,2026-03-25 08:40:25.192707,21.01,393.51,28.46,38.09,29.96,Charging,Normal,-0.4635
OVN-EV-003,2026-03-25 08:40:25.530675,16.56,393.59,34.52,42.13,78.49,Charging,Normal,-0.4624
OVN-EV-001,2026-03-25 08:40:25.804067,23.16,417.85,35.76,38.35,33.48,Charging,Normal,-0.5168
OVN-EV-002,2026-03-25 08:40:28.194207,23.91,382.09,32.84,36.04,51.07,Charging,Normal,-0.4882
OVN-EV-003,2026-03-25 08:40:28.541156,24.47,398.15,33.62,40.94,85.33,Charging,Normal,-0.4806
OVN-EV-001,2026-03-25 08:40:28.807318,16.67,384.18,30.94,41.09,84.08,Charging,Normal,-0.4835
OVN-EV-002,2026-03-25 08:40:31.185915,15.62,409.45,30.38,32.02,30.13,Charging,Normal,-0.4851
OVN-EV-003,2026-03-25 08:40:31.547996,20.01,394.76,35.66,43.26,53.62,Charging,Normal,-0.4916
OVN-EV-001,2026-03-25 08:40:31.818816,13.91,395.37,31.6,33.58,22.36,Charging,Normal,-0.4663
OVN-EV-002,2026-03-25 08:40:34.208890,21.55,416.55,32.21,36.01,88.81,Charging,Normal,-0.476
OVN-EV-003,2026-03-25 08:40:34.558048,17.25,385.8,31.59,40.34,84.46,Charging,Normal,-0.4723
OVN-EV-001,2026-03-25 08:40:34.821915,20.72,391.51,35.29,31.3,33.91,Charging,Normal,-0.4918
OVN-EV-002,2026-03-25 08:40:37.223954,12.66,406.85,28.82,37.15,80.84,Charging,Normal,-0.473
OVN-EV-003,2026-03-25 08:40:37.571999,16.13,405.77,32.69,40.11,26.87,Charging,Normal,-0.4586
OVN-EV-001,2026-03-25 08:40:37.827129,24.49,395.08,32.88,33.82,46.4,Charging,Normal,-0.4738
OVN-EV-002,2026-03-25 08:40:40.220142,17.11,398.12,32.9,44.75,87.78,Charging,Normal,-0.494
OVN-EV-003,2026-03-25 08:40:40.576727,22.68,389.3,29.6,40.04,90.66,Charging,Normal,-0.4862
OVN-EV-001,2026-03-25 08:40:40.831786,24.47,417.6,31.49,43.44,58.68,Charging,Normal,-0.5255
OVN-EV-002,2026-03-25 08:40:43.221358,21.06,391.9,31.16,30.72,69.38,Charging,Normal,-0.4693
OVN-EV-003,2026-03-25 08:40:43.579262,11.38,393.45,28.03,34.61,87.45,Charging,Normal,-0.5185
OVN-EV-001,2026-03-25 08:40:43.844234,16.25,405.78,31.11,30.18,27.07,Charging,Normal,-0.4859
OVN-EV-002,2026-03-25 08:40:46.230230,18.54,395.18,35.37,35.22,66.77,Charging,Normal,-0.4567
OVN-EV-003,2026-03-25 08:40:46.589022,10.93,392.43,32.54,38.15,58.88,Charging,Normal,-0.462
OVN-EV-001,2026-03-25 08:40:46.849005,10.57,407.65,35.67,39.83,29.0,Charging,Normal,-0.5005
OVN-EV-002,2026-03-25 08:40:49.254191,11.07,414.76,35.72,31.31,72.38,Charging,Normal,-0.5282
OVN-EV-003,2026-03-25 08:40:49.610657,12.49,386.8,28.73,37.87,87.5,Charging,Normal,-0.5042
OVN-EV-001,2026-03-25 08:40:49.853723,17.99,390.46,32.05,39.06,27.0,Charging,Normal,-0.4417
OVN-EV-002,2026-03-25 08:40:52.251344,23.96,416.61,31.15,42.01,25.79,Charging,Normal,-0.5183
OVN-EV-003,2026-03-25 08:40:52.612840,18.93,403.39,34.57,33.96,76.29,Charging,Normal,-0.4585
OVN-EV-001,2026-03-25 08:40:52.869712,13.05,401.19,29.71,33.31,51.09,Charging,Normal,-0.4509
OVN-EV-002,2026-03-25 08:40:55.245897,11.69,386.9,29.42,36.3,41.45,Charging,Normal,-0.4925
OVN-EV-003,2026-03-25 08:40:55.620001,21.87,402.68,28.51,42.56,31.8,Charging,Normal,-0.4823
OVN-EV-001,2026-03-25 08:40:55.881154,22.39,397.01,28.83,33.13,31.87,Charging,Normal,-0.4902
OVN-EV-002,2026-03-25 08:40:58.271453,10.75,394.7,35.95,44.43,63.97,Charging,Normal,-0.5268
OVN-EV-003,2026-03-25 08:40:58.643366,13.02,396.59,29.91,36.28,79.42,Charging,Normal,-0.4355
OVN-EV-001,2026-03-25 08:40:58.885013,17.5,383.78,31.98,35.57,77.82,Charging,Normal,-0.4502
OVN-EV-002,2026-03-25 08:41:01.269106,13.7,402.69,34.12,42.21,84.72,Charging,Normal,-0.4579
OVN-EV-003,2026-03-25 08:41:01.655086,16.45,401.77,30.08,38.01,71.9,Charging,Normal,-0.4191
OVN-EV-001,2026-03-25 08:41:01.901268,11.86,418.6,31.67,42.95,52.08,Charging,Normal,-0.5088
OVN-EV-002,2026-03-25 08:41:04.263456,24.31,382.7,31.08,31.51,74.38,Charging,Normal,-0.5204
OVN-EV-003,2026-03-25 08:41:04.654664,22.24,389.55,28.21,31.89,63.49,Charging,Normal,-0.4931
OVN-EV-001,2026-03-25 08:41:04.920347,14.93,395.83,32.35,36.59,69.86,Charging,Normal,-0.4191
OVN-EV-002,2026-03-25 08:41:07.271069,17.02,405.62,28.17,36.15,35.08,Charging,Normal,-0.4635
OVN-EV-003,2026-03-25 08:41:07.666318,10.69,401.15,31.95,32.29,90.69,Charging,Normal,-0.5305
OVN-EV-001,2026-03-25 08:41:07.927325,21.23,388.16,35.21,38.12,86.83,Charging,Normal,-0.4832
OVN-EV-002,2026-03-25 08:41:10.277415,20.99,391.69,29.81,44.77,85.63,Charging,Normal,-0.482
OVN-EV-003,2026-03-25 08:41:10.671411,13.61,381.44,31.45,31.58,51.94,Charging,Normal,-0.4845
OVN-EV-001,2026-03-25 08:41:10.929090,23.31,385.73,35.55,38.8,72.39,Charging,Normal,-0.5102
OVN-EV-002,2026-03-25 08:41:13.291829,17.63,396.58,35.74,34.19,43.11,Charging,Normal,-0.4725
OVN-EV-003,2026-03-25 08:41:13.667478,23.78,386.74,34.08,31.5,22.94,Charging,Normal,-0.5267
OVN-EV-001,2026-03-25 08:41:13.926347,16.64,388.81,33.34,43.14,67.8,Charging,Normal,-0.4448
OVN-EV-002,2026-03-25 08:41:16.296745,22.96,418.47,33.42,40.3,65.83,Charging,Normal,-0.4672
OVN-EV-003,2026-03-25 08:41:16.697929,23.29,406.39,33.37,35.12,45.61,Charging,Normal,-0.457
OVN-EV-001,2026-03-25 08:41:16.936184,12.52,419.65,31.38,35.17,43.93,Charging,Normal,-0.504
OVN-EV-002,2026-03-25 08:41:19.304027,24.79,484.51,98.0,87.19,67.58,ANOMALY,ANOMALY,-0.7087
OVN-EV-003,2026-03-25 08:41:19.737912,23.6,405.75,30.91,38.56,89.73,Charging,Normal,-0.4925
OVN-EV-001,2026-03-25 08:41:19.944972,18.16,404.54,28.76,32.59,34.78,Charging,Normal,-0.4814
OVN-EV-002,2026-03-25 08:41:22.312672,15.35,409.86,31.23,44.08,51.18,Charging,Normal,-0.4494
OVN-EV-003,2026-03-25 08:41:22.757036,12.45,408.08,34.29,38.88,31.76,Charging,Normal,-0.4589
OVN-EV-001,2026-03-25 08:41:22.947032,14.04,411.56,34.32,44.24,64.64,Charging,Normal,-0.4621
OVN-EV-002,2026-03-25 08:41:25.317581,20.67,394.37,29.26,35.52,92.31,Charging,Normal,-0.4754
OVN-EV-003,2026-03-25 08:41:25.755966,12.01,396.42,31.7,41.54,83.67,Charging,Normal,-0.4532
OVN-EV-001,2026-03-25 08:41:25.947964,11.16,381.45,31.39,35.69,51.7,Charging,Normal,-0.4941
OVN-EV-002,2026-03-25 08:41:28.312568,18.75,392.13,31.39,32.73,78.44,Charging,Normal,-0.464
OVN-EV-003,2026-03-25 08:41:28.753426,11.46,384.3,35.18,33.71,25.93,Charging,Normal,-0.5218
OVN-EV-001,2026-03-25 08:41:28.963229,20.45,392.0,34.28,38.18,72.08,Charging,Normal,-0.4427
OVN-EV-002,2026-03-25 08:41:31.314127,15.62,393.16,31.6,44.21,40.25,Charging,Normal,-0.4457
OVN-EV-003,2026-03-25 08:41:31.757810,12.11,419.54,33.9,44.57,38.86,Charging,Normal,-0.5005
OVN-EV-001,2026-03-25 08:41:31.977672,15.34,398.64,34.77,34.73,60.27,Charging,Normal,-0.4463
OVN-EV-002,2026-03-25 08:41:34.330631,23.97,409.22,33.04,42.81,46.17,Charging,Normal,-0.4776
OVN-EV-003,2026-03-25 08:41:34.771823,21.59,390.08,32.47,31.93,50.8,Charging,Normal,-0.4679
OVN-EV-001,2026-03-25 08:41:34.978195,12.84,384.07,35.62,43.28,85.25,Charging,Normal,-0.5148
OVN-EV-002,2026-03-25 08:41:37.337502,10.37,401.04,31.23,37.87,23.75,Charging,Normal,-0.4846
OVN-EV-003,2026-03-25 08:41:37.789062,21.48,415.8,33.54,34.74,59.55,Charging,Normal,-0.4567
OVN-EV-001,2026-03-25 08:41:37.980377,20.59,416.41,33.13,43.29,73.28,Charging,Normal,-0.4578
OVN-EV-002,2026-03-25 08:41:40.325932,14.26,418.64,34.35,30.17,56.29,Charging,Normal,-0.5022
OVN-EV-003,2026-03-25 08:41:40.795561,11.58,411.67,28.95,36.86,73.04,Charging,Normal,-0.4714
OVN-EV-001,2026-03-25 08:41:40.995617,19.39,393.33,28.78,40.99,81.47,Charging,Normal,-0.4468
OVN-EV-002,2026-03-25 08:41:43.344449,11.47,388.79,35.15,37.56,39.07,Charging,Normal,-0.4797
OVN-EV-003,2026-03-25 08:41:43.800813,14.45,399.05,33.06,39.55,71.49,Charging,Normal,-0.429
OVN-EV-001,2026-03-25 08:41:44.004957,18.37,411.25,31.97,38.49,47.99,Charging,Normal,-0.4306
OVN-EV-002,2026-03-25 08:41:46.354804,16.52,412.94,32.96,43.9,78.54,Charging,Normal,-0.4526
OVN-EV-003,2026-03-25 08:41:46.800424,11.93,406.54,28.37,43.79,24.55,Charging,Normal,-0.5094
OVN-EV-001,2026-03-25 08:41:47.022658,10.11,492.28,92.56,77.99,66.51,ANOMALY,ANOMALY,-0.6966
OVN-EV-002,2026-03-25 08:41:49.371092,19.52,404.38,33.29,35.45,60.48,Charging,Normal,-0.4269
OVN-EV-003,2026-03-25 08:41:49.818284,11.36,406.1,31.07,33.71,42.81,Charging,Normal,-0.4754
OVN-EV-001,2026-03-25 08:41:50.052312,11.24,453.67,86.45,81.56,90.46,ANOMALY,ANOMALY,-0.6869
OVN-EV-002,2026-03-25 08:41:52.402688,19.81,461.77,80.47,76.48,51.09,ANOMALY,ANOMALY,-0.6781
OVN-EV-003,2026-03-25 08:41:52.836869,21.93,417.84,34.9,44.96,85.66,Charging,Normal,-0.52
OVN-EV-001,2026-03-25 08:41:53.087784,20.83,395.86,28.33,41.49,22.59,Charging,Normal,-0.4951
OVN-EV-002,2026-03-25 08:41:55.429336,13.71,398.15,32.43,43.67,73.64,Charging,Normal,-0.4358
OVN-EV-003,2026-03-25 08:41:55.846231,11.11,382.83,28.19,40.46,74.94,Charging,Normal,-0.4929
OVN-EV-001,2026-03-25 08:41:56.096879,24.28,401.06,29.54,41.97,71.61,Charging,Normal,-0.4871
OVN-EV-002,2026-03-25 08:41:58.434191,17.64,409.48,35.28,37.56,77.25,Charging,Normal,-0.4603
OVN-EV-003,2026-03-25 08:41:58.849867,23.02,380.72,33.58,36.69,74.77,Charging,Normal,-0.478
OVN-EV-001,2026-03-25 08:41:59.114031,18.85,383.56,31.09,34.93,94.92,Charging,Normal,-0.5018
OVN-EV-002,2026-03-25 08:42:01.443105,19.12,494.41,86.38,78.93,64.88,ANOMALY,ANOMALY,-0.6732
OVN-EV-003,2026-03-25 08:42:01.845310,24.42,418.13,28.2,30.85,65.2,Charging,Normal,-0.5659
OVN-EV-001,2026-03-25 08:42:02.115735,14.52,386.18,31.05,39.57,81.45,Charging,Normal,-0.4453
OVN-EV-002,2026-03-25 08:42:04.450736,13.67,383.0,31.14,44.96,82.49,Charging,Normal,-0.4819
OVN-EV-003,2026-03-25 08:42:04.854450,23.0,387.59,31.35,43.04,54.1,Charging,Normal,-0.4732
OVN-EV-001,2026-03-25 08:42:05.114082,10.82,413.96,31.33,36.47,58.72,Charging,Normal,-0.4729
OVN-EV-002,2026-03-25 08:42:07.462320,22.7,418.92,33.89,37.66,88.92,Charging,Normal,-0.4951
OVN-EV-003,2026-03-25 08:42:07.875527,22.84,384.86,30.24,30.8,20.98,Charging,Normal,-0.5421
OVN-EV-001,2026-03-25 08:42:08.110852,20.88,411.52,30.97,37.78,70.21,Charging,Normal,-0.4348
OVN-EV-002,2026-03-25 08:42:10.456610,16.75,393.19,31.8,31.66,73.89,Charging,Normal,-0.4465
OVN-EV-003,2026-03-25 08:42:10.880012,11.65,383.6,35.24,41.79,48.15,Charging,Normal,-0.4998
OVN-EV-001,2026-03-25 08:42:11.119397,21.27,392.91,32.48,31.77,62.81,Charging,Normal,-0.4462
OVN-EV-002,2026-03-25 08:42:13.456054,12.24,397.33,31.05,30.18,47.56,Charging,Normal,-0.4867
OVN-EV-003,2026-03-25 08:42:13.885058,14.69,387.63,34.61,31.19,39.31,Charging,Normal,-0.4889
OVN-EV-001,2026-03-25 08:42:14.130589,24.28,382.56,29.95,30.75,41.02,Charging,Normal,-0.5273
OVN-EV-002,2026-03-25 08:42:16.470210,12.35,419.77,28.85,39.83,49.03,Charging,Normal,-0.51
OVN-EV-003,2026-03-25 08:42:16.899193,13.6,419.66,35.52,39.3,45.98,Charging,Normal,-0.492
OVN-EV-001,2026-03-25 08:42:17.144350,14.45,394.08,28.24,35.6,68.12,Charging,Normal,-0.4599
OVN-EV-002,2026-03-25 08:42:19.477508,23.47,411.82,32.96,43.15,30.42,Charging,Normal,-0.4773
OVN-EV-003,2026-03-25 08:42:19.911677,15.25,389.61,30.59,38.55,39.75,Charging,Normal,-0.443
OVN-EV-001,2026-03-25 08:42:20.155872,18.92,403.15,35.6,38.37,80.71,Charging,Normal,-0.4791
OVN-EV-002,2026-03-25 08:42:22.472379,10.41,413.44,30.06,42.58,48.25,Charging,Normal,-0.4969
OVN-EV-003,2026-03-25 08:42:22.911549,22.31,396.51,29.36,44.23,55.22,Charging,Normal,-0.4684
OVN-EV-001,2026-03-25 08:42:23.165373,14.76,385.66,34.31,39.54,88.63,Charging,Normal,-0.4789
OVN-EV-002,2026-03-25 08:42:25.482343,23.94,415.43,32.89,34.0,42.07,Charging,Normal,-0.4839
OVN-EV-003,2026-03-25 08:42:25.917910,18.46,410.22,33.33,37.68,41.67,Charging,Normal,-0.4434
OVN-EV-001,2026-03-25 08:42:26.183548,23.19,412.78,28.28,31.56,57.81,Charging,Normal,-0.5151
OVN-EV-002,2026-03-25 08:42:28.486979,20.9,405.97,28.69,32.53,54.05,Charging,Normal,-0.4785
OVN-EV-003,2026-03-25 08:42:28.926374,20.93,414.38,35.89,32.23,63.38,Charging,Normal,-0.4991
OVN-EV-001,2026-03-25 08:42:29.200337,22.54,382.83,34.02,41.09,38.76,Charging,Normal,-0.4813
OVN-EV-002,2026-03-25 08:42:31.494012,15.79,406.38,33.54,44.68,93.68,Charging,Normal,-0.4836
OVN-EV-003,2026-03-25 08:42:31.922666,14.38,394.83,33.85,34.11,36.33,Charging,Normal,-0.4468
OVN-EV-001,2026-03-25 08:42:32.217718,20.38,413.22,35.82,34.28,22.95,Charging,Normal,-0.5273
OVN-EV-002,2026-03-25 08:42:34.509631,18.78,405.18,35.32,33.22,32.27,Charging,Normal,-0.4969
OVN-EV-003,2026-03-25 08:42:34.924602,15.6,383.73,34.68,31.38,79.8,Charging,Normal,-0.4932
OVN-EV-001,2026-03-25 08:42:35.232155,24.34,417.95,30.19,33.47,23.29,Charging,Normal,-0.5497
OVN-EV-002,2026-03-25 08:42:37.513906,11.47,384.16,33.18,40.47,40.71,Charging,Normal,-0.475
OVN-EV-003,2026-03-25 08:42:37.959461,19.15,413.47,34.27,41.5,33.94,Charging,Normal,-0.4756
OVN-EV-001,2026-03-25 08:42:38.249029,14.63,395.89,29.85,43.06,38.17,Charging,Normal,-0.4413
OVN-EV-002,2026-03-25 08:42:40.528697,14.05,390.14,32.36,32.12,57.4,Charging,Normal,-0.4625
OVN-EV-003,2026-03-25 08:42:40.956156,16.08,398.69,32.4,38.78,74.68,Charging,Normal,-0.427
OVN-EV-001,2026-03-25 08:42:41.263044,18.89,419.1,29.88,42.87,88.36,Charging,Normal,-0.5127
OVN-EV-002,2026-03-25 08:42:43.542494,11.26,402.89,34.24,31.18,47.41,Charging,Normal,-0.5062
OVN-EV-003,2026-03-25 08:42:43.964820,18.75,404.69,34.01,40.79,64.53,Charging,Normal,-0.4364
OVN-EV-001,2026-03-25 08:42:44.262158,13.02,387.0,34.32,33.01,33.32,Charging,Normal,-0.4721
OVN-EV-002,2026-03-25 08:42:46.547742,17.74,389.0,33.74,31.83,47.37,Charging,Normal,-0.4732
OVN-EV-003,2026-03-25 08:42:46.995843,24.75,409.6,34.64,35.32,56.61,Charging,Normal,-0.4977
OVN-EV-001,2026-03-25 08:42:47.278891,15.15,418.94,32.5,30.82,85.41,Charging,Normal,-0.5226
OVN-EV-002,2026-03-25 08:42:49.546859,15.08,380.01,29.5,36.44,32.98,Charging,Normal,-0.5011
OVN-EV-003,2026-03-25 08:42:50.004684,17.14,386.63,30.65,42.33,29.4,Charging,Normal,-0.4789
OVN-EV-001,2026-03-25 08:42:50.297632,11.99,412.93,34.74,34.94,37.28,Charging,Normal,-0.4754
OVN-EV-002,2026-03-25 08:42:52.552713,14.69,416.1,31.68,30.24,40.48,Charging,Normal,-0.4998
OVN-EV-003,2026-03-25 08:42:53.006803,18.46,396.07,28.56,39.97,91.07,Charging,Normal,-0.4759
OVN-EV-001,2026-03-25 08:42:53.313763,18.92,401.72,34.0,43.69,54.0,Charging,Normal,-0.4548
OVN-EV-002,2026-03-25 08:42:55.562791,24.37,390.97,29.59,44.08,92.07,Charging,Normal,-0.5377
OVN-EV-003,2026-03-25 08:42:56.012466,10.85,407.9,32.63,35.85,64.28,Charging,Normal,-0.4537
OVN-EV-001,2026-03-25 08:42:56.314209,13.61,395.17,28.76,39.59,64.61,Charging,Normal,-0.4421
OVN-EV-002,2026-03-25 08:42:58.579476,11.37,400.66,34.92,33.12,85.24,Charging,Normal,-0.5023
OVN-EV-003,2026-03-25 08:42:59.025355,23.93,386.19,33.82,43.15,67.3,Charging,Normal,-0.4942
OVN-EV-001,2026-03-25 08:42:59.317516,22.99,396.54,31.2,37.73,23.2,Charging,Normal,-0.4931
OVN-EV-002,2026-03-25 08:43:01.593733,16.8,388.15,32.7,37.79,21.46,Charging,Normal,-0.4775
OVN-EV-003,2026-03-25 08:43:02.046037,17.42,415.05,35.07,34.84,94.86,Charging,Normal,-0.5411
OVN-EV-001,2026-03-25 08:43:02.324434,13.67,400.32,34.25,30.03,21.88,Charging,Normal,-0.5166
OVN-EV-002,2026-03-25 08:43:04.597807,19.92,404.08,35.18,37.73,74.83,Charging,Normal,-0.4616
OVN-EV-003,2026-03-25 08:43:05.053138,12.09,408.57,31.11,34.9,28.57,Charging,Normal,-0.4652
OVN-EV-001,2026-03-25 08:43:05.336299,10.23,389.51,34.03,43.02,22.53,Charging,Normal,-0.5312
OVN-EV-002,2026-03-25 08:43:07.608690,19.39,397.76,33.43,31.62,40.83,Charging,Normal,-0.4621
OVN-EV-003,2026-03-25 08:43:08.058519,19.09,389.79,31.26,35.78,57.79,Charging,Normal,-0.4347
OVN-EV-001,2026-03-25 08:43:08.332502,11.42,386.08,31.42,41.81,37.89,Charging,Normal,-0.4665
OVN-EV-002,2026-03-25 08:43:10.627676,22.96,408.5,33.37,32.43,82.33,Charging,Normal,-0.4865
OVN-EV-003,2026-03-25 08:43:11.073485,22.71,395.25,31.63,41.14,83.0,Charging,Normal,-0.4612
OVN-EV-001,2026-03-25 08:43:11.327279,10.36,383.12,28.21,41.22,23.87,Charging,Normal,-0.5535
OVN-EV-002,2026-03-25 08:43:13.631159,11.96,403.21,32.81,31.17,41.64,Charging,Normal,-0.4824
OVN-EV-003,2026-03-25 08:43:14.090194,15.61,410.19,33.43,42.77,31.58,Charging,Normal,-0.4548
OVN-EV-001,2026-03-25 08:43:14.325095,14.29,384.98,34.47,38.69,84.45,Charging,Normal,-0.4671
OVN-EV-002,2026-03-25 08:43:16.625679,23.88,383.19,33.03,41.05,79.14,Charging,Normal,-0.4917
OVN-EV-003,2026-03-25 08:43:17.105669,13.69,405.47,31.99,34.89,25.54,Charging,Normal,-0.4543
OVN-EV-001,2026-03-25 08:43:17.325419,21.26,416.06,30.69,35.49,54.38,Charging,Normal,-0.4708
OVN-EV-002,2026-03-25 08:43:19.635768,12.29,387.14,32.02,31.61,64.58,Charging,Normal,-0.4806
OVN-EV-003,2026-03-25 08:43:20.107288,19.11,407.17,30.42,38.79,61.13,Charging,Normal,-0.4377
OVN-EV-001,2026-03-25 08:43:20.331188,14.24,388.84,30.16,34.36,65.27,Charging,Normal,-0.4488
OVN-EV-002,2026-03-25 08:43:22.642427,22.07,418.67,35.62,42.61,41.06,Charging,Normal,-0.5123
OVN-EV-003,2026-03-25 08:43:23.114720,15.19,385.88,29.42,43.85,43.01,Charging,Normal,-0.4787
OVN-EV-001,2026-03-25 08:43:23.342195,21.73,413.5,28.97,31.99,94.84,Charging,Normal,-0.5541
OVN-EV-002,2026-03-25 08:43:25.656619,15.28,402.3,30.74,41.02,52.84,Charging,Normal,-0.4342
OVN-EV-003,2026-03-25 08:43:26.114030,19.22,413.44,33.67,39.45,42.55,Charging,Normal,-0.4536
OVN-EV-001,2026-03-25 08:43:26.360459,13.74,380.41,29.9,43.79,75.99,Charging,Normal,-0.4855
OVN-EV-002,2026-03-25 08:43:28.661424,18.28,407.15,33.32,34.47,87.18,Charging,Normal,-0.462
OVN-EV-003,2026-03-25 08:43:29.130764,17.73,404.5,31.66,36.16,70.39,Charging,Normal,-0.4294
OVN-EV-001,2026-03-25 08:43:29.377792,14.29,413.29,29.29,43.77,73.17,Charging,Normal,-0.4622
OVN-EV-002,2026-03-25 08:43:31.671788,18.33,408.79,35.1,33.47,60.41,Charging,Normal,-0.4759
OVN-EV-003,2026-03-25 08:43:32.128908,10.59,399.23,30.29,38.12,32.91,Charging,Normal,-0.476
OVN-EV-001,2026-03-25 08:43:32.384937,17.33,398.2,28.88,32.12,41.16,Charging,Normal,-0.4765
OVN-EV-002,2026-03-25 08:43:34.673181,21.24,404.8,34.05,39.98,79.47,Charging,Normal,-0.448
OVN-EV-003,2026-03-25 08:43:35.128073,13.84,405.17,31.35,30.41,72.37,Charging,Normal,-0.4716
OVN-EV-001,2026-03-25 08:43:35.398757,20.84,382.66,30.68,43.97,21.66,Charging,Normal,-0.5323
OVN-EV-002,2026-03-25 08:43:37.671957,16.15,386.96,33.32,39.79,54.02,Charging,Normal,-0.4458
OVN-EV-003,2026-03-25 08:43:38.138361,22.59,418.76,29.39,30.06,89.79,Charging,Normal,-0.5487
OVN-EV-001,2026-03-25 08:43:38.394565,19.59,382.31,31.25,41.5,45.28,Charging,Normal,-0.4664
OVN-EV-002,2026-03-25 08:43:40.686315,20.83,388.05,35.85,40.89,36.47,Charging,Normal,-0.502
OVN-EV-003,2026-03-25 08:43:41.146988,12.89,406.59,31.94,38.48,53.25,Charging,Normal,-0.446
OVN-EV-001,2026-03-25 08:43:41.408154,17.84,394.15,31.68,31.11,45.45,Charging,Normal,-0.4491
OVN-EV-002,2026-03-25 08:43:43.696071,18.1,408.0,35.18,42.21,37.8,Charging,Normal,-0.4719
OVN-EV-003,2026-03-25 08:43:44.145773,20.0,398.59,32.47,39.47,62.44,Charging,Normal,-0.4285
OVN-EV-001,2026-03-25 08:43:44.419172,20.69,411.45,30.82,32.29,42.92,Charging,Normal,-0.4744
OVN-EV-002,2026-03-25 08:43:46.705189,13.74,418.99,34.41,30.65,66.16,Charging,Normal,-0.5079
OVN-EV-003,2026-03-25 08:43:47.158146,14.81,396.69,33.69,40.34,41.6,Charging,Normal,-0.4361
OVN-EV-001,2026-03-25 08:43:47.429128,19.05,415.1,35.93,40.37,35.17,Charging,Normal,-0.4907
OVN-EV-002,2026-03-25 08:43:49.716824,22.94,410.74,33.28,40.76,30.97,Charging,Normal,-0.4634
OVN-EV-003,2026-03-25 08:43:50.163449,14.63,414.59,34.0,39.23,47.15,Charging,Normal,-0.4501
OVN-EV-001,2026-03-25 08:43:50.433208,20.17,401.58,34.26,44.03,62.8,Charging,Normal,-0.4606
OVN-EV-002,2026-03-25 08:43:52.729824,11.03,402.72,33.71,42.94,38.42,Charging,Normal,-0.4753
OVN-EV-003,2026-03-25 08:43:53.161073,22.08,400.1,28.03,34.91,71.37,Charging,Normal,-0.4715
OVN-EV-001,2026-03-25 08:43:53.452606,19.92,411.69,32.96,30.77,22.42,Charging,Normal,-0.5171
OVN-EV-002,2026-03-25 08:43:55.746632,17.06,410.42,35.49,39.16,85.93,Charging,Normal,-0.4795
OVN-EV-003,2026-03-25 08:43:56.165633,18.7,414.69,35.85,32.35,38.31,Charging,Normal,-0.5059
OVN-EV-001,2026-03-25 08:43:56.448849,10.89,399.94,30.9,37.82,42.01,Charging,Normal,-0.4609
OVN-EV-002,2026-03-25 08:43:58.748794,17.72,392.02,29.15,43.24,59.13,Charging,Normal,-0.453
OVN-EV-003,2026-03-25 08:43:59.180426,12.49,387.56,33.04,38.76,90.58,Charging,Normal,-0.4737
OVN-EV-001,2026-03-25 08:43:59.474209,12.54,460.35,87.8,71.96,45.36,ANOMALY,ANOMALY,-0.6908
OVN-EV-002,2026-03-25 08:44:01.759768,20.54,416.25,30.08,35.53,93.82,Charging,Normal,-0.5112
OVN-EV-003,2026-03-25 08:44:02.178961,14.33,395.51,29.06,42.57,69.64,Charging,Normal,-0.4396
OVN-EV-001,2026-03-25 08:44:02.480976,14.0,475.62,81.67,86.86,44.33,ANOMALY,ANOMALY,-0.6935
OVN-EV-002,2026-03-25 08:44:04.776440,10.02,395.02,29.33,35.34,20.83,Charging,Normal,-0.5287
OVN-EV-003,2026-03-25 08:44:05.179852,15.41,400.99,33.76,37.97,91.55,Charging,Normal,-0.4548
OVN-EV-001,2026-03-25 08:44:05.507064,16.43,401.5,30.77,31.86,28.69,Charging,Normal,-0.4709
OVN-EV-002,2026-03-25 08:44:07.790505,15.2,406.81,35.99,39.87,89.25,Charging,Normal,-0.4862
OVN-EV-003,2026-03-25 08:44:08.172338,19.43,387.3,34.43,31.73,80.08,Charging,Normal,-0.4914
OVN-EV-001,2026-03-25 08:44:08.513578,10.83,404.48,35.67,40.3,57.64,Charging,Normal,-0.4826
OVN-EV-002,2026-03-25 08:44:10.809820,20.83,408.65,33.59,36.7,65.95,Charging,Normal,-0.4352
OVN-EV-003,2026-03-25 08:44:11.178056,21.18,400.89,33.65,43.12,87.33,Charging,Normal,-0.454
OVN-EV-001,2026-03-25 08:44:11.528703,23.01,402.16,33.28,44.36,76.69,Charging,Normal,-0.4634
OVN-EV-002,2026-03-25 08:44:13.811689,11.94,380.68,29.08,44.09,85.89,Charging,Normal,-0.507
OVN-EV-003,2026-03-25 08:44:14.177149,14.12,414.24,30.38,37.0,70.96,Charging,Normal,-0.4471
OVN-EV-001,2026-03-25 08:44:14.544987,17.9,391.27,32.76,38.73,47.24,Charging,Normal,-0.433
OVN-EV-002,2026-03-25 08:44:16.821521,21.42,390.58,35.64,41.38,52.33,Charging,Normal,-0.4797
OVN-EV-003,2026-03-25 08:44:17.189901,21.19,380.82,35.03,44.53,74.5,Charging,Normal,-0.5279
OVN-EV-001,2026-03-25 08:44:17.556112,19.69,411.94,33.09,44.04,46.29,Charging,Normal,-0.4573
OVN-EV-002,2026-03-25 08:44:19.837573,24.48,392.94,28.67,44.87,94.43,Charging,Normal,-0.5577
OVN-EV-003,2026-03-25 08:44:20.205244,13.22,409.44,35.16,40.25,92.35,Charging,Normal,-0.5095
OVN-EV-001,2026-03-25 08:44:20.558341,19.09,395.87,31.82,44.83,80.5,Charging,Normal,-0.4681
OVN-EV-002,2026-03-25 08:44:22.846711,20.9,396.65,29.95,30.21,76.71,Charging,Normal,-0.4876
OVN-EV-003,2026-03-25 08:44:23.219278,22.53,454.92,99.06,74.26,77.57,ANOMALY,ANOMALY,-0.6837
OVN-EV-001,2026-03-25 08:44:23.570234,12.37,412.24,34.06,35.5,39.76,Charging,Normal,-0.4657
OVN-EV-002,2026-03-25 08:44:25.849418,11.4,414.97,31.36,44.92,77.38,Charging,Normal,-0.5118
OVN-EV-003,2026-03-25 08:44:26.237784,19.73,467.97,99.67,78.27,53.77,ANOMALY,ANOMALY,-0.6842
OVN-EV-001,2026-03-25 08:44:26.576407,18.26,394.21,34.83,36.2,33.63,Charging,Normal,-0.4655
OVN-EV-002,2026-03-25 08:44:28.850008,17.81,498.02,96.53,85.42,67.41,ANOMALY,ANOMALY,-0.694
OVN-EV-003,2026-03-25 08:44:29.247703,10.86,391.6,33.57,35.89,41.95,Charging,Normal,-0.4712
OVN-EV-001,2026-03-25 08:44:29.582216,19.65,395.72,32.07,36.57,71.75,Charging,Normal,-0.4291
OVN-EV-002,2026-03-25 08:44:31.852688,17.46,414.08,32.87,42.13,93.02,Charging,Normal,-0.4701
OVN-EV-003,2026-03-25 08:44:32.269794,22.45,387.92,32.24,39.79,48.37,Charging,Normal,-0.4498
OVN-EV-001,2026-03-25 08:44:32.594178,18.9,394.59,33.06,33.96,94.35,Charging,Normal,-0.4878
OVN-EV-002,2026-03-25 08:44:34.856845,17.81,383.79,30.17,44.45,33.79,Charging,Normal,-0.4833
OVN-EV-003,2026-03-25 08:44:35.266788,21.52,413.67,30.29,32.48,20.37,Charging,Normal,-0.5121
OVN-EV-001,2026-03-25 08:44:35.599639,14.77,417.18,28.71,34.91,50.81,Charging,Normal,-0.4923
OVN-EV-002,2026-03-25 08:44:37.869925,15.77,412.48,29.79,37.41,52.49,Charging,Normal,-0.4491
OVN-EV-003,2026-03-25 08:44:38.261259,12.4,384.22,33.83,35.89,48.3,Charging,Normal,-0.4721
OVN-EV-001,2026-03-25 08:44:38.590983,18.62,390.19,30.97,36.99,75.08,Charging,Normal,-0.4235
OVN-EV-002,2026-03-25 08:44:40.880676,14.74,416.92,32.58,31.5,60.42,Charging,Normal,-0.4692
OVN-EV-003,2026-03-25 08:44:41.272395,14.62,467.15,98.62,81.53,48.0,ANOMALY,ANOMALY,-0.682
OVN-EV-001,2026-03-25 08:44:41.609131,22.06,409.74,33.32,38.78,63.16,Charging,Normal,-0.4294
OVN-EV-002,2026-03-25 08:44:43.872061,10.89,400.14,35.06,38.06,83.15,Charging,Normal,-0.4917
OVN-EV-003,2026-03-25 08:44:44.270138,13.65,383.71,31.26,32.33,58.05,Charging,Normal,-0.4591
OVN-EV-001,2026-03-25 08:44:44.616584,11.19,392.18,34.62,30.83,62.28,Charging,Normal,-0.4938
OVN-EV-002,2026-03-25 08:44:46.895127,23.71,412.44,35.04,34.58,62.25,Charging,Normal,-0.4859
OVN-EV-003,2026-03-25 08:44:47.282142,12.62,381.1,32.61,33.86,62.67,Charging,Normal,-0.4743
OVN-EV-001,2026-03-25 08:44:47.615178,19.56,388.56,30.04,40.97,62.69,Charging,Normal,-0.4513
OVN-EV-002,2026-03-25 08:44:49.903805,16.33,404.65,28.75,31.47,36.99,Charging,Normal,-0.4851
OVN-EV-003,2026-03-25 08:44:50.284745,22.73,402.06,29.97,39.95,40.15,Charging,Normal,-0.4548
OVN-EV-001,2026-03-25 08:44:50.617783,10.98,394.28,34.5,37.33,78.85,Charging,Normal,-0.4765
OVN-EV-002,2026-03-25 08:44:52.920529,21.32,418.8,30.79,43.64,20.67,Charging,Normal,-0.5282
OVN-EV-003,2026-03-25 08:44:53.281065,17.6,398.23,29.9,34.8,64.66,Charging,Normal,-0.4445
OVN-EV-001,2026-03-25 08:44:53.617186,21.28,397.85,31.37,44.26,44.6,Charging,Normal,-0.4652
OVN-EV-002,2026-03-25 08:44:55.971331,15.51,411.12,28.1,40.14,93.06,Charging,Normal,-0.5013
OVN-EV-003,2026-03-25 08:44:56.285560,12.49,413.0,30.39,42.21,34.79,Charging,Normal,-0.4703
OVN-EV-001,2026-03-25 08:44:56.634285,11.45,401.16,32.11,31.11,44.43,Charging,Normal,-0.4772
OVN-EV-002,2026-03-25 08:44:58.980413,19.07,381.75,28.39,40.21,78.67,Charging,Normal,-0.4988
OVN-EV-003,2026-03-25 08:44:59.293200,22.3,419.75,30.3,30.0,53.55,Charging,Normal,-0.5147
OVN-EV-001,2026-03-25 08:44:59.631425,15.84,404.87,34.71,36.35,27.7,Charging,Normal,-0.4741
OVN-EV-002,2026-03-25 08:45:01.999850,19.26,396.73,30.61,35.59,68.07,Charging,Normal,-0.4396
OVN-EV-003,2026-03-25 08:45:02.300924,16.2,380.59,33.75,40.51,55.48,Charging,Normal,-0.4916
OVN-EV-001,2026-03-25 08:45:02.641370,12.01,386.83,29.79,37.25,66.54,Charging,Normal,-0.4702
OVN-EV-002,2026-03-25 08:45:05.016836,21.92,393.52,28.26,39.78,79.63,Charging,Normal,-0.4722
OVN-EV-003,2026-03-25 08:45:05.311479,21.7,380.95,35.59,38.93,80.51,Charging,Normal,-0.5102
OVN-EV-001,2026-03-25 08:45:05.642133,16.54,393.35,29.66,34.89,31.62,Charging,Normal,-0.4571
OVN-EV-002,2026-03-25 08:45:08.025287,23.26,410.29,31.99,32.09,46.0,Charging,Normal,-0.4754
OVN-EV-003,2026-03-25 08:45:08.315332,19.78,384.81,35.06,43.14,48.16,Charging,Normal,-0.4969
OVN-EV-001,2026-03-25 08:45:08.649504,24.91,390.57,28.12,44.6,56.53,Charging,Normal,-0.5289
OVN-EV-002,2026-03-25 08:45:11.032176,22.3,397.44,30.13,44.07,29.46,Charging,Normal,-0.4822
OVN-EV-003,2026-03-25 08:45:11.318166,19.63,405.26,35.02,41.87,45.08,Charging,Normal,-0.4585
OVN-EV-001,2026-03-25 08:45:11.666847,21.8,386.9,33.48,34.64,32.97,Charging,Normal,-0.4939
OVN-EV-002,2026-03-25 08:45:14.027507,13.99,380.28,28.26,33.27,57.79,Charging,Normal,-0.5066
OVN-EV-003,2026-03-25 08:45:14.316412,24.9,406.02,32.37,34.16,50.41,Charging,Normal,-0.4962
OVN-EV-001,2026-03-25 08:45:14.683684,21.57,400.1,30.87,30.64,83.85,Charging,Normal,-0.4763
OVN-EV-002,2026-03-25 08:45:17.041171,11.58,489.66,89.64,79.14,38.11,ANOMALY,ANOMALY,-0.7019
OVN-EV-003,2026-03-25 08:45:17.317846,19.94,381.38,35.02,43.03,75.65,Charging,Normal,-0.5081
OVN-EV-001,2026-03-25 08:45:17.694576,10.24,411.42,28.93,43.01,78.58,Charging,Normal,-0.5183
OVN-EV-002,2026-03-25 08:45:20.059867,18.43,383.21,31.36,30.7,40.03,Charging,Normal,-0.4878
OVN-EV-003,2026-03-25 08:45:20.317123,11.21,403.17,32.33,40.14,50.71,Charging,Normal,-0.4544
OVN-EV-001,2026-03-25 08:45:20.729173,23.01,386.94,29.7,38.93,66.07,Charging,Normal,-0.4674
OVN-EV-002,2026-03-25 08:45:23.067369,14.16,387.69,33.14,30.79,24.62,Charging,Normal,-0.4935
OVN-EV-003,2026-03-25 08:45:23.332821,13.14,398.44,35.46,43.09,73.17,Charging,Normal,-0.4731
OVN-EV-001,2026-03-25 08:45:23.753099,18.3,397.07,35.16,38.93,77.59,Charging,Normal,-0.4486
OVN-EV-002,2026-03-25 08:45:26.079351,19.93,383.4,34.62,43.49,31.49,Charging,Normal,-0.514
OVN-EV-003,2026-03-25 08:45:26.336452,15.81,393.62,30.74,32.8,77.07,Charging,Normal,-0.4474
OVN-EV-001,2026-03-25 08:45:26.759567,22.41,392.92,34.69,41.18,64.94,Charging,Normal,-0.4616
OVN-EV-002,2026-03-25 08:45:29.094741,11.3,391.43,34.88,42.8,32.37,Charging,Normal,-0.4978
OVN-EV-003,2026-03-25 08:45:29.328083,18.35,393.66,30.4,35.39,81.73,Charging,Normal,-0.4435
OVN-EV-001,2026-03-25 08:45:29.769406,14.24,402.21,31.24,30.67,58.01,Charging,Normal,-0.4606
OVN-EV-002,2026-03-25 08:45:32.137038,17.82,400.51,34.94,31.37,22.6,Charging,Normal,-0.5065
OVN-EV-003,2026-03-25 08:45:32.327980,21.3,384.88,29.64,31.33,69.48,Charging,Normal,-0.4808
OVN-EV-001,2026-03-25 08:45:32.774178,14.7,398.23,30.0,37.32,83.49,Charging,Normal,-0.446
OVN-EV-002,2026-03-25 08:45:35.163855,16.91,395.32,32.79,31.64,67.04,Charging,Normal,-0.4511
OVN-EV-003,2026-03-25 08:45:35.345420,11.95,414.31,28.29,35.13,49.78,Charging,Normal,-0.5026
OVN-EV-001,2026-03-25 08:45:35.775463,20.3,400.36,30.31,36.5,81.91,Charging,Normal,-0.4458
OVN-EV-002,2026-03-25 08:45:38.155546,17.94,414.13,33.71,40.75,73.87,Charging,Normal,-0.4448
OVN-EV-003,2026-03-25 08:45:38.345639,20.04,392.76,35.16,35.65,94.5,Charging,Normal,-0.5034
OVN-EV-001,2026-03-25 08:45:38.791327,15.67,393.82,29.84,34.67,64.9,Charging,Normal,-0.4317
OVN-EV-002,2026-03-25 08:45:41.160358,20.06,389.18,28.91,34.54,84.06,Charging,Normal,-0.4764
OVN-EV-003,2026-03-25 08:45:41.350647,14.14,481.82,84.11,84.72,86.34,ANOMALY,ANOMALY,-0.6645
OVN-EV-001,2026-03-25 08:45:41.813282,22.21,389.64,28.1,42.45,91.82,Charging,Normal,-0.5104
OVN-EV-002,2026-03-25 08:45:44.159142,19.19,400.03,34.67,31.77,66.46,Charging,Normal,-0.4464
OVN-EV-003,2026-03-25 08:45:44.356404,14.37,385.58,33.19,44.36,78.03,Charging,Normal,-0.4671
OVN-EV-001,2026-03-25 08:45:44.815307,20.65,402.81,29.32,36.88,91.62,Charging,Normal,-0.4631
OVN-EV-002,2026-03-25 08:45:47.160716,19.59,396.88,31.38,41.22,36.15,Charging,Normal,-0.4368
OVN-EV-003,2026-03-25 08:45:47.380538,12.17,392.32,28.13,44.48,46.27,Charging,Normal,-0.4918
OVN-EV-001,2026-03-25 08:45:47.827882,10.55,414.25,31.64,34.31,56.64,Charging,Normal,-0.4857
OVN-EV-002,2026-03-25 08:45:50.163533,17.08,393.93,34.11,31.3,65.36,Charging,Normal,-0.4426
OVN-EV-003,2026-03-25 08:45:50.385645,19.67,410.01,32.78,36.69,65.8,Charging,Normal,-0.4288
OVN-EV-001,2026-03-25 08:45:50.830336,21.88,380.27,33.33,31.89,64.57,Charging,Normal,-0.4917
OVN-EV-002,2026-03-25 08:45:53.171196,16.31,407.43,34.77,44.81,46.15,Charging,Normal,-0.4664
OVN-EV-003,2026-03-25 08:45:53.400957,16.08,411.2,30.58,32.63,42.87,Charging,Normal,-0.4483
OVN-EV-001,2026-03-25 08:45:53.834402,23.78,399.47,30.96,37.94,28.34,Charging,Normal,-0.4955
OVN-EV-002,2026-03-25 08:45:56.190200,19.05,470.77,93.87,81.45,62.91,ANOMALY,Normal,-0.6558
OVN-EV-003,2026-03-25 08:45:56.410643,12.78,393.53,28.96,39.17,29.92,Charging,Normal,-0.4727
OVN-EV-001,2026-03-25 08:45:56.833932,18.16,406.89,30.95,30.9,73.4,Charging,Normal,-0.4496
OVN-EV-002,2026-03-25 08:45:59.201065,24.03,451.46,92.05,86.44,44.2,ANOMALY,ANOMALY,-0.6939
OVN-EV-003,2026-03-25 08:45:59.416148,11.79,408.24,29.13,42.96,93.45,Charging,Normal,-0.5123
OVN-EV-001,2026-03-25 08:45:59.824198,10.68,380.25,28.5,38.98,30.43,Charging,Normal,-0.519
OVN-EV-002,2026-03-25 08:46:02.218083,21.88,394.61,34.06,42.96,29.79,Charging,Normal,-0.4817
OVN-EV-003,2026-03-25 08:46:02.427280,17.71,404.89,33.92,41.91,69.81,Charging,Normal,-0.4311
OVN-EV-001,2026-03-25 08:46:02.847935,14.56,407.33,33.97,44.22,72.89,Charging,Normal,-0.4525
OVN-EV-002,2026-03-25 08:46:05.230829,23.54,411.0,35.17,30.37,87.6,Charging,Normal,-0.5434
OVN-EV-003,2026-03-25 08:46:05.425913,24.36,400.32,32.53,34.33,20.75,Charging,Normal,-0.5278
OVN-EV-001,2026-03-25 08:46:05.850837,19.26,380.71,28.39,35.24,93.86,Charging,Normal,-0.5253
OVN-EV-002,2026-03-25 08:46:08.258532,20.94,468.34,92.07,80.24,51.84,ANOMALY,ANOMALY,-0.6709
OVN-EV-003,2026-03-25 08:46:08.434790,16.99,396.6,33.3,39.66,58.45,Charging,Normal,-0.4191
OVN-EV-001,2026-03-25 08:46:08.857344,18.28,397.86,29.11,36.21,50.0,Charging,Normal,-0.4307
OVN-EV-002,2026-03-25 08:46:11.256580,16.47,387.57,29.5,30.88,63.68,Charging,Normal,-0.4732
OVN-EV-003,2026-03-25 08:46:11.448859,21.98,416.4,28.94,30.38,40.47,Charging,Normal,-0.5049
OVN-EV-001,2026-03-25 08:46:11.862242,14.1,397.22,35.42,34.9,77.54,Charging,Normal,-0.4516
OVN-EV-002,2026-03-25 08:46:14.259921,17.19,382.68,32.63,31.5,78.12,Charging,Normal,-0.4738
OVN-EV-003,2026-03-25 08:46:14.452003,15.63,412.51,34.6,34.67,64.17,Charging,Normal,-0.4475
OVN-EV-001,2026-03-25 08:46:14.863374,15.11,386.14,32.72,33.21,68.15,Charging,Normal,-0.4439
OVN-EV-002,2026-03-25 08:46:17.270117,17.03,398.08,30.61,44.03,30.19,Charging,Normal,-0.4697
OVN-EV-003,2026-03-25 08:46:17.466720,24.47,399.98,34.31,33.25,24.3,Charging,Normal,-0.5358
OVN-EV-001,2026-03-25 08:46:17.867014,17.15,399.29,28.84,37.71,93.69,Charging,Normal,-0.4672
OVN-EV-002,2026-03-25 08:46:20.283766,21.06,382.37,33.35,43.88,56.2,Charging,Normal,-0.4733
OVN-EV-003,2026-03-25 08:46:20.475315,10.22,413.14,33.18,44.46,68.32,Charging,Normal,-0.5091
OVN-EV-001,2026-03-25 08:46:20.880732,15.98,406.1,33.43,33.65,78.28,Charging,Normal,-0.4373
OVN-EV-002,2026-03-25 08:46:23.287260,22.86,481.68,84.3,81.99,65.57,ANOMALY,ANOMALY,-0.6733
OVN-EV-003,2026-03-25 08:46:23.477425,16.9,393.17,33.36,35.81,30.08,Charging,Normal,-0.4547
OVN-EV-001,2026-03-25 08:46:23.875619,24.41,396.69,33.78,31.92,84.85,Charging,Normal,-0.5133
OVN-EV-002,2026-03-25 08:46:26.298400,24.56,386.99,28.63,30.61,52.94,Charging,Normal,-0.5364
OVN-EV-003,2026-03-25 08:46:26.480771,10.27,403.09,31.27,41.86,61.27,Charging,Normal,-0.4891
OVN-EV-001,2026-03-25 08:46:26.880429,20.1,387.38,29.16,39.88,33.2,Charging,Normal,-0.4752
OVN-EV-002,2026-03-25 08:46:29.317543,15.23,391.5,34.81,32.38,54.77,Charging,Normal,-0.444
OVN-EV-003,2026-03-25 08:46:29.499762,19.39,419.12,29.59,42.64,56.0,Charging,Normal,-0.4748
OVN-EV-001,2026-03-25 08:46:29.885034,16.66,397.26,33.59,42.95,41.79,Charging,Normal,-0.4364
OVN-EV-002,2026-03-25 08:46:32.321922,18.24,406.57,29.6,36.32,41.24,Charging,Normal,-0.4277
OVN-EV-003,2026-03-25 08:46:32.514086,16.85,405.7,31.33,44.15,78.83,Charging,Normal,-0.4461
OVN-EV-001,2026-03-25 08:46:32.899210,15.41,412.84,31.43,31.5,28.72,Charging,Normal,-0.4861
OVN-EV-002,2026-03-25 08:46:35.329971,10.55,402.02,28.13,34.21,48.43,Charging,Normal,-0.4872
OVN-EV-003,2026-03-25 08:46:35.518730,12.05,410.96,35.38,39.14,30.05,Charging,Normal,-0.4924
OVN-EV-001,2026-03-25 08:46:35.910206,15.97,497.71,95.67,81.34,90.34,ANOMALY,ANOMALY,-0.6953
OVN-EV-002,2026-03-25 08:46:38.338600,20.65,399.11,33.77,41.19,43.84,Charging,Normal,-0.4334
OVN-EV-003,2026-03-25 08:46:38.516043,13.3,411.43,32.9,37.99,85.75,Charging,Normal,-0.4547
OVN-EV-001,2026-03-25 08:46:38.918951,11.53,380.79,32.14,35.89,33.05,Charging,Normal,-0.4898
OVN-EV-002,2026-03-25 08:46:41.344792,23.55,415.76,30.17,40.66,86.19,Charging,Normal,-0.5037
OVN-EV-003,2026-03-25 08:46:41.523872,18.28,383.95,30.89,34.29,90.81,Charging,Normal,-0.4608
OVN-EV-001,2026-03-25 08:46:41.927270,16.81,406.03,30.27,30.17,41.36,Charging,Normal,-0.4765
OVN-EV-002,2026-03-25 08:46:44.348898,18.99,390.48,34.61,39.76,39.01,Charging,Normal,-0.4504
OVN-EV-003,2026-03-25 08:46:44.523786,18.75,471.6,97.44,88.41,30.42,ANOMALY,ANOMALY,-0.6866
OVN-EV-001,2026-03-25 08:46:44.931993,15.87,408.62,34.13,41.39,33.43,Charging,Normal,-0.4495
OVN-EV-002,2026-03-25 08:46:47.344416,18.3,405.75,32.81,44.92,44.39,Charging,Normal,-0.4585
OVN-EV-003,2026-03-25 08:46:47.526466,24.84,400.74,33.11,41.2,39.39,Charging,Normal,-0.4838
OVN-EV-001,2026-03-25 08:46:47.935898,16.32,464.38,83.81,88.95,44.38,ANOMALY,ANOMALY,-0.6744
OVN-EV-002,2026-03-25 08:46:50.352005,13.49,381.84,28.13,43.48,92.84,Charging,Normal,-0.5382
OVN-EV-003,2026-03-25 08:46:50.545666,23.17,380.43,35.75,44.88,39.6,Charging,Normal,-0.5521
OVN-EV-001,2026-03-25 08:46:50.944103,16.57,382.61,34.99,35.7,50.89,Charging,Normal,-0.485
OVN-EV-002,2026-03-25 08:46:53.352152,13.05,387.69,35.83,37.01,46.76,Charging,Normal,-0.4818
OVN-EV-003,2026-03-25 08:46:53.560666,19.01,417.26,35.87,41.95,45.27,Charging,Normal,-0.4846
OVN-EV-001,2026-03-25 08:46:53.943660,23.25,405.1,28.83,41.19,76.23,Charging,Normal,-0.4727
OVN-EV-002,2026-03-25 08:46:56.355405,24.08,391.38,30.0,40.08,82.74,Charging,Normal,-0.4838
OVN-EV-003,2026-03-25 08:46:56.568284,19.03,380.97,34.54,35.76,47.42,Charging,Normal,-0.4704
OVN-EV-001,2026-03-25 08:46:56.949586,16.39,415.85,30.48,32.45,90.9,Charging,Normal,-0.5107
OVN-EV-002,2026-03-25 08:46:59.368290,24.54,380.97,29.23,33.25,90.54,Charging,Normal,-0.5586
OVN-EV-003,2026-03-25 08:46:59.567324,17.57,398.22,31.57,32.81,91.84,Charging,Normal,-0.4777
OVN-EV-001,2026-03-25 08:46:59.968049,14.92,415.09,28.08,39.39,86.92,Charging,Normal,-0.4984
OVN-EV-002,2026-03-25 08:47:02.377636,18.03,382.73,35.98,40.88,22.38,Charging,Normal,-0.5362
OVN-EV-003,2026-03-25 08:47:02.568705,22.27,398.54,30.19,43.15,79.59,Charging,Normal,-0.4591
OVN-EV-001,2026-03-25 08:47:02.984581,12.98,415.35,30.69,32.49,74.84,Charging,Normal,-0.4845
OVN-EV-002,2026-03-25 08:47:05.382895,18.08,409.19,29.75,31.92,62.27,Charging,Normal,-0.4546
OVN-EV-003,2026-03-25 08:47:05.575559,12.37,475.46,84.98,78.28,63.12,ANOMALY,ANOMALY,-0.6633
OVN-EV-001,2026-03-25 08:47:05.983288,17.39,387.87,28.24,42.17,73.81,Charging,Normal,-0.4648
OVN-EV-002,2026-03-25 08:47:08.385809,24.04,387.38,30.03,30.28,46.54,Charging,Normal,-0.5167
OVN-EV-003,2026-03-25 08:47:08.584170,20.93,382.42,34.27,37.61,86.1,Charging,Normal,-0.4876
OVN-EV-001,2026-03-25 08:47:08.999074,18.22,390.79,34.71,33.24,50.42,Charging,Normal,-0.4629
OVN-EV-002,2026-03-25 08:47:11.394928,16.8,396.89,29.61,38.73,67.48,Charging,Normal,-0.4308
OVN-EV-003,2026-03-25 08:47:11.584926,12.54,466.18,96.35,80.77,89.85,ANOMALY,ANOMALY,-0.6789
OVN-EV-001,2026-03-25 08:47:12.010386,15.95,462.06,99.38,78.2,42.21,ANOMALY,ANOMALY,-0.6634
OVN-EV-002,2026-03-25 08:47:14.390103,11.51,382.26,32.36,32.71,78.19,Charging,Normal,-0.4892
OVN-EV-003,2026-03-25 08:47:14.585822,13.27,482.32,93.25,77.68,33.14,ANOMALY,ANOMALY,-0.6794
OVN-EV-001,2026-03-25 08:47:15.037875,21.08,390.86,32.16,42.9,43.17,Charging,Normal,-0.4393
OVN-EV-002,2026-03-25 08:47:17.403332,20.93,394.91,30.14,44.6,46.54,Charging,Normal,-0.4592
OVN-EV-003,2026-03-25 08:47:17.578809,18.18,382.14,35.0,35.96,56.5,Charging,Normal,-0.483
OVN-EV-001,2026-03-25 08:47:18.039577,18.95,414.83,28.86,33.15,88.36,Charging,Normal,-0.5043
OVN-EV-002,2026-03-25 08:47:20.415857,21.93,418.15,31.64,40.72,26.41,Charging,Normal,-0.4975
OVN-EV-003,2026-03-25 08:47:20.578608,19.49,384.35,34.03,31.78,37.94,Charging,Normal,-0.4773
OVN-EV-001,2026-03-25 08:47:21.058832,22.41,393.11,32.72,44.43,58.72,Charging,Normal,-0.4558
OVN-EV-002,2026-03-25 08:47:23.428319,21.09,393.06,34.89,38.22,89.97,Charging,Normal,-0.4791
OVN-EV-003,2026-03-25 08:47:23.593863,24.74,411.42,29.8,41.28,86.47,Charging,Normal,-0.516
OVN-EV-001,2026-03-25 08:47:24.065067,20.41,405.68,29.05,32.29,45.65,Charging,Normal,-0.4655
OVN-EV-002,2026-03-25 08:47:26.430190,14.9,395.23,31.82,32.69,27.54,Charging,Normal,-0.4617
OVN-EV-003,2026-03-25 08:47:26.610834,15.85,409.56,34.74,30.81,26.9,Charging,Normal,-0.4931
OVN-EV-001,2026-03-25 08:47:27.077501,24.84,404.06,32.97,38.72,38.41,Charging,Normal,-0.4808
OVN-EV-002,2026-03-25 08:47:29.426262,18.79,382.36,31.99,31.63,53.32,Charging,Normal,-0.4632
OVN-EV-003,2026-03-25 08:47:29.620670,17.42,399.5,34.42,36.0,37.96,Charging,Normal,-0.4468
OVN-EV-001,2026-03-25 08:47:30.085369,13.77,385.8,33.69,40.75,88.17,Charging,Normal,-0.4754
OVN-EV-002,2026-03-25 08:47:32.438986,10.95,396.42,33.14,32.14,55.81,Charging,Normal,-0.4794
OVN-EV-003,2026-03-25 08:47:32.630832,24.79,395.08,31.93,43.57,24.47,Charging,Normal,-0.5307
OVN-EV-001,2026-03-25 08:47:33.089566,14.06,402.22,28.45,33.56,44.07,Charging,Normal,-0.4644
OVN-EV-002,2026-03-25 08:47:35.446835,13.02,390.1,28.13,42.04,38.14,Charging,Normal,-0.4817
OVN-EV-003,2026-03-25 08:47:35.636569,16.96,416.35,30.34,40.43,36.18,Charging,Normal,-0.4686
OVN-EV-001,2026-03-25 08:47:36.101584,19.06,480.68,92.39,74.2,66.45,ANOMALY,Normal,-0.638
OVN-EV-002,2026-03-25 08:47:38.460957,15.28,396.78,29.69,40.61,87.3,Charging,Normal,-0.4459
OVN-EV-003,2026-03-25 08:47:38.662367,23.53,390.14,30.19,31.61,68.14,Charging,Normal,-0.4927
OVN-EV-001,2026-03-25 08:47:39.103034,24.3,407.27,32.71,37.33,42.72,Charging,Normal,-0.4763
OVN-EV-002,2026-03-25 08:47:41.470544,21.43,396.57,34.38,41.48,41.08,Charging,Normal,-0.4542
OVN-EV-003,2026-03-25 08:47:41.660846,22.44,381.2,28.06,41.12,85.79,Charging,Normal,-0.5171
OVN-EV-001,2026-03-25 08:47:42.090647,10.85,419.49,30.49,31.04,25.48,Charging,Normal,-0.5453
OVN-EV-002,2026-03-25 08:47:44.479810,15.46,415.63,32.78,31.39,56.44,Charging,Normal,-0.4658
OVN-EV-003,2026-03-25 08:47:44.664382,22.63,409.36,30.73,42.33,33.1,Charging,Normal,-0.4704
OVN-EV-001,2026-03-25 08:47:45.117439,15.9,419.42,35.03,31.52,46.57,Charging,Normal,-0.5117
OVN-EV-002,2026-03-25 08:47:47.495006,19.77,384.18,29.14,40.4,82.89,Charging,Normal,-0.4744
OVN-EV-003,2026-03-25 08:47:47.664231,12.89,393.74,31.73,31.69,68.84,Charging,Normal,-0.4575
OVN-EV-001,2026-03-25 08:47:48.129425,15.35,380.98,35.94,40.72,78.66,Charging,Normal,-0.5023
OVN-EV-002,2026-03-25 08:47:50.512567,23.42,380.98,29.78,39.9,31.55,Charging,Normal,-0.4945
OVN-EV-003,2026-03-25 08:47:50.655164,11.93,414.28,32.37,36.82,34.73,Charging,Normal,-0.4654
OVN-EV-001,2026-03-25 08:47:51.125349,16.01,387.88,29.59,37.1,37.11,Charging,Normal,-0.4431
OVN-EV-002,2026-03-25 08:47:53.516537,18.51,388.45,33.23,43.6,68.81,Charging,Normal,-0.4483
OVN-EV-003,2026-03-25 08:47:53.667474,11.73,399.86,30.02,37.25,76.31,Charging,Normal,-0.4587
OVN-EV-001,2026-03-25 08:47:54.129622,19.61,416.64,32.5,40.3,23.24,Charging,Normal,-0.4786
OVN-EV-002,2026-03-25 08:47:56.531194,19.91,476.76,93.0,86.08,52.27,ANOMALY,ANOMALY,-0.6609
OVN-EV-003,2026-03-25 08:47:56.676952,13.81,397.45,33.38,30.4,45.88,Charging,Normal,-0.4557
OVN-EV-001,2026-03-25 08:47:57.142524,12.17,485.56,99.23,85.83,72.57,ANOMALY,ANOMALY,-0.6902
OVN-EV-002,2026-03-25 08:47:59.547287,18.78,382.79,32.67,35.14,48.42,Charging,Normal,-0.4361
OVN-EV-003,2026-03-25 08:47:59.674086,15.93,392.28,29.52,42.81,77.09,Charging,Normal,-0.4547
OVN-EV-001,2026-03-25 08:48:00.148891,12.75,381.43,28.34,31.62,77.74,Charging,Normal,-0.5291
OVN-EV-002,2026-03-25 08:48:02.555937,11.96,465.56,96.8,86.12,44.0,ANOMALY,ANOMALY,-0.6842
OVN-EV-003,2026-03-25 08:48:02.683401,11.93,417.38,31.28,40.21,34.56,Charging,Normal,-0.4834
OVN-EV-001,2026-03-25 08:48:03.150810,11.39,400.2,28.87,37.46,77.9,Charging,Normal,-0.4717
OVN-EV-002,2026-03-25 08:48:05.560400,16.36,475.67,99.51,89.16,70.89,ANOMALY,ANOMALY,-0.6798
OVN-EV-003,2026-03-25 08:48:05.687913,17.01,388.56,33.56,32.05,55.31,Charging,Normal,-0.449
OVN-EV-001,2026-03-25 08:48:06.165722,16.06,407.26,34.31,32.52,44.86,Charging,Normal,-0.4468
OVN-EV-002,2026-03-25 08:48:08.583594,12.95,406.0,33.22,44.45,63.26,Charging,Normal,-0.472
OVN-EV-003,2026-03-25 08:48:08.697466,16.71,410.12,28.12,43.19,68.59,Charging,Normal,-0.4852
OVN-EV-001,2026-03-25 08:48:09.158221,15.17,383.36,31.76,37.23,58.7,Charging,Normal,-0.4422
OVN-EV-002,2026-03-25 08:48:11.582426,14.45,405.97,34.85,37.69,79.9,Charging,Normal,-0.4394
OVN-EV-003,2026-03-25 08:48:11.708373,16.58,418.39,30.89,33.91,39.72,Charging,Normal,-0.463
OVN-EV-001,2026-03-25 08:48:12.168515,16.91,487.0,95.49,72.6,68.44,ANOMALY,ANOMALY,-0.6615
OVN-EV-002,2026-03-25 08:48:14.581635,23.98,395.86,33.19,35.56,77.05,Charging,Normal,-0.47
OVN-EV-003,2026-03-25 08:48:14.708196,24.53,390.86,29.86,43.1,43.51,Charging,Normal,-0.497
OVN-EV-001,2026-03-25 08:48:15.183954,14.09,382.52,28.42,44.35,71.27,Charging,Normal,-0.4993
OVN-EV-002,2026-03-25 08:48:17.584358,22.25,382.89,31.54,32.76,33.3,Charging,Normal,-0.484
OVN-EV-003,2026-03-25 08:48:17.711298,16.72,406.22,31.52,31.25,41.55,Charging,Normal,-0.4384
OVN-EV-001,2026-03-25 08:48:18.202632,24.57,380.31,33.84,31.56,59.54,Charging,Normal,-0.5273
OVN-EV-002,2026-03-25 08:48:20.593863,19.55,396.92,35.73,32.34,57.22,Charging,Normal,-0.4716
OVN-EV-003,2026-03-25 08:48:20.705395,20.77,382.69,28.52,40.48,30.47,Charging,Normal,-0.4928
OVN-EV-001,2026-03-25 08:48:21.210513,15.17,380.55,34.05,44.85,48.91,Charging,Normal,-0.5048
OVN-EV-002,2026-03-25 08:48:23.596487,17.86,385.15,28.59,32.82,27.61,Charging,Normal,-0.4991
OVN-EV-003,2026-03-25 08:48:23.708316,12.45,417.26,33.7,33.82,61.24,Charging,Normal,-0.4847
OVN-EV-001,2026-03-25 08:48:24.214243,14.4,417.59,30.01,37.41,34.62,Charging,Normal,-0.4729
OVN-EV-002,2026-03-25 08:48:26.600523,11.76,382.28,33.15,32.45,40.73,Charging,Normal,-0.4814
OVN-EV-003,2026-03-25 08:48:26.712028,18.13,409.79,35.09,41.97,40.52,Charging,Normal,-0.4504
OVN-EV-001,2026-03-25 08:48:27.233543,18.41,400.46,35.45,33.37,70.54,Charging,Normal,-0.4625
OVN-EV-002,2026-03-25 08:48:29.609294,19.29,418.09,30.31,30.45,41.03,Charging,Normal,-0.4917
OVN-EV-003,2026-03-25 08:48:29.704733,24.02,410.75,30.94,32.01,51.97,Charging,Normal,-0.4895
OVN-EV-001,2026-03-25 08:48:30.245235,14.36,381.76,35.49,32.33,32.71,Charging,Normal,-0.4966
OVN-EV-002,2026-03-25 08:48:32.615360,17.3,385.78,34.95,41.78,86.18,Charging,Normal,-0.4891
OVN-EV-003,2026-03-25 08:48:32.711402,19.55,412.07,28.05,41.71,55.97,Charging,Normal,-0.4855
OVN-EV-001,2026-03-25 08:48:33.270420,16.26,398.29,29.72,36.99,44.98,Charging,Normal,-0.4314
OVN-EV-002,2026-03-25 08:48:35.623420,19.61,413.2,35.77,38.92,73.97,Charging,Normal,-0.4728
OVN-EV-003,2026-03-25 08:48:35.709131,10.39,393.03,35.59,42.69,56.12,Charging,Normal,-0.4964
OVN-EV-001,2026-03-25 08:48:36.281200,16.58,380.31,32.98,34.8,34.19,Charging,Normal,-0.4734
OVN-EV-002,2026-03-25 08:48:38.629975,12.31,417.4,30.08,34.64,92.83,Charging,Normal,-0.5233
OVN-EV-003,2026-03-25 08:48:38.719137,13.04,400.11,30.58,39.21,58.77,Charging,Normal,-0.4319
OVN-EV-001,2026-03-25 08:48:39.287385,20.21,382.34,29.31,37.39,49.55,Charging,Normal,-0.4634
OVN-EV-002,2026-03-25 08:48:41.639642,19.08,400.19,29.32,42.16,90.85,Charging,Normal,-0.4794
OVN-EV-003,2026-03-25 08:48:41.732853,17.44,406.11,33.14,36.41,29.15,Charging,Normal,-0.4485
OVN-EV-001,2026-03-25 08:48:42.292424,15.39,410.95,33.94,30.39,75.66,Charging,Normal,-0.4711
OVN-EV-002,2026-03-25 08:48:44.648149,13.57,402.61,28.07,42.1,61.92,Charging,Normal,-0.4635
OVN-EV-003,2026-03-25 08:48:44.743215,23.28,407.58,31.04,43.18,74.86,Charging,Normal,-0.4753
OVN-EV-001,2026-03-25 08:48:45.296491,12.26,414.29,34.29,36.34,61.63,Charging,Normal,-0.4723
OVN-EV-002,2026-03-25 08:48:47.655892,16.08,388.54,29.68,33.43,42.88,Charging,Normal,-0.4434
OVN-EV-003,2026-03-25 08:48:47.750989,20.81,417.04,28.76,36.15,76.16,Charging,Normal,-0.4836
OVN-EV-001,2026-03-25 08:48:48.305711,18.4,407.98,29.86,40.81,50.27,Charging,Normal,-0.4334
OVN-EV-002,2026-03-25 08:48:50.667830,16.9,415.02,35.43,30.24,33.63,Charging,Normal,-0.5166
OVN-EV-003,2026-03-25 08:48:50.747223,10.31,411.29,29.02,32.76,60.67,Charging,Normal,-0.5174
OVN-EV-001,2026-03-25 08:48:51.301505,10.67,419.05,29.73,43.32,88.57,Charging,Normal,-0.5629
OVN-EV-002,2026-03-25 08:48:53.687603,11.59,396.24,33.16,37.0,56.66,Charging,Normal,-0.4438
OVN-EV-003,2026-03-25 08:48:53.754277,23.2,461.47,80.5,73.98,66.86,ANOMALY,ANOMALY,-0.6743
OVN-EV-001,2026-03-25 08:48:54.310766,19.1,419.1,31.46,41.98,61.58,Charging,Normal,-0.4822
OVN-EV-002,2026-03-25 08:48:56.686916,22.45,393.33,33.94,41.25,74.76,Charging,Normal,-0.4505
OVN-EV-003,2026-03-25 08:48:56.752620,24.74,400.18,32.66,44.36,33.04,Charging,Normal,-0.5121
OVN-EV-001,2026-03-25 08:48:57.330770,17.09,400.02,33.02,42.26,55.86,Charging,Normal,-0.4197
OVN-EV-002,2026-03-25 08:48:59.699552,10.52,404.7,35.47,37.6,75.1,Charging,Normal,-0.4983
OVN-EV-003,2026-03-25 08:48:59.763416,20.35,391.38,30.73,37.27,44.02,Charging,Normal,-0.4322
OVN-EV-001,2026-03-25 08:49:00.328515,23.56,417.56,28.88,31.58,35.74,Charging,Normal,-0.5354
OVN-EV-002,2026-03-25 08:49:02.700281,12.11,392.27,28.28,31.56,87.26,Charging,Normal,-0.5292
OVN-EV-003,2026-03-25 08:49:02.771415,23.06,471.58,98.6,70.47,47.58,ANOMALY,ANOMALY,-0.681
OVN-EV-001,2026-03-25 08:49:03.336623,14.47,414.44,33.1,37.94,24.0,Charging,Normal,-0.4847
OVN-EV-002,2026-03-25 08:49:05.701616,23.45,388.48,29.05,30.58,71.14,Charging,Normal,-0.5105
OVN-EV-003,2026-03-25 08:49:05.767440,23.64,411.53,32.07,34.79,36.69,Charging,Normal,-0.4924
OVN-EV-001,2026-03-25 08:49:06.353751,24.62,383.11,30.35,43.9,90.46,Charging,Normal,-0.5356
OVN-EV-002,2026-03-25 08:49:08.698885,19.81,383.73,30.78,34.64,28.58,Charging,Normal,-0.4786
OVN-EV-003,2026-03-25 08:49:08.769827,12.96,385.87,28.65,35.29,55.3,Charging,Normal,-0.4698
OVN-EV-001,2026-03-25 08:49:09.368082,24.22,405.0,29.38,30.11,84.39,Charging,Normal,-0.5302
OVN-EV-002,2026-03-25 08:49:11.715586,23.23,388.55,34.8,37.52,46.23,Charging,Normal,-0.4722
OVN-EV-003,2026-03-25 08:49:11.771543,10.13,417.69,28.75,42.31,34.88,Charging,Normal,-0.5603
OVN-EV-001,2026-03-25 08:49:12.373057,24.64,412.04,34.55,31.89,53.57,Charging,Normal,-0.5101
OVN-EV-002,2026-03-25 08:49:14.732316,19.18,408.3,32.15,37.02,26.89,Charging,Normal,-0.4678
OVN-EV-003,2026-03-25 08:49:14.764090,21.88,395.54,31.3,43.78,33.36,Charging,Normal,-0.4692
OVN-EV-001,2026-03-25 08:49:15.374770,12.07,413.48,28.7,42.06,59.6,Charging,Normal,-0.4869
OVN-EV-002,2026-03-25 08:49:17.738475,23.28,390.34,29.5,37.29,39.82,Charging,Normal,-0.4678
OVN-EV-003,2026-03-25 08:49:17.770462,16.39,405.92,31.36,30.82,74.39,Charging,Normal,-0.4628
OVN-EV-001,2026-03-25 08:49:18.386732,14.31,410.83,29.85,37.34,37.68,Charging,Normal,-0.4459
OVN-EV-002,2026-03-25 08:49:20.734503,18.77,395.95,31.44,37.4,64.53,Charging,Normal,-0.4244
OVN-EV-003,2026-03-25 08:49:20.766343,16.52,403.89,30.54,39.12,39.7,Charging,Normal,-0.4237
OVN-EV-001,2026-03-25 08:49:21.397034,23.32,416.85,32.02,34.92,72.75,Charging,Normal,-0.4778
OVN-EV-002,2026-03-25 08:49:23.731058,13.53,383.04,28.52,43.18,66.42,Charging,Normal,-0.4755
OVN-EV-003,2026-03-25 08:49:23.762968,20.41,398.71,29.59,43.45,92.66,Charging,Normal,-0.4882
OVN-EV-001,2026-03-25 08:49:24.412909,18.85,470.71,89.51,85.98,33.65,ANOMALY,Normal,-0.6537
OVN-EV-002,2026-03-25 08:49:26.751973,17.5,470.98,91.04,83.11,63.92,ANOMALY,Normal,-0.6321
OVN-EV-003,2026-03-25 08:49:26.751973,18.27,380.3,34.81,44.89,24.09,Charging,Normal,-0.5461
OVN-EV-001,2026-03-25 08:49:27.420599,17.11,416.92,34.51,30.38,72.2,Charging,Normal,-0.4921
OVN-EV-002,2026-03-25 08:49:29.752025,21.83,402.51,28.86,40.28,63.3,Charging,Normal,-0.4554
OVN-EV-003,2026-03-25 08:49:29.752025,22.79,415.29,32.41,41.82,93.72,Charging,Normal,-0.5145
OVN-EV-001,2026-03-25 08:49:30.427170,14.68,396.06,35.21,39.4,72.43,Charging,Normal,-0.4504
OVN-EV-002,2026-03-25 08:49:32.759355,23.62,419.5,29.64,32.08,43.45,Charging,Normal,-0.5247
OVN-EV-003,2026-03-25 08:49:32.759355,17.74,484.4,85.82,78.29,59.65,ANOMALY,Normal,-0.653
OVN-EV-001,2026-03-25 08:49:33.436535,21.0,384.47,30.3,32.69,48.98,Charging,Normal,-0.4575
OVN-EV-002,2026-03-25 08:49:35.752407,15.51,394.63,31.43,35.97,44.93,Charging,Normal,-0.4146
OVN-EV-003,2026-03-25 08:49:35.753617,23.0,384.03,32.05,31.47,85.05,Charging,Normal,-0.5055
OVN-EV-001,2026-03-25 08:49:36.448569,13.9,393.3,33.17,41.05,80.38,Charging,Normal,-0.4387
OVN-EV-002,2026-03-25 08:49:38.759570,10.13,397.85,34.91,33.22,81.39,Charging,Normal,-0.5224
OVN-EV-003,2026-03-25 08:49:38.759570,22.92,404.71,33.15,39.6,83.13,Charging,Normal,-0.4478
OVN-EV-001,2026-03-25 08:49:39.462517,14.34,406.94,34.63,38.03,62.31,Charging,Normal,-0.4487
OVN-EV-002,2026-03-25 08:49:41.782171,20.56,413.68,35.66,41.89,35.91,Charging,Normal,-0.4875
OVN-EV-003,2026-03-25 08:49:41.782171,14.78,396.93,32.4,34.46,72.13,Charging,Normal,-0.4299
OVN-EV-001,2026-03-25 08:49:42.449592,21.4,400.85,28.76,42.1,73.33,Charging,Normal,-0.4602
OVN-EV-002,2026-03-25 08:49:44.787406,14.64,391.41,33.42,33.4,35.29,Charging,Normal,-0.4539
OVN-EV-003,2026-03-25 08:49:44.787406,17.79,485.12,81.56,87.1,28.75,ANOMALY,ANOMALY,-0.6746
OVN-EV-001,2026-03-25 08:49:45.463893,20.54,408.27,33.79,36.83,58.11,Charging,Normal,-0.4344
OVN-EV-002,2026-03-25 08:49:47.780080,14.57,474.01,87.84,71.89,24.97,ANOMALY,ANOMALY,-0.6773
OVN-EV-003,2026-03-25 08:49:47.780080,10.0,403.84,35.82,41.31,52.68,Charging,Normal,-0.52
OVN-EV-001,2026-03-25 08:49:48.472385,13.58,418.23,30.37,34.87,47.56,Charging,Normal,-0.4694
OVN-EV-002,2026-03-25 08:49:50.789008,18.95,413.65,31.19,35.63,21.37,Charging,Normal,-0.4868
OVN-EV-003,2026-03-25 08:49:50.789008,17.42,416.06,28.26,35.31,51.1,Charging,Normal,-0.4659
OVN-EV-001,2026-03-25 08:49:51.470021,22.26,407.54,35.89,43.65,71.2,Charging,Normal,-0.4977
OVN-EV-002,2026-03-25 08:49:53.797387,17.96,411.49,28.78,38.39,89.23,Charging,Normal,-0.4751
OVN-EV-003,2026-03-25 08:49:53.797387,10.5,383.04,34.87,34.93,62.04,Charging,Normal,-0.5072
OVN-EV-001,2026-03-25 08:49:54.472840,14.55,408.88,34.53,44.73,28.28,Charging,Normal,-0.5008
OVN-EV-002,2026-03-25 08:49:56.803733,14.66,405.09,29.39,42.1,30.44,Charging,Normal,-0.4613
OVN-EV-003,2026-03-25 08:49:56.803733,24.36,414.0,32.98,31.2,61.8,Charging,Normal,-0.5041
OVN-EV-001,2026-03-25 08:49:57.480623,19.3,387.6,30.88,38.74,82.49,Charging,Normal,-0.4495
OVN-EV-002,2026-03-25 08:49:59.800467,17.96,389.64,35.89,37.46,27.35,Charging,Normal,-0.5065
OVN-EV-003,2026-03-25 08:49:59.800467,13.3,393.86,33.16,31.7,89.12,Charging,Normal,-0.4976
OVN-EV-001,2026-03-25 08:50:00.500476,10.63,392.69,28.42,43.81,31.11,Charging,Normal,-0.5146
OVN-EV-003,2026-03-25 08:50:02.802601,13.28,390.45,28.81,32.43,54.09,Charging,Normal,-0.4734
OVN-EV-002,2026-03-25 08:50:02.803595,11.33,415.88,30.68,43.06,68.1,Charging,Normal,-0.4823
OVN-EV-001,2026-03-25 08:50:03.515660,11.16,407.58,32.14,43.78,50.73,Charging,Normal,-0.4806
OVN-EV-003,2026-03-25 08:50:05.811605,21.45,393.17,30.72,40.6,39.29,Charging,Normal,-0.4401
OVN-EV-002,2026-03-25 08:50:05.811605,11.57,384.06,28.6,31.57,83.18,Charging,Normal,-0.5398
OVN-EV-001,2026-03-25 08:50:06.517686,23.29,381.87,29.59,39.22,41.56,Charging,Normal,-0.4746
OVN-EV-003,2026-03-25 08:50:08.831285,20.77,467.14,83.47,71.66,72.06,ANOMALY,ANOMALY,-0.6598
OVN-EV-002,2026-03-25 08:50:08.831285,24.56,419.85,31.92,41.26,86.44,Charging,Normal,-0.5302
OVN-EV-001,2026-03-25 08:50:09.528405,15.49,385.05,28.3,37.53,94.97,Charging,Normal,-0.5081
OVN-EV-003,2026-03-25 08:50:11.836171,16.89,473.18,84.12,76.19,57.15,ANOMALY,Normal,-0.6299
OVN-EV-002,2026-03-25 08:50:11.836171,10.13,388.71,33.48,37.33,29.26,Charging,Normal,-0.5145
OVN-EV-001,2026-03-25 08:50:12.542844,10.23,392.05,34.22,39.89,83.29,Charging,Normal,-0.5014
OVN-EV-003,2026-03-25 08:50:14.823917,12.13,393.09,33.84,35.02,60.14,Charging,Normal,-0.4498
OVN-EV-002,2026-03-25 08:50:14.823917,11.94,380.93,30.79,44.63,70.29,Charging,Normal,-0.5063
OVN-EV-001,2026-03-25 08:50:15.549104,23.14,380.49,31.04,43.88,89.97,Charging,Normal,-0.5201
OVN-EV-003,2026-03-25 08:50:17.840686,24.75,402.58,34.96,41.51,45.24,Charging,Normal,-0.4996
OVN-EV-002,2026-03-25 08:50:17.840686,19.52,411.27,35.21,40.46,75.1,Charging,Normal,-0.4672
OVN-EV-001,2026-03-25 08:50:18.544889,14.93,407.62,28.84,36.74,47.87,Charging,Normal,-0.4457
OVN-EV-003,2026-03-25 08:50:20.852833,18.12,410.41,31.67,31.81,88.21,Charging,Normal,-0.487
OVN-EV-002,2026-03-25 08:50:20.854026,17.61,388.65,28.87,30.95,31.03,Charging,Normal,-0.4914
OVN-EV-001,2026-03-25 08:50:21.544299,12.51,408.09,34.67,35.19,65.69,Charging,Normal,-0.454
OVN-EV-002,2026-03-25 08:50:23.872886,15.85,419.29,32.49,33.34,20.2,Charging,Normal,-0.5106
OVN-EV-003,2026-03-25 08:50:23.874103,10.4,412.47,31.3,41.89,68.86,Charging,Normal,-0.4805
OVN-EV-001,2026-03-25 08:50:24.568965,16.52,405.35,33.87,43.52,57.21,Charging,Normal,-0.445
OVN-EV-002,2026-03-25 08:50:26.882376,22.75,419.23,31.88,35.35,28.26,Charging,Normal,-0.5215
OVN-EV-003,2026-03-25 08:50:26.882376,18.86,397.65,35.49,42.32,33.32,Charging,Normal,-0.485
OVN-EV-001,2026-03-25 08:50:27.577683,17.72,389.52,35.6,41.57,20.17,Charging,Normal,-0.5217
OVN-EV-002,2026-03-25 08:50:29.887720,18.72,414.8,35.2,39.39,77.59,Charging,Normal,-0.4715
OVN-EV-003,2026-03-25 08:50:29.888954,18.11,455.29,87.57,79.07,33.03,ANOMALY,ANOMALY,-0.6619
OVN-EV-001,2026-03-25 08:50:30.588216,10.19,390.72,35.0,32.93,42.81,Charging,Normal,-0.5254
OVN-EV-002,2026-03-25 08:50:32.892986,18.04,390.04,32.54,35.15,25.57,Charging,Normal,-0.465
OVN-EV-003,2026-03-25 08:50:32.897534,17.26,400.14,34.29,31.92,93.09,Charging,Normal,-0.5066
OVN-EV-001,2026-03-25 08:50:33.614779,11.73,416.13,29.17,40.35,93.18,Charging,Normal,-0.5206
OVN-EV-002,2026-03-25 08:50:35.908524,24.14,387.55,34.72,40.62,32.11,Charging,Normal,-0.5186
OVN-EV-003,2026-03-25 08:50:35.908524,21.63,418.35,28.62,44.5,77.26,Charging,Normal,-0.5154
OVN-EV-001,2026-03-25 08:50:36.622957,21.79,394.05,33.98,38.59,36.04,Charging,Normal,-0.4524
OVN-EV-002,2026-03-25 08:50:38.918262,21.39,413.91,29.4,31.43,58.48,Charging,Normal,-0.4731
OVN-EV-003,2026-03-25 08:50:38.928282,23.37,412.14,33.17,34.54,45.98,Charging,Normal,-0.4665
OVN-EV-001,2026-03-25 08:50:39.638467,22.59,404.98,34.62,43.32,58.39,Charging,Normal,-0.4712
OVN-EV-002,2026-03-25 08:50:41.930756,16.84,408.56,32.1,44.83,45.48,Charging,Normal,-0.4585
OVN-EV-003,2026-03-25 08:50:41.950506,17.59,381.81,33.29,30.59,82.0,Charging,Normal,-0.4977
OVN-EV-001,2026-03-25 08:50:42.647695,11.33,381.89,31.28,35.09,91.08,Charging,Normal,-0.5051
OVN-EV-002,2026-03-25 08:50:44.956626,18.93,388.05,28.25,35.39,44.92,Charging,Normal,-0.4707
OVN-EV-003,2026-03-25 08:50:44.957177,11.27,406.94,33.98,43.42,40.43,Charging,Normal,-0.4732
OVN-EV-001,2026-03-25 08:50:45.648447,14.1,417.71,34.26,37.12,88.91,Charging,Normal,-0.4976
OVN-EV-002,2026-03-25 08:50:47.966776,21.91,490.47,85.32,77.45,53.62,ANOMALY,ANOMALY,-0.6615
OVN-EV-003,2026-03-25 08:50:47.966776,18.16,409.28,33.24,33.14,75.61,Charging,Normal,-0.4392
OVN-EV-001,2026-03-25 08:50:48.643732,16.29,414.27,28.51,34.02,24.74,Charging,Normal,-0.4944
OVN-EV-002,2026-03-25 08:50:50.977002,13.06,405.54,33.52,38.75,23.62,Charging,Normal,-0.4668
OVN-EV-003,2026-03-25 08:50:50.977002,22.22,398.22,32.33,40.75,86.7,Charging,Normal,-0.4478
OVN-EV-001,2026-03-25 08:50:51.664612,19.4,486.95,86.34,85.34,39.22,ANOMALY,ANOMALY,-0.6565
OVN-EV-002,2026-03-25 08:50:53.965506,10.8,392.65,33.02,32.78,92.85,Charging,Normal,-0.5166
OVN-EV-003,2026-03-25 08:50:53.965506,12.95,404.68,28.6,43.43,93.79,Charging,Normal,-0.5246
OVN-EV-001,2026-03-25 08:50:54.668669,20.69,405.85,31.61,38.85,67.45,Charging,Normal,-0.4317
OVN-EV-002,2026-03-25 08:50:56.981631,18.8,394.98,33.99,36.06,82.44,Charging,Normal,-0.442
OVN-EV-003,2026-03-25 08:50:56.981631,23.33,402.65,30.63,40.49,72.63,Charging,Normal,-0.4548
OVN-EV-001,2026-03-25 08:50:57.675075,12.5,393.37,29.9,43.69,50.71,Charging,Normal,-0.4819
OVN-EV-002,2026-03-25 08:50:59.993822,14.81,404.65,32.37,42.12,58.54,Charging,Normal,-0.429
OVN-EV-003,2026-03-25 08:50:59.993822,18.72,404.97,31.37,41.6,70.84,Charging,Normal,-0.4368
OVN-EV-001,2026-03-25 08:51:00.737619,21.18,394.0,28.82,40.82,46.86,Charging,Normal,-0.4485
OVN-EV-003,2026-03-25 08:51:02.989338,23.43,394.07,35.5,31.23,94.78,Charging,Normal,-0.5561
OVN-EV-002,2026-03-25 08:51:02.990208,17.78,391.0,33.66,39.32,62.62,Charging,Normal,-0.4291
OVN-EV-001,2026-03-25 08:51:03.805952,17.53,396.11,28.93,40.88,63.89,Charging,Normal,-0.4368
OVN-EV-003,2026-03-25 08:51:05.989568,19.34,415.81,29.15,40.52,37.23,Charging,Normal,-0.4732
OVN-EV-002,2026-03-25 08:51:05.990105,10.63,396.94,33.38,36.63,20.51,Charging,Normal,-0.5254
OVN-EV-001,2026-03-25 08:51:06.806872,12.69,409.27,33.86,38.3,40.16,Charging,Normal,-0.455
OVN-EV-003,2026-03-25 08:51:09.004933,18.25,412.87,31.07,37.26,40.39,Charging,Normal,-0.4344
OVN-EV-002,2026-03-25 08:51:09.017888,22.68,412.87,29.8,32.85,90.96,Charging,Normal,-0.5102
OVN-EV-001,2026-03-25 08:51:09.823637,18.52,419.84,30.15,34.11,56.76,Charging,Normal,-0.4675
OVN-EV-003,2026-03-25 08:51:12.023985,11.36,389.32,28.75,32.49,93.7,Charging,Normal,-0.5238
OVN-EV-002,2026-03-25 08:51:12.105951,22.89,463.0,82.31,73.06,27.0,ANOMALY,ANOMALY,-0.6942
OVN-EV-001,2026-03-25 08:51:12.831542,15.1,400.81,31.81,44.56,72.37,Charging,Normal,-0.4525
OVN-EV-003,2026-03-25 08:51:15.015151,18.83,405.98,31.98,39.75,65.22,Charging,Normal,-0.4217
OVN-EV-002,2026-03-25 08:51:15.113660,20.95,404.45,35.49,34.85,42.29,Charging,Normal,-0.4782
OVN-EV-001,2026-03-25 08:51:15.853091,23.13,399.56,34.17,34.24,80.69,Charging,Normal,-0.4708
OVN-EV-003,2026-03-25 08:51:18.015015,22.78,403.71,33.11,35.38,37.27,Charging,Normal,-0.4549
OVN-EV-002,2026-03-25 08:51:18.128683,22.65,384.4,28.35,38.24,61.37,Charging,Normal,-0.4822
OVN-EV-001,2026-03-25 08:51:18.868671,22.88,412.9,29.41,33.02,78.34,Charging,Normal,-0.4894
OVN-EV-003,2026-03-25 08:51:21.022472,10.69,403.82,33.52,43.87,83.36,Charging,Normal,-0.4926
OVN-EV-002,2026-03-25 08:51:21.135032,12.58,406.16,30.43,42.36,57.03,Charging,Normal,-0.4543
OVN-EV-001,2026-03-25 08:51:21.873880,12.75,401.83,31.12,31.93,57.07,Charging,Normal,-0.4484
OVN-EV-003,2026-03-25 08:51:24.033411,20.33,387.17,30.39,38.42,61.38,Charging,Normal,-0.4515
OVN-EV-002,2026-03-25 08:51:24.175742,20.99,395.2,33.91,30.73,66.46,Charging,Normal,-0.4679
OVN-EV-001,2026-03-25 08:51:24.890471,17.9,405.08,33.41,42.2,69.81,Charging,Normal,-0.4297
OVN-EV-003,2026-03-25 08:51:27.054541,23.02,384.61,33.15,37.12,70.47,Charging,Normal,-0.4625
OVN-EV-002,2026-03-25 08:51:27.180782,12.19,389.73,30.04,40.0,78.35,Charging,Normal,-0.4743
OVN-EV-001,2026-03-25 08:51:27.907714,18.05,407.7,35.53,32.38,21.26,Charging,Normal,-0.5211
OVN-EV-003,2026-03-25 08:51:30.072724,23.11,383.44,34.7,41.1,41.34,Charging,Normal,-0.4849
OVN-EV-002,2026-03-25 08:51:30.171822,23.25,390.82,32.99,41.02,41.92,Charging,Normal,-0.4604
OVN-EV-001,2026-03-25 08:51:30.909171,15.35,397.93,30.12,31.0,37.42,Charging,Normal,-0.467
OVN-EV-003,2026-03-25 08:51:33.088478,24.35,415.19,32.97,32.86,26.5,Charging,Normal,-0.5319
OVN-EV-002,2026-03-25 08:51:33.174020,16.74,399.85,28.35,30.65,73.69,Charging,Normal,-0.4881
OVN-EV-001,2026-03-25 08:51:33.914641,23.61,385.95,32.59,37.65,72.02,Charging,Normal,-0.466
OVN-EV-003,2026-03-25 08:51:36.107934,17.46,408.59,29.44,44.47,81.57,Charging,Normal,-0.4751
OVN-EV-002,2026-03-25 08:51:36.182237,14.39,412.95,29.37,37.84,78.53,Charging,Normal,-0.4598
OVN-EV-001,2026-03-25 08:51:36.914938,10.09,385.73,31.75,36.34,76.11,Charging,Normal,-0.5057
OVN-EV-003,2026-03-25 08:51:39.128140,11.71,380.69,33.85,33.64,52.85,Charging,Normal,-0.502
OVN-EV-002,2026-03-25 08:51:39.207376,20.15,402.2,31.67,37.0,59.19,Charging,Normal,-0.4261
OVN-EV-001,2026-03-25 08:51:39.924275,12.22,406.5,31.57,39.33,41.09,Charging,Normal,-0.4467
OVN-EV-003,2026-03-25 08:51:42.170660,12.66,404.36,29.86,35.53,48.5,Charging,Normal,-0.445
OVN-EV-002,2026-03-25 08:51:42.233996,20.19,387.22,34.08,37.59,72.07,Charging,Normal,-0.4313
OVN-EV-001,2026-03-25 08:51:42.925823,22.6,383.12,28.56,44.28,50.47,Charging,Normal,-0.5096
OVN-EV-003,2026-03-25 08:51:45.173290,24.87,400.12,35.28,43.26,40.95,Charging,Normal,-0.5202
OVN-EV-002,2026-03-25 08:51:45.236538,17.21,400.04,28.22,36.1,55.68,Charging,Normal,-0.4477
OVN-EV-001,2026-03-25 08:51:45.932768,22.01,413.93,28.72,42.87,84.01,Charging,Normal,-0.4836
OVN-EV-003,2026-03-25 08:51:48.188920,16.35,418.72,28.92,30.76,59.3,Charging,Normal,-0.4922
OVN-EV-002,2026-03-25 08:51:48.254151,17.52,383.88,32.13,37.53,28.06,Charging,Normal,-0.4715
OVN-EV-001,2026-03-25 08:51:48.956083,14.43,400.63,32.57,43.05,82.01,Charging,Normal,-0.4489
OVN-EV-003,2026-03-25 08:51:51.204232,18.91,404.43,32.95,40.7,48.39,Charging,Normal,-0.4202
OVN-EV-002,2026-03-25 08:51:51.252697,24.17,488.38,91.55,81.31,54.79,ANOMALY,ANOMALY,-0.6747
OVN-EV-001,2026-03-25 08:51:51.964914,19.14,406.24,31.14,31.2,75.2,Charging,Normal,-0.4494
OVN-EV-003,2026-03-25 08:51:54.224296,22.27,473.76,81.76,87.27,77.39,ANOMALY,ANOMALY,-0.6916
OVN-EV-002,2026-03-25 08:51:54.261662,22.03,451.34,85.9,81.47,83.51,ANOMALY,ANOMALY,-0.6696
OVN-EV-001,2026-03-25 08:51:54.974562,13.41,390.76,32.88,34.23,38.88,Charging,Normal,-0.4433
OVN-EV-003,2026-03-25 08:51:57.244453,10.21,385.15,35.72,36.29,55.89,Charging,Normal,-0.5239
OVN-EV-002,2026-03-25 08:51:57.244453,16.44,391.58,33.32,44.56,38.14,Charging,Normal,-0.4491
OVN-EV-001,2026-03-25 08:51:57.967211,10.43,409.68,31.34,43.66,52.38,Charging,Normal,-0.4916
OVN-EV-003,2026-03-25 08:52:00.255305,20.03,398.96,34.79,32.32,49.04,Charging,Normal,-0.4494
OVN-EV-002,2026-03-25 08:52:00.255305,12.01,390.04,34.46,30.35,72.9,Charging,Normal,-0.5014
OVN-EV-001,2026-03-25 08:52:00.983399,24.97,396.69,30.97,34.89,27.84,Charging,Normal,-0.5174
OVN-EV-002,2026-03-25 08:52:03.259705,13.65,408.49,30.63,38.85,38.47,Charging,Normal,-0.4338
OVN-EV-003,2026-03-25 08:52:03.259705,24.09,405.01,30.51,30.82,94.15,Charging,Normal,-0.556
OVN-EV-001,2026-03-25 08:52:03.990628,10.09,386.25,34.22,30.51,62.68,Charging,Normal,-0.532
OVN-EV-002,2026-03-25 08:52:06.274681,21.12,408.44,33.6,43.16,80.03,Charging,Normal,-0.4473
OVN-EV-003,2026-03-25 08:52:06.274681,24.02,416.78,31.09,37.02,68.12,Charging,Normal,-0.4816
OVN-EV-001,2026-03-25 08:52:06.989302,22.48,397.1,33.23,35.1,70.83,Charging,Normal,-0.4528
OVN-EV-002,2026-03-25 08:52:09.272226,16.05,399.82,28.13,30.48,44.05,Charging,Normal,-0.48
OVN-EV-003,2026-03-25 08:52:09.303476,19.31,392.82,34.0,40.16,35.02,Charging,Normal,-0.4443
OVN-EV-001,2026-03-25 08:52:09.990595,11.12,381.27,29.1,32.92,43.39,Charging,Normal,-0.4991
OVN-EV-002,2026-03-25 08:52:12.287086,20.62,398.69,34.85,33.5,24.65,Charging,Normal,-0.4859
OVN-EV-003,2026-03-25 08:52:12.318819,18.62,418.31,35.32,44.82,34.71,Charging,Normal,-0.5051
OVN-EV-001,2026-03-25 08:52:12.992259,18.5,413.84,30.96,39.34,90.1,Charging,Normal,-0.4754
OVN-EV-002,2026-03-25 08:52:15.291835,11.73,385.06,32.36,31.34,64.82,Charging,Normal,-0.4914
OVN-EV-003,2026-03-25 08:52:15.293485,19.92,404.05,31.19,33.57,79.18,Charging,Normal,-0.4436
OVN-EV-001,2026-03-25 08:52:15.985815,18.25,402.19,28.05,35.63,65.59,Charging,Normal,-0.4485
OVN-EV-002,2026-03-25 08:52:18.302165,23.07,386.14,31.1,37.17,65.7,Charging,Normal,-0.4605
OVN-EV-003,2026-03-25 08:52:18.302165,19.66,385.61,29.85,40.75,49.12,Charging,Normal,-0.4467
OVN-EV-001,2026-03-25 08:52:18.992503,24.01,418.27,31.13,38.77,42.9,Charging,Normal,-0.4917
OVN-EV-002,2026-03-25 08:52:21.318290,12.15,418.23,28.99,31.66,42.54,Charging,Normal,-0.5112
OVN-EV-003,2026-03-25 08:52:21.318290,11.39,401.12,28.89,33.04,49.14,Charging,Normal,-0.4663
OVN-EV-001,2026-03-25 08:52:22.010241,11.04,393.04,35.3,31.01,30.48,Charging,Normal,-0.5299
OVN-EV-003,2026-03-25 08:52:24.318988,12.36,410.55,30.11,41.7,58.4,Charging,Normal,-0.4489
OVN-EV-002,2026-03-25 08:52:24.318988,12.24,394.95,35.19,31.58,62.75,Charging,Normal,-0.485
OVN-EV-001,2026-03-25 08:52:25.038141,13.63,451.64,88.22,79.21,54.94,ANOMALY,Normal,-0.6458
OVN-EV-003,2026-03-25 08:52:27.315768,10.74,397.4,34.75,44.02,76.15,Charging,Normal,-0.4894
OVN-EV-002,2026-03-25 08:52:27.316288,22.02,412.44,33.64,39.85,81.61,Charging,Normal,-0.4509
OVN-EV-001,2026-03-25 08:52:28.067678,23.13,413.07,30.92,31.01,33.91,Charging,Normal,-0.508
OVN-EV-003,2026-03-25 08:52:30.320779,22.34,394.27,29.41,42.07,76.56,Charging,Normal,-0.4572
OVN-EV-002,2026-03-25 08:52:30.320779,13.92,383.43,35.68,34.37,80.14,Charging,Normal,-0.5017
OVN-EV-001,2026-03-25 08:52:31.075115,12.12,386.62,33.73,41.58,82.27,Charging,Normal,-0.4824
OVN-EV-003,2026-03-25 08:52:33.324113,20.74,398.58,30.27,41.83,20.1,Charging,Normal,-0.4883
OVN-EV-002,2026-03-25 08:52:33.324113,17.41,413.14,32.68,32.0,39.69,Charging,Normal,-0.4482
OVN-EV-001,2026-03-25 08:52:34.079327,21.83,409.06,29.95,42.0,92.63,Charging,Normal,-0.4922
OVN-EV-003,2026-03-25 08:52:36.343123,16.37,398.73,30.2,41.65,78.52,Charging,Normal,-0.4355
OVN-EV-002,2026-03-25 08:52:36.343123,15.97,381.98,33.09,36.03,83.94,Charging,Normal,-0.4692
OVN-EV-001,2026-03-25 08:52:37.090514,14.48,389.56,35.25,31.25,27.89,Charging,Normal,-0.5068
OVN-EV-003,2026-03-25 08:52:39.343556,15.54,383.16,29.57,39.47,54.01,Charging,Normal,-0.4542
OVN-EV-002,2026-03-25 08:52:39.344627,16.06,408.25,33.31,34.2,87.1,Charging,Normal,-0.462
OVN-EV-001,2026-03-25 08:52:40.100639,22.52,401.01,28.04,42.25,74.52,Charging,Normal,-0.4771
OVN-EV-002,2026-03-25 08:52:42.354875,24.01,411.36,35.64,34.28,65.03,Charging,Normal,-0.5032
OVN-EV-003,2026-03-25 08:52:42.354875,11.28,384.17,29.48,41.27,34.82,Charging,Normal,-0.5063
OVN-EV-001,2026-03-25 08:52:43.099560,18.47,416.57,35.96,39.22,56.12,Charging,Normal,-0.4759
OVN-EV-002,2026-03-25 08:52:45.366373,23.95,408.98,29.43,34.6,21.84,Charging,Normal,-0.5018
OVN-EV-003,2026-03-25 08:52:45.366373,11.68,416.11,30.45,41.21,43.77,Charging,Normal,-0.4791
OVN-EV-001,2026-03-25 08:52:46.119023,19.8,406.51,33.43,32.34,66.29,Charging,Normal,-0.4494
OVN-EV-002,2026-03-25 08:52:48.354640,11.2,396.03,28.12,33.28,43.73,Charging,Normal,-0.501
OVN-EV-003,2026-03-25 08:52:48.354640,19.9,410.44,31.35,37.02,72.44,Charging,Normal,-0.4267
OVN-EV-001,2026-03-25 08:52:49.151136,10.79,403.97,33.58,31.65,52.14,Charging,Normal,-0.4848
OVN-EV-002,2026-03-25 08:52:51.362748,24.95,409.76,35.13,41.43,81.34,Charging,Normal,-0.5134
OVN-EV-003,2026-03-25 08:52:51.362748,16.01,383.81,31.32,43.19,66.08,Charging,Normal,-0.4614
OVN-EV-001,2026-03-25 08:52:52.170197,19.09,382.37,29.61,32.74,62.27,Charging,Normal,-0.4578
OVN-EV-002,2026-03-25 08:52:54.358731,19.67,461.43,97.97,84.62,21.85,ANOMALY,ANOMALY,-0.6999
OVN-EV-003,2026-03-25 08:52:54.358731,14.38,396.41,28.01,38.93,70.81,Charging,Normal,-0.4631
OVN-EV-001,2026-03-25 08:52:55.174323,21.75,417.89,29.69,42.89,81.58,Charging,Normal,-0.4768
OVN-EV-002,2026-03-25 08:52:57.364482,15.1,403.07,32.87,43.36,31.82,Charging,Normal,-0.4457
OVN-EV-003,2026-03-25 08:52:57.364482,23.51,401.1,32.83,44.31,20.24,Charging,Normal,-0.5028
OVN-EV-001,2026-03-25 08:52:58.190460,23.25,389.55,31.16,41.54,61.09,Charging,Normal,-0.4583
OVN-EV-002,2026-03-25 08:53:00.373761,17.36,410.19,29.68,36.26,85.28,Charging,Normal,-0.4505
OVN-EV-003,2026-03-25 08:53:00.373761,17.77,396.11,29.64,38.63,22.76,Charging,Normal,-0.4614
OVN-EV-001,2026-03-25 08:53:01.200662,24.14,400.57,35.5,40.75,34.94,Charging,Normal,-0.4957
OVN-EV-003,2026-03-25 08:53:03.382626,17.77,380.2,35.93,35.72,51.93,Charging,Normal,-0.5088
OVN-EV-002,2026-03-25 08:53:03.382626,16.17,400.75,32.84,44.39,43.17,Charging,Normal,-0.4271
OVN-EV-001,2026-03-25 08:53:04.209032,16.63,418.9,34.85,40.32,79.31,Charging,Normal,-0.4728
OVN-EV-003,2026-03-25 08:53:06.382260,14.44,406.51,30.58,36.52,76.55,Charging,Normal,-0.4333
OVN-EV-002,2026-03-25 08:53:06.382260,15.04,393.17,34.33,39.33,34.58,Charging,Normal,-0.4429
OVN-EV-001,2026-03-25 08:53:07.219410,15.93,419.95,34.32,43.82,51.48,Charging,Normal,-0.4799
OVN-EV-003,2026-03-25 08:53:09.383067,23.24,404.3,29.0,39.84,81.03,Charging,Normal,-0.4588
OVN-EV-002,2026-03-25 08:53:09.383067,17.22,410.52,35.95,35.13,43.6,Charging,Normal,-0.4833
OVN-EV-001,2026-03-25 08:53:10.230258,15.11,382.38,29.49,36.23,83.3,Charging,Normal,-0.4728
OVN-EV-003,2026-03-25 08:53:12.385170,18.44,399.03,28.4,44.84,25.97,Charging,Normal,-0.5061
OVN-EV-002,2026-03-25 08:53:12.385170,14.79,380.97,30.9,35.16,83.73,Charging,Normal,-0.467
OVN-EV-001,2026-03-25 08:53:13.242117,18.32,417.36,30.11,37.61,65.93,Charging,Normal,-0.4405
OVN-EV-003,2026-03-25 08:53:15.406673,17.42,393.22,34.67,43.62,20.28,Charging,Normal,-0.5143
OVN-EV-002,2026-03-25 08:53:15.406673,23.83,390.43,30.44,34.61,27.59,Charging,Normal,-0.4928
OVN-EV-001,2026-03-25 08:53:16.242663,20.49,385.5,28.12,30.49,63.64,Charging,Normal,-0.5106
OVN-EV-003,2026-03-25 08:53:18.425559,14.68,402.58,33.31,38.83,93.04,Charging,Normal,-0.4578
OVN-EV-002,2026-03-25 08:53:18.425559,16.08,400.87,35.11,44.33,37.58,Charging,Normal,-0.462
OVN-EV-001,2026-03-25 08:53:19.238449,12.9,415.92,33.69,42.34,84.08,Charging,Normal,-0.4897
OVN-EV-003,2026-03-25 08:53:21.436396,13.38,405.28,28.32,34.31,77.51,Charging,Normal,-0.4649
OVN-EV-002,2026-03-25 08:53:21.436396,15.64,381.73,34.68,40.93,32.84,Charging,Normal,-0.478
OVN-EV-001,2026-03-25 08:53:22.236266,18.37,417.49,30.39,36.87,67.49,Charging,Normal,-0.4439
OVN-EV-003,2026-03-25 08:53:24.446493,20.58,401.91,32.66,42.93,75.01,Charging,Normal,-0.4262
OVN-EV-002,2026-03-25 08:53:24.446493,19.45,381.85,31.08,40.02,37.24,Charging,Normal,-0.4522
OVN-EV-001,2026-03-25 08:53:25.247190,12.83,388.51,33.27,35.15,24.63,Charging,Normal,-0.485
OVN-EV-003,2026-03-25 08:53:27.439772,23.76,384.4,29.65,41.39,24.72,Charging,Normal,-0.5121
OVN-EV-002,2026-03-25 08:53:27.439772,10.68,394.12,31.61,41.33,60.42,Charging,Normal,-0.462
OVN-EV-001,2026-03-25 08:53:28.265762,12.53,382.21,32.39,43.41,61.49,Charging,Normal,-0.4782
OVN-EV-003,2026-03-25 08:53:30.442897,24.32,414.72,29.68,44.34,75.79,Charging,Normal,-0.499
OVN-EV-002,2026-03-25 08:53:30.442897,22.11,390.48,32.04,34.91,93.56,Charging,Normal,-0.4823
OVN-EV-001,2026-03-25 08:53:31.279545,18.01,413.41,31.11,43.22,20.76,Charging,Normal,-0.4905
OVN-EV-003,2026-03-25 08:53:33.441988,14.05,397.41,29.47,38.74,63.12,Charging,Normal,-0.4289
OVN-EV-002,2026-03-25 08:53:33.441988,21.89,385.57,30.27,31.45,67.79,Charging,Normal,-0.4768
OVN-EV-001,2026-03-25 08:53:34.295306,15.66,405.69,30.11,40.63,66.01,Charging,Normal,-0.4312
OVN-EV-003,2026-03-25 08:53:36.445614,10.74,389.72,30.32,44.51,23.14,Charging,Normal,-0.5319
OVN-EV-002,2026-03-25 08:53:36.445614,23.43,414.96,30.67,40.88,88.99,Charging,Normal,-0.4879
OVN-EV-001,2026-03-25 08:53:37.310071,18.39,398.52,34.61,38.49,68.75,Charging,Normal,-0.4294
OVN-EV-003,2026-03-25 08:53:39.440358,15.7,416.84,34.13,30.51,38.3,Charging,Normal,-0.4905
OVN-EV-002,2026-03-25 08:53:39.440358,15.06,408.17,33.81,39.28,59.71,Charging,Normal,-0.4233
OVN-EV-001,2026-03-25 08:53:40.320643,22.17,415.36,29.45,39.71,92.96,Charging,Normal,-0.4895
OVN-EV-002,2026-03-25 08:53:42.456712,11.45,409.59,31.29,43.14,54.0,Charging,Normal,-0.4631
OVN-EV-003,2026-03-25 08:53:42.456712,15.79,390.29,35.75,34.48,79.95,Charging,Normal,-0.4769
OVN-EV-001,2026-03-25 08:53:43.328955,12.1,383.28,30.8,39.71,64.24,Charging,Normal,-0.4623
OVN-EV-002,2026-03-25 08:53:45.460081,10.76,411.58,30.2,32.82,55.05,Charging,Normal,-0.4854
OVN-EV-003,2026-03-25 08:53:45.460081,16.11,396.7,34.02,39.57,26.1,Charging,Normal,-0.4576
OVN-EV-001,2026-03-25 08:53:46.342357,21.47,414.5,35.34,31.96,47.8,Charging,Normal,-0.4912
OVN-EV-002,2026-03-25 08:53:48.459615,13.36,411.11,30.76,32.44,53.31,Charging,Normal,-0.4426
OVN-EV-003,2026-03-25 08:53:48.460091,12.7,415.16,29.89,30.28,48.3,Charging,Normal,-0.4898
OVN-EV-001,2026-03-25 08:53:49.359202,20.99,414.16,32.96,34.42,75.95,Charging,Normal,-0.4575
OVN-EV-002,2026-03-25 08:53:51.459640,19.68,410.12,31.61,38.2,83.12,Charging,Normal,-0.4492
OVN-EV-003,2026-03-25 08:53:51.460157,13.58,383.07,30.02,32.19,67.83,Charging,Normal,-0.4626
OVN-EV-001,2026-03-25 08:53:52.368344,24.42,382.47,30.34,41.76,87.12,Charging,Normal,-0.5209
OVN-EV-002,2026-03-25 08:53:54.464907,17.78,417.17,34.81,31.23,73.98,Charging,Normal,-0.4875
OVN-EV-003,2026-03-25 08:53:54.465613,14.15,485.54,81.49,76.11,74.34,ANOMALY,ANOMALY,-0.6719
OVN-EV-001,2026-03-25 08:53:55.366101,18.96,410.2,29.0,37.04,44.25,Charging,Normal,-0.4414
OVN-EV-002,2026-03-25 08:53:57.485481,12.54,400.76,29.7,35.47,81.3,Charging,Normal,-0.4558
OVN-EV-003,2026-03-25 08:53:57.485481,11.27,388.92,28.7,38.87,67.15,Charging,Normal,-0.4744
OVN-EV-001,2026-03-25 08:53:58.373484,17.74,392.94,28.12,38.39,77.29,Charging,Normal,-0.4654
OVN-EV-002,2026-03-25 08:54:00.491730,10.37,407.91,32.27,43.91,85.52,Charging,Normal,-0.5147
OVN-EV-003,2026-03-25 08:54:00.493546,24.44,411.4,34.24,36.59,29.6,Charging,Normal,-0.5095
OVN-EV-001,2026-03-25 08:54:01.377136,10.94,395.81,32.91,37.0,84.13,Charging,Normal,-0.4784
OVN-EV-002,2026-03-25 08:54:03.492558,17.53,393.73,35.96,31.53,45.79,Charging,Normal,-0.4925
OVN-EV-003,2026-03-25 08:54:03.524090,22.64,395.9,33.3,31.87,86.37,Charging,Normal,-0.4861
OVN-EV-001,2026-03-25 08:54:04.374687,22.48,405.21,29.86,39.78,34.28,Charging,Normal,-0.4478
OVN-EV-002,2026-03-25 08:54:06.495562,21.86,399.75,35.53,30.93,64.9,Charging,Normal,-0.4847
OVN-EV-003,2026-03-25 08:54:06.495562,13.4,381.92,29.35,38.06,50.11,Charging,Normal,-0.4745
OVN-EV-001,2026-03-25 08:54:07.373468,20.68,419.27,29.53,35.15,45.24,Charging,Normal,-0.4896
OVN-EV-002,2026-03-25 08:54:09.505024,10.77,416.13,34.06,40.89,68.97,Charging,Normal,-0.4988
OVN-EV-003,2026-03-25 08:54:09.505024,18.23,397.45,34.99,42.05,32.92,Charging,Normal,-0.459
OVN-EV-001,2026-03-25 08:54:10.394993,10.3,388.27,32.29,41.36,59.34,Charging,Normal,-0.4993
OVN-EV-002,2026-03-25 08:54:12.508188,21.63,386.9,34.96,39.2,25.78,Charging,Normal,-0.4978
OVN-EV-003,2026-03-25 08:54:12.510405,24.61,401.64,32.98,34.65,29.45,Charging,Normal,-0.5024
OVN-EV-001,2026-03-25 08:54:13.393965,16.31,390.23,30.29,37.79,44.26,Charging,Normal,-0.4434
OVN-EV-002,2026-03-25 08:54:15.511550,19.7,392.17,34.86,41.04,55.03,Charging,Normal,-0.4484
OVN-EV-003,2026-03-25 08:54:15.511550,10.8,384.18,35.14,30.11,43.88,Charging,Normal,-0.5487
OVN-EV-001,2026-03-25 08:54:16.390409,15.01,419.91,29.19,43.56,54.75,Charging,Normal,-0.4888
OVN-EV-002,2026-03-25 08:54:18.523118,11.61,391.94,32.51,36.86,37.92,Charging,Normal,-0.4566
OVN-EV-003,2026-03-25 08:54:18.523118,10.39,398.28,32.02,33.1,64.99,Charging,Normal,-0.4823
OVN-EV-001,2026-03-25 08:54:19.409482,15.1,416.72,29.96,35.9,81.01,Charging,Normal,-0.4586
OVN-EV-002,2026-03-25 08:54:21.521963,22.93,382.96,33.44,32.39,73.82,Charging,Normal,-0.4793
OVN-EV-003,2026-03-25 08:54:21.521963,15.96,394.44,34.9,41.35,81.43,Charging,Normal,-0.4521
OVN-EV-001,2026-03-25 08:54:22.410906,19.95,390.08,31.51,41.85,52.06,Charging,Normal,-0.4425
OVN-EV-002,2026-03-25 08:54:24.510097,13.81,382.96,30.72,43.13,74.53,Charging,Normal,-0.4635
OVN-EV-003,2026-03-25 08:54:24.510588,23.37,397.63,28.17,43.16,84.9,Charging,Normal,-0.511
OVN-EV-001,2026-03-25 08:54:25.417292,16.82,405.41,34.33,38.4,30.13,Charging,Normal,-0.4544
OVN-EV-002,2026-03-25 08:54:27.524780,16.37,387.76,29.14,35.5,47.03,Charging,Normal,-0.4575
OVN-EV-003,2026-03-25 08:54:27.524780,16.85,386.36,35.4,37.85,40.93,Charging,Normal,-0.4745
OVN-EV-001,2026-03-25 08:54:28.438015,24.62,387.96,32.81,35.54,34.28,Charging,Normal,-0.5027
OVN-EV-002,2026-03-25 08:54:30.526340,16.55,471.36,98.41,74.75,86.35,ANOMALY,ANOMALY,-0.681
OVN-EV-003,2026-03-25 08:54:30.527696,11.09,391.68,28.9,30.63,52.64,Charging,Normal,-0.5053
OVN-EV-001,2026-03-25 08:54:31.437341,24.9,409.48,29.09,36.94,27.8,Charging,Normal,-0.5119
OVN-EV-002,2026-03-25 08:54:33.540787,16.87,391.05,28.16,30.71,56.65,Charging,Normal,-0.498
OVN-EV-003,2026-03-25 08:54:33.540787,12.69,411.13,29.37,38.17,36.06,Charging,Normal,-0.462
OVN-EV-001,2026-03-25 08:54:34.440579,17.6,415.95,30.75,43.69,38.83,Charging,Normal,-0.4483
OVN-EV-002,2026-03-25 08:54:36.559996,12.46,381.08,28.34,43.21,43.85,Charging,Normal,-0.5139
OVN-EV-003,2026-03-25 08:54:36.560901,18.64,412.87,33.53,30.66,65.31,Charging,Normal,-0.4677
OVN-EV-001,2026-03-25 08:54:37.441865,23.5,387.16,35.61,37.69,44.13,Charging,Normal,-0.501
OVN-EV-002,2026-03-25 08:54:39.570211,13.06,411.99,29.82,35.78,59.31,Charging,Normal,-0.4446
OVN-EV-003,2026-03-25 08:54:39.571090,16.21,390.77,32.58,33.05,44.55,Charging,Normal,-0.4385
OVN-EV-001,2026-03-25 08:54:40.439169,11.7,383.38,30.32,34.53,60.68,Charging,Normal,-0.4666
OVN-EV-002,2026-03-25 08:54:42.560350,16.51,402.15,29.49,38.02,52.14,Charging,Normal,-0.4237
OVN-EV-003,2026-03-25 08:54:42.585021,19.13,417.5,29.56,31.34,20.41,Charging,Normal,-0.5161
OVN-EV-001,2026-03-25 08:54:43.456653,19.62,414.49,28.32,44.52,76.84,Charging,Normal,-0.4916
OVN-EV-002,2026-03-25 08:54:45.566142,10.03,414.73,35.36,31.76,93.56,Charging,Normal,-0.5854
OVN-EV-003,2026-03-25 08:54:45.594423,17.07,386.41,28.43,35.13,69.97,Charging,Normal,-0.4553
OVN-EV-001,2026-03-25 08:54:46.455851,19.05,408.4,34.9,37.42,83.17,Charging,Normal,-0.4497
OVN-EV-002,2026-03-25 08:54:48.578761,10.73,417.96,32.41,31.28,75.7,Charging,Normal,-0.5432
OVN-EV-003,2026-03-25 08:54:48.610451,14.55,407.85,33.03,36.88,64.65,Charging,Normal,-0.4176
OVN-EV-001,2026-03-25 08:54:49.458274,18.03,386.6,35.27,43.28,84.21,Charging,Normal,-0.5049
OVN-EV-002,2026-03-25 08:54:51.585181,23.86,405.02,31.42,41.06,52.09,Charging,Normal,-0.4457
OVN-EV-003,2026-03-25 08:54:51.632385,13.66,385.24,30.1,40.12,56.64,Charging,Normal,-0.4486
OVN-EV-001,2026-03-25 08:54:52.471749,22.59,390.14,32.39,31.19,44.85,Charging,Normal,-0.4758
OVN-EV-002,2026-03-25 08:54:54.590796,17.82,413.34,29.19,43.08,21.62,Charging,Normal,-0.4939
OVN-EV-003,2026-03-25 08:54:54.626895,18.27,405.21,28.77,37.65,51.11,Charging,Normal,-0.4252
OVN-EV-001,2026-03-25 08:54:55.488790,15.07,452.17,99.02,89.0,34.69,ANOMALY,ANOMALY,-0.7032
OVN-EV-002,2026-03-25 08:54:57.604781,12.19,398.92,28.62,32.25,84.03,Charging,Normal,-0.502
OVN-EV-003,2026-03-25 08:54:57.628159,14.3,403.52,32.22,38.64,74.3,Charging,Normal,-0.4246
OVN-EV-001,2026-03-25 08:54:58.495470,13.49,403.47,33.46,42.85,75.81,Charging,Normal,-0.4516
OVN-EV-002,2026-03-25 08:55:00.606641,17.91,410.72,33.78,31.32,74.96,Charging,Normal,-0.4561
OVN-EV-003,2026-03-25 08:55:00.634530,10.64,415.85,34.17,41.78,93.1,Charging,Normal,-0.5415
OVN-EV-001,2026-03-25 08:55:01.500374,22.1,408.46,29.54,39.13,65.15,Charging,Normal,-0.4413
OVN-EV-002,2026-03-25 08:55:03.615908,17.92,419.11,29.84,34.26,94.71,Charging,Normal,-0.5057
OVN-EV-003,2026-03-25 08:55:03.647394,21.33,402.43,29.72,36.85,56.33,Charging,Normal,-0.4251
OVN-EV-001,2026-03-25 08:55:04.501896,10.99,396.29,30.98,41.59,89.93,Charging,Normal,-0.5083
OVN-EV-002,2026-03-25 08:55:06.617726,13.85,380.58,28.63,43.76,24.69,Charging,Normal,-0.525
OVN-EV-003,2026-03-25 08:55:06.653823,13.93,399.43,30.18,42.62,22.1,Charging,Normal,-0.4679
OVN-EV-001,2026-03-25 08:55:07.501092,20.56,394.87,31.81,35.17,70.72,Charging,Normal,-0.4264
OVN-EV-002,2026-03-25 08:55:09.610648,15.98,405.66,30.36,37.99,28.82,Charging,Normal,-0.439
OVN-EV-003,2026-03-25 08:55:09.661222,17.75,391.86,30.25,31.74,87.8,Charging,Normal,-0.4698
OVN-EV-001,2026-03-25 08:55:10.511417,15.73,391.04,29.5,40.93,50.38,Charging,Normal,-0.4315
OVN-EV-002,2026-03-25 08:55:12.614622,18.07,386.64,34.62,40.95,47.04,Charging,Normal,-0.4551
OVN-EV-003,2026-03-25 08:55:12.676695,20.99,417.59,32.03,37.08,25.8,Charging,Normal,-0.483
OVN-EV-001,2026-03-25 08:55:13.523666,24.86,384.25,28.16,43.42,46.58,Charging,Normal,-0.5314
OVN-EV-002,2026-03-25 08:55:15.623475,14.21,390.24,30.01,32.49,30.84,Charging,Normal,-0.4767
OVN-EV-003,2026-03-25 08:55:15.673049,18.62,412.46,33.84,42.43,60.47,Charging,Normal,-0.4437
OVN-EV-001,2026-03-25 08:55:16.525768,15.61,381.62,32.61,37.24,91.64,Charging,Normal,-0.4848
OVN-EV-002,2026-03-25 08:55:18.629933,15.39,416.01,31.24,41.66,60.12,Charging,Normal,-0.4525
OVN-EV-003,2026-03-25 08:55:18.693076,23.12,381.91,35.93,41.43,42.02,Charging,Normal,-0.5189
OVN-EV-001,2026-03-25 08:55:19.552172,16.02,408.85,35.99,40.38,58.96,Charging,Normal,-0.4566
OVN-EV-002,2026-03-25 08:55:21.632107,12.66,405.67,31.08,38.71,25.74,Charging,Normal,-0.46
OVN-EV-003,2026-03-25 08:55:21.695049,18.25,412.27,28.6,41.37,35.33,Charging,Normal,-0.4632
OVN-EV-001,2026-03-25 08:55:22.552355,10.43,400.34,30.87,38.9,55.17,Charging,Normal,-0.4726
OVN-EV-002,2026-03-25 08:55:24.635711,15.41,475.32,80.56,81.23,23.07,ANOMALY,ANOMALY,-0.6836
OVN-EV-003,2026-03-25 08:55:24.699090,22.25,391.07,32.27,42.68,26.92,Charging,Normal,-0.4799
OVN-EV-001,2026-03-25 08:55:25.556975,17.61,405.56,34.43,32.05,46.32,Charging,Normal,-0.4589
OVN-EV-002,2026-03-25 08:55:27.645004,10.95,383.46,30.92,34.8,71.35,Charging,Normal,-0.4913
OVN-EV-003,2026-03-25 08:55:27.725151,17.89,391.11,28.12,39.77,55.98,Charging,Normal,-0.4533
OVN-EV-001,2026-03-25 08:55:28.570238,14.65,400.72,34.43,40.96,32.06,Charging,Normal,-0.4473
OVN-EV-002,2026-03-25 08:55:30.655901,11.14,472.37,94.35,86.96,64.08,ANOMALY,ANOMALY,-0.6675
OVN-EV-003,2026-03-25 08:55:30.720424,17.54,411.1,35.3,44.53,88.14,Charging,Normal,-0.4869
OVN-EV-001,2026-03-25 08:55:31.567858,18.4,400.17,28.86,42.48,45.85,Charging,Normal,-0.433
OVN-EV-002,2026-03-25 08:55:33.672240,19.59,405.74,28.67,42.77,53.01,Charging,Normal,-0.4427
OVN-EV-003,2026-03-25 08:55:33.735573,11.63,450.72,91.14,70.39,27.02,ANOMALY,ANOMALY,-0.7092
OVN-EV-001,2026-03-25 08:55:34.567327,20.38,411.43,30.94,42.7,45.66,Charging,Normal,-0.4459
OVN-EV-002,2026-03-25 08:55:36.678728,17.46,387.97,32.26,36.48,22.52,Charging,Normal,-0.4572
OVN-EV-003,2026-03-25 08:55:36.742638,17.84,380.3,29.48,30.0,92.33,Charging,Normal,-0.5408
OVN-EV-001,2026-03-25 08:55:37.582392,11.85,385.28,34.95,40.75,49.71,Charging,Normal,-0.4932
OVN-EV-002,2026-03-25 08:55:39.679377,15.88,402.13,33.31,35.77,40.25,Charging,Normal,-0.426
OVN-EV-003,2026-03-25 08:55:39.742468,15.19,488.06,98.07,78.14,64.78,ANOMALY,ANOMALY,-0.6672
OVN-EV-001,2026-03-25 08:55:40.593398,11.86,405.69,35.46,37.37,29.98,Charging,Normal,-0.4923
OVN-EV-002,2026-03-25 08:55:42.691903,15.24,385.31,32.62,37.57,62.98,Charging,Normal,-0.4412
OVN-EV-003,2026-03-25 08:55:42.741431,11.18,452.93,91.09,79.72,64.8,ANOMALY,ANOMALY,-0.656
OVN-EV-001,2026-03-25 08:55:43.611292,11.83,409.7,31.17,42.25,86.95,Charging,Normal,-0.4821
OVN-EV-002,2026-03-25 08:55:45.711092,13.8,418.34,33.11,35.85,49.11,Charging,Normal,-0.4512
OVN-EV-003,2026-03-25 08:55:45.758291,19.61,414.46,34.43,44.11,41.88,Charging,Normal,-0.4669
OVN-EV-001,2026-03-25 08:55:46.625973,24.78,405.73,31.8,37.38,29.68,Charging,Normal,-0.4963
OVN-EV-002,2026-03-25 08:55:48.712185,19.6,458.82,99.53,71.11,44.74,ANOMALY,ANOMALY,-0.6649
OVN-EV-003,2026-03-25 08:55:48.753677,18.86,404.98,32.63,43.42,25.28,Charging,Normal,-0.4701
OVN-EV-001,2026-03-25 08:55:49.631895,19.25,411.59,35.45,31.1,42.71,Charging,Normal,-0.4972
OVN-EV-002,2026-03-25 08:55:51.727390,13.41,407.33,34.33,33.46,29.07,Charging,Normal,-0.4744
OVN-EV-003,2026-03-25 08:55:51.748131,17.27,414.23,29.65,31.72,94.2,Charging,Normal,-0.5131
OVN-EV-001,2026-03-25 08:55:52.633581,22.56,408.43,28.43,39.28,69.18,Charging,Normal,-0.4675
OVN-EV-002,2026-03-25 08:55:54.744730,12.71,384.54,29.66,35.57,87.41,Charging,Normal,-0.472
OVN-EV-003,2026-03-25 08:55:54.744730,15.67,393.28,31.42,42.0,33.3,Charging,Normal,-0.4403
OVN-EV-001,2026-03-25 08:55:55.623805,17.78,387.79,30.54,43.29,44.13,Charging,Normal,-0.4516
OVN-EV-002,2026-03-25 08:55:57.751285,13.63,399.93,31.51,32.2,57.12,Charging,Normal,-0.4393
OVN-EV-003,2026-03-25 08:55:57.751285,17.29,382.87,32.78,35.79,45.72,Charging,Normal,-0.4382
OVN-EV-001,2026-03-25 08:55:58.645588,13.44,384.05,33.91,31.8,52.67,Charging,Normal,-0.4757
OVN-EV-002,2026-03-25 08:56:00.757762,13.62,405.76,31.93,40.52,54.85,Charging,Normal,-0.4291
OVN-EV-003,2026-03-25 08:56:00.757762,16.26,408.39,31.04,31.16,52.42,Charging,Normal,-0.4502
OVN-EV-001,2026-03-25 08:56:01.656603,16.44,401.48,35.46,44.02,60.32,Charging,Normal,-0.4602
OVN-EV-003,2026-03-25 08:56:03.772256,10.06,409.51,31.51,33.28,65.52,Charging,Normal,-0.5083
OVN-EV-002,2026-03-25 08:56:03.772256,15.0,384.44,31.34,36.21,49.55,Charging,Normal,-0.4377
OVN-EV-001,2026-03-25 08:56:04.658531,12.27,413.29,28.82,32.83,81.96,Charging,Normal,-0.507
OVN-EV-003,2026-03-25 08:56:06.770667,24.35,399.37,32.92,37.99,61.61,Charging,Normal,-0.4772
OVN-EV-002,2026-03-25 08:56:06.771738,14.8,400.51,29.54,33.18,31.01,Charging,Normal,-0.4531
OVN-EV-001,2026-03-25 08:56:07.678441,21.79,419.25,34.85,43.73,92.5,Charging,Normal,-0.5386
OVN-EV-003,2026-03-25 08:56:09.777508,15.85,406.79,28.26,32.87,27.76,Charging,Normal,-0.4928
OVN-EV-002,2026-03-25 08:56:09.778460,24.01,401.98,34.64,40.89,86.29,Charging,Normal,-0.4904
OVN-EV-001,2026-03-25 08:56:10.681159,16.87,413.74,29.81,34.01,28.59,Charging,Normal,-0.4601
OVN-EV-003,2026-03-25 08:56:12.796035,16.75,383.82,31.99,34.7,86.82,Charging,Normal,-0.4599
OVN-EV-002,2026-03-25 08:56:12.796035,10.31,471.25,99.36,74.01,72.16,ANOMALY,ANOMALY,-0.685
OVN-EV-001,2026-03-25 08:56:13.675516,18.0,417.02,33.24,37.43,59.14,Charging,Normal,-0.4412
OVN-EV-003,2026-03-25 08:56:15.803756,11.04,419.31,35.16,44.44,88.87,Charging,Normal,-0.5513
OVN-EV-002,2026-03-25 08:56:15.803756,22.2,451.44,90.35,70.61,58.04,ANOMALY,Normal,-0.6429
OVN-EV-001,2026-03-25 08:56:16.679231,14.08,381.0,30.1,38.39,40.64,Charging,Normal,-0.4512
OVN-EV-003,2026-03-25 08:56:18.809285,11.29,394.67,34.78,35.14,80.58,Charging,Normal,-0.4784
OVN-EV-002,2026-03-25 08:56:18.810548,22.64,392.77,31.32,37.73,35.71,Charging,Normal,-0.4563
OVN-EV-001,2026-03-25 08:56:19.676376,21.8,389.71,33.79,41.61,20.32,Charging,Normal,-0.4957
OVN-EV-003,2026-03-25 08:56:21.828058,11.48,394.3,32.79,38.34,62.75,Charging,Normal,-0.4482
OVN-EV-002,2026-03-25 08:56:21.828058,19.94,399.72,29.21,39.17,34.93,Charging,Normal,-0.4434
OVN-EV-001,2026-03-25 08:56:22.684018,24.71,394.74,29.88,30.52,25.3,Charging,Normal,-0.533
OVN-EV-003,2026-03-25 08:56:24.851091,24.21,413.9,33.18,41.35,80.43,Charging,Normal,-0.4942
OVN-EV-002,2026-03-25 08:56:24.851091,13.78,381.66,31.52,35.37,84.22,Charging,Normal,-0.4642
OVN-EV-001,2026-03-25 08:56:25.695860,22.93,401.08,32.05,33.05,66.75,Charging,Normal,-0.4535
OVN-EV-003,2026-03-25 08:56:27.865999,22.18,414.13,32.86,37.82,58.66,Charging,Normal,-0.4472
OVN-EV-002,2026-03-25 08:56:27.867121,24.41,388.51,28.72,31.0,87.94,Charging,Normal,-0.5508
OVN-EV-001,2026-03-25 08:56:28.698664,18.06,399.12,28.68,37.74,39.08,Charging,Normal,-0.4387
OVN-EV-003,2026-03-25 08:56:30.865237,17.23,398.7,29.0,41.54,90.03,Charging,Normal,-0.4653
OVN-EV-002,2026-03-25 08:56:30.865237,11.32,459.3,92.06,74.4,50.59,ANOMALY,ANOMALY,-0.6608
OVN-EV-001,2026-03-25 08:56:31.712817,19.37,408.68,28.42,37.1,47.38,Charging,Normal,-0.4479
OVN-EV-003,2026-03-25 08:56:33.854360,18.94,385.03,35.22,33.9,28.3,Charging,Normal,-0.497
OVN-EV-002,2026-03-25 08:56:33.854360,19.23,417.46,29.64,41.82,59.85,Charging,Normal,-0.4594
OVN-EV-001,2026-03-25 08:56:34.729276,16.1,418.79,35.58,35.85,53.54,Charging,Normal,-0.4769
OVN-EV-003,2026-03-25 08:56:36.857020,10.43,399.73,33.51,42.91,30.3,Charging,Normal,-0.5015
OVN-EV-002,2026-03-25 08:56:36.857020,15.96,404.22,31.9,39.75,41.52,Charging,Normal,-0.4083
OVN-EV-001,2026-03-25 08:56:37.743167,12.28,415.01,32.68,44.56,67.86,Charging,Normal,-0.4823
OVN-EV-003,2026-03-25 08:56:39.862015,19.51,419.91,29.78,43.04,63.94,Charging,Normal,-0.4899
OVN-EV-002,2026-03-25 08:56:39.862015,14.5,418.13,29.53,34.94,56.72,Charging,Normal,-0.461
OVN-EV-001,2026-03-25 08:56:40.769465,14.94,385.38,30.64,38.37,38.86,Charging,Normal,-0.4435
OVN-EV-002,2026-03-25 08:56:42.871120,10.23,385.02,29.2,30.76,41.03,Charging,Normal,-0.5489
OVN-EV-003,2026-03-25 08:56:42.872552,20.57,412.73,29.08,43.71,80.99,Charging,Normal,-0.4728
OVN-EV-001,2026-03-25 08:56:43.768355,21.2,398.22,29.73,42.16,48.05,Charging,Normal,-0.4358
OVN-EV-002,2026-03-25 08:56:45.888593,12.44,381.29,31.42,31.52,21.2,Charging,Normal,-0.5312
OVN-EV-003,2026-03-25 08:56:45.888593,22.32,387.61,35.31,44.42,49.45,Charging,Normal,-0.5038
OVN-EV-001,2026-03-25 08:56:46.769508,22.2,410.16,32.3,30.99,65.15,Charging,Normal,-0.4733
OVN-EV-002,2026-03-25 08:56:48.899072,21.33,409.51,28.01,44.44,52.33,Charging,Normal,-0.4971
OVN-EV-003,2026-03-25 08:56:48.899072,21.38,389.74,31.56,32.87,85.11,Charging,Normal,-0.4809
OVN-EV-001,2026-03-25 08:56:49.780805,21.36,407.21,31.47,41.77,86.59,Charging,Normal,-0.4675
OVN-EV-002,2026-03-25 08:56:51.905869,10.78,411.52,32.47,44.75,36.6,Charging,Normal,-0.508
OVN-EV-003,2026-03-25 08:56:51.905869,14.68,418.12,35.21,32.32,76.13,Charging,Normal,-0.506
OVN-EV-001,2026-03-25 08:56:52.794697,21.59,380.15,35.79,39.95,87.26,Charging,Normal,-0.5329
OVN-EV-002,2026-03-25 08:56:54.913491,13.55,417.4,35.08,41.81,30.84,Charging,Normal,-0.5126
OVN-EV-003,2026-03-25 08:56:54.914157,14.1,385.5,35.85,38.76,81.56,Charging,Normal,-0.4933
OVN-EV-001,2026-03-25 08:56:55.811771,19.0,414.55,29.94,33.35,29.41,Charging,Normal,-0.4759
OVN-EV-002,2026-03-25 08:56:57.912219,24.57,400.05,29.31,37.55,45.56,Charging,Normal,-0.4806
OVN-EV-003,2026-03-25 08:56:57.913701,24.74,384.27,29.78,36.92,40.03,Charging,Normal,-0.4898
OVN-EV-001,2026-03-25 08:56:58.830104,11.56,409.96,30.64,37.55,69.83,Charging,Normal,-0.4533
OVN-EV-002,2026-03-25 08:57:00.913872,23.49,387.62,35.37,30.42,49.56,Charging,Normal,-0.5175
OVN-EV-003,2026-03-25 08:57:00.913872,14.1,384.25,30.22,42.51,23.03,Charging,Normal,-0.5001
OVN-EV-001,2026-03-25 08:57:01.831090,12.82,390.21,34.24,31.98,32.02,Charging,Normal,-0.487
OVN-EV-002,2026-03-25 08:57:03.919155,24.66,399.7,29.52,44.6,86.65,Charging,Normal,-0.5343
OVN-EV-003,2026-03-25 08:57:03.919155,21.05,409.16,33.3,30.14,56.78,Charging,Normal,-0.4833
OVN-EV-001,2026-03-25 08:57:04.827431,24.15,417.97,33.34,44.77,27.88,Charging,Normal,-0.5454
OVN-EV-002,2026-03-25 08:57:06.927617,23.41,416.24,30.19,39.27,22.6,Charging,Normal,-0.5064
OVN-EV-003,2026-03-25 08:57:06.927617,24.45,396.28,33.99,38.37,86.6,Charging,Normal,-0.5021
OVN-EV-001,2026-03-25 08:57:07.847955,15.39,416.48,35.24,43.94,42.96,Charging,Normal,-0.4818
OVN-EV-002,2026-03-25 08:57:09.930469,17.53,389.12,28.73,43.84,61.99,Charging,Normal,-0.4625
OVN-EV-003,2026-03-25 08:57:09.930469,18.55,404.52,32.28,32.19,24.46,Charging,Normal,-0.4768
OVN-EV-001,2026-03-25 08:57:10.847157,16.23,399.6,33.94,43.34,85.12,Charging,Normal,-0.4499
OVN-EV-002,2026-03-25 08:57:12.933332,23.13,391.25,34.36,38.11,90.9,Charging,Normal,-0.4967
OVN-EV-003,2026-03-25 08:57:12.934591,10.63,383.43,29.19,40.82,52.38,Charging,Normal,-0.4955
OVN-EV-001,2026-03-25 08:57:13.850659,10.19,389.61,31.68,43.2,62.97,Charging,Normal,-0.5037
OVN-EV-002,2026-03-25 08:57:15.947013,24.52,399.85,31.98,39.71,62.95,Charging,Normal,-0.4761
OVN-EV-003,2026-03-25 08:57:15.947013,19.92,396.38,33.37,44.9,70.82,Charging,Normal,-0.464
OVN-EV-001,2026-03-25 08:57:16.847116,16.06,385.34,34.5,34.57,42.84,Charging,Normal,-0.4521
OVN-EV-002,2026-03-25 08:57:18.956395,14.86,391.24,34.65,33.54,35.35,Charging,Normal,-0.4584
OVN-EV-003,2026-03-25 08:57:18.956395,13.06,411.68,32.67,38.85,77.34,Charging,Normal,-0.4517
OVN-EV-001,2026-03-25 08:57:19.858530,13.21,390.91,28.06,43.27,87.14,Charging,Normal,-0.5068
OVN-EV-002,2026-03-25 08:57:21.955491,21.55,408.2,30.3,33.99,40.47,Charging,Normal,-0.4564
OVN-EV-003,2026-03-25 08:57:21.955491,15.67,416.92,31.98,32.51,32.08,Charging,Normal,-0.4808
OVN-EV-001,2026-03-25 08:57:22.875931,17.02,479.35,81.5,89.21,91.72,ANOMALY,ANOMALY,-0.695
OVN-EV-002,2026-03-25 08:57:24.955854,14.0,416.3,29.78,33.79,42.29,Charging,Normal,-0.4645
OVN-EV-003,2026-03-25 08:57:24.955854,14.55,414.11,34.32,33.1,93.32,Charging,Normal,-0.5128
OVN-EV-001,2026-03-25 08:57:25.896007,17.47,408.63,30.11,33.13,24.49,Charging,Normal,-0.4652
OVN-EV-002,2026-03-25 08:57:27.973804,10.14,383.08,30.52,31.99,75.36,Charging,Normal,-0.5259
OVN-EV-003,2026-03-25 08:57:27.973804,23.83,417.85,28.95,44.56,93.4,Charging,Normal,-0.5641
OVN-EV-001,2026-03-25 08:57:28.899490,21.92,411.98,29.61,37.97,26.16,Charging,Normal,-0.4912
OVN-EV-002,2026-03-25 08:57:30.977382,10.96,405.61,29.61,31.88,79.13,Charging,Normal,-0.4969
OVN-EV-003,2026-03-25 08:57:30.977382,17.01,415.07,35.6,34.54,69.4,Charging,Normal,-0.4799
OVN-EV-001,2026-03-25 08:57:31.893558,11.81,390.3,33.8,31.62,83.19,Charging,Normal,-0.4942
OVN-EV-002,2026-03-25 08:57:33.982107,16.58,400.5,30.44,44.29,59.29,Charging,Normal,-0.4343
OVN-EV-003,2026-03-25 08:57:33.982691,17.48,396.24,30.53,44.62,22.28,Charging,Normal,-0.505
OVN-EV-001,2026-03-25 08:57:34.893197,11.63,407.9,32.64,39.93,93.59,Charging,Normal,-0.5024
OVN-EV-002,2026-03-25 08:57:36.992026,20.12,408.37,34.98,39.5,62.75,Charging,Normal,-0.4544
OVN-EV-003,2026-03-25 08:57:36.992026,22.99,394.12,28.42,37.13,31.68,Charging,Normal,-0.4849
OVN-EV-001,2026-03-25 08:57:37.907174,14.18,403.41,34.77,43.21,24.52,Charging,Normal,-0.4883
OVN-EV-002,2026-03-25 08:57:40.008612,14.04,409.29,28.13,44.08,69.57,Charging,Normal,-0.4699
OVN-EV-003,2026-03-25 08:57:40.010621,22.98,407.3,33.94,34.66,83.03,Charging,Normal,-0.4733
OVN-EV-001,2026-03-25 08:57:40.912525,22.93,380.49,33.13,36.99,66.69,Charging,Normal,-0.4831
OVN-EV-003,2026-03-25 08:57:43.029188,14.89,395.41,29.21,43.79,39.6,Charging,Normal,-0.4516
OVN-EV-002,2026-03-25 08:57:43.029710,15.39,403.7,35.83,39.81,23.61,Charging,Normal,-0.499
OVN-EV-001,2026-03-25 08:57:43.910782,23.58,410.4,29.73,36.22,73.28,Charging,Normal,-0.4683
OVN-EV-003,2026-03-25 08:57:46.048041,16.46,404.0,35.66,36.82,26.3,Charging,Normal,-0.5008
OVN-EV-002,2026-03-25 08:57:46.049179,19.67,391.79,30.5,30.85,82.63,Charging,Normal,-0.4657
OVN-EV-001,2026-03-25 08:57:46.926949,15.1,402.69,30.21,35.49,33.58,Charging,Normal,-0.4376
OVN-EV-003,2026-03-25 08:57:49.055129,11.01,396.51,32.05,35.61,91.95,Charging,Normal,-0.4907
OVN-EV-002,2026-03-25 08:57:49.056508,23.36,404.92,28.1,35.79,81.13,Charging,Normal,-0.4757
OVN-EV-001,2026-03-25 08:57:49.930368,14.99,418.94,31.22,38.5,54.89,Charging,Normal,-0.4719
OVN-EV-003,2026-03-25 08:57:52.063493,14.67,386.0,30.79,41.77,54.84,Charging,Normal,-0.4529
OVN-EV-002,2026-03-25 08:57:52.064365,11.08,415.83,35.83,36.36,68.22,Charging,Normal,-0.5144
OVN-EV-001,2026-03-25 08:57:52.945635,22.21,389.8,34.74,40.72,82.34,Charging,Normal,-0.4672
OVN-EV-003,2026-03-25 08:57:55.074771,16.1,402.86,35.56,36.51,33.16,Charging,Normal,-0.477
OVN-EV-002,2026-03-25 08:57:55.074771,20.46,396.67,30.11,36.37,25.14,Charging,Normal,-0.4635
OVN-EV-001,2026-03-25 08:57:55.948091,21.39,386.42,35.54,41.25,55.59,Charging,Normal,-0.4748
OVN-EV-003,2026-03-25 08:57:58.079249,17.15,399.62,32.61,40.9,59.65,Charging,Normal,-0.4246
OVN-EV-002,2026-03-25 08:57:58.081298,14.49,405.43,29.27,43.49,55.31,Charging,Normal,-0.4584
OVN-EV-001,2026-03-25 08:57:58.960696,10.82,406.81,34.72,34.36,94.22,Charging,Normal,-0.5267
OVN-EV-003,2026-03-25 08:58:01.093224,10.31,381.43,29.68,32.65,81.29,Charging,Normal,-0.5182
OVN-EV-002,2026-03-25 08:58:01.093224,13.48,417.96,29.85,38.01,76.46,Charging,Normal,-0.4757
OVN-EV-001,2026-03-25 08:58:01.959865,23.5,382.88,28.71,30.84,84.69,Charging,Normal,-0.5206
OVN-EV-002,2026-03-25 08:58:04.098002,23.83,396.93,34.93,34.37,29.3,Charging,Normal,-0.4946
OVN-EV-003,2026-03-25 08:58:04.099924,22.32,415.54,31.08,31.82,33.26,Charging,Normal,-0.4843
OVN-EV-001,2026-03-25 08:58:04.950201,15.77,383.14,31.0,41.63,74.06,Charging,Normal,-0.4568
OVN-EV-002,2026-03-25 08:58:07.093977,11.06,403.78,32.41,44.99,47.71,Charging,Normal,-0.4901
OVN-EV-003,2026-03-25 08:58:07.094709,13.86,396.79,28.34,30.07,72.43,Charging,Normal,-0.4855
OVN-EV-001,2026-03-25 08:58:07.962978,22.46,400.26,32.55,42.73,33.16,Charging,Normal,-0.4723
OVN-EV-002,2026-03-25 08:58:10.094327,13.58,395.14,34.36,43.4,86.12,Charging,Normal,-0.4759
OVN-EV-003,2026-03-25 08:58:10.094327,19.64,385.02,29.68,37.66,86.6,Charging,Normal,-0.4697
OVN-EV-001,2026-03-25 08:58:10.972374,24.68,412.58,31.07,33.89,79.25,Charging,Normal,-0.4909
OVN-EV-002,2026-03-25 08:58:13.111863,22.51,414.44,33.23,42.06,58.47,Charging,Normal,-0.4629
OVN-EV-003,2026-03-25 08:58:13.111863,15.09,415.42,32.5,33.33,85.39,Charging,Normal,-0.4771
OVN-EV-001,2026-03-25 08:58:13.982255,12.32,387.57,34.38,34.31,30.67,Charging,Normal,-0.4897
OVN-EV-002,2026-03-25 08:58:16.111831,22.03,406.27,29.79,41.36,48.2,Charging,Normal,-0.4408
OVN-EV-003,2026-03-25 08:58:16.113118,14.71,497.59,84.02,70.64,62.03,ANOMALY,ANOMALY,-0.693
OVN-EV-001,2026-03-25 08:58:16.990611,10.81,414.82,32.78,37.62,83.2,Charging,Normal,-0.5071
OVN-EV-002,2026-03-25 08:58:19.118638,16.67,456.79,97.41,82.86,47.69,ANOMALY,ANOMALY,-0.6594
OVN-EV-003,2026-03-25 08:58:19.118638,12.73,400.37,28.69,41.58,81.31,Charging,Normal,-0.47
OVN-EV-001,2026-03-25 08:58:19.995394,13.5,392.08,28.42,44.03,36.47,Charging,Normal,-0.4829
OVN-EV-002,2026-03-25 08:58:22.105534,18.83,404.79,33.6,35.44,42.94,Charging,Normal,-0.4254
OVN-EV-003,2026-03-25 08:58:22.105534,24.84,417.18,34.21,31.87,23.06,Charging,Normal,-0.5483
OVN-EV-001,2026-03-25 08:58:23.012886,24.91,415.59,29.29,32.7,73.96,Charging,Normal,-0.5134
OVN-EV-002,2026-03-25 08:58:25.111434,17.43,384.21,31.15,44.28,73.67,Charging,Normal,-0.4759
OVN-EV-003,2026-03-25 08:58:25.111434,17.63,388.96,35.43,30.33,55.51,Charging,Normal,-0.4986
OVN-EV-001,2026-03-25 08:58:26.025222,14.21,413.39,31.13,39.18,35.41,Charging,Normal,-0.4539
OVN-EV-002,2026-03-25 08:58:28.105002,23.25,413.91,31.15,40.42,23.73,Charging,Normal,-0.4919
OVN-EV-003,2026-03-25 08:58:28.105002,21.9,404.18,28.57,34.28,37.1,Charging,Normal,-0.4658
OVN-EV-001,2026-03-25 08:58:29.039320,10.81,419.77,30.19,31.47,66.99,Charging,Normal,-0.5396
OVN-EV-002,2026-03-25 08:58:31.120365,22.5,404.95,35.5,34.22,20.01,Charging,Normal,-0.5245
OVN-EV-003,2026-03-25 08:58:31.120365,23.73,416.68,31.42,37.58,89.2,Charging,Normal,-0.4969
OVN-EV-001,2026-03-25 08:58:32.031678,21.17,388.24,35.81,35.56,64.18,Charging,Normal,-0.4663
OVN-EV-002,2026-03-25 08:58:34.132498,17.67,411.22,28.22,31.23,49.39,Charging,Normal,-0.4815
OVN-EV-003,2026-03-25 08:58:34.132498,18.0,383.86,32.63,38.62,73.02,Charging,Normal,-0.4366
OVN-EV-001,2026-03-25 08:58:35.038986,15.14,381.73,33.43,44.76,66.09,Charging,Normal,-0.49
OVN-EV-002,2026-03-25 08:58:37.142438,16.14,418.8,32.1,31.72,46.45,Charging,Normal,-0.4723
OVN-EV-003,2026-03-25 08:58:37.142438,17.73,389.9,33.69,30.85,75.84,Charging,Normal,-0.4602
OVN-EV-001,2026-03-25 08:58:38.042951,20.76,380.78,29.01,39.07,36.18,Charging,Normal,-0.489
OVN-EV-002,2026-03-25 08:58:40.146721,21.02,419.9,31.69,32.31,38.14,Charging,Normal,-0.4843
OVN-EV-003,2026-03-25 08:58:40.146721,10.4,406.57,29.34,39.87,64.08,Charging,Normal,-0.4767
OVN-EV-001,2026-03-25 08:58:41.070279,20.1,418.65,28.46,41.62,25.41,Charging,Normal,-0.5372
OVN-EV-003,2026-03-25 08:58:43.143266,21.98,405.51,35.76,44.09,85.44,Charging,Normal,-0.5085
OVN-EV-002,2026-03-25 08:58:43.143266,18.08,383.22,30.37,35.63,71.88,Charging,Normal,-0.4496
OVN-EV-001,2026-03-25 08:58:44.081704,21.23,489.58,82.67,73.89,28.67,ANOMALY,ANOMALY,-0.7007
OVN-EV-003,2026-03-25 08:58:46.141460,10.94,399.81,31.63,41.45,92.56,Charging,Normal,-0.5042
OVN-EV-002,2026-03-25 08:58:46.142881,11.29,400.86,29.5,44.69,66.3,Charging,Normal,-0.4923
OVN-EV-001,2026-03-25 08:58:47.093602,22.05,385.38,29.64,39.53,63.22,Charging,Normal,-0.4524
OVN-EV-003,2026-03-25 08:58:49.141879,14.0,383.02,31.38,36.36,83.29,Charging,Normal,-0.4677
OVN-EV-002,2026-03-25 08:58:49.141879,11.26,405.33,28.97,39.59,30.27,Charging,Normal,-0.4915
OVN-EV-001,2026-03-25 08:58:50.099380,19.08,386.84,32.28,43.22,37.21,Charging,Normal,-0.4667
OVN-EV-003,2026-03-25 08:58:52.157135,22.79,416.39,28.5,43.98,87.24,Charging,Normal,-0.5171
OVN-EV-002,2026-03-25 08:58:52.157135,21.79,414.8,28.43,44.81,32.33,Charging,Normal,-0.5237
OVN-EV-001,2026-03-25 08:58:53.100319,19.07,406.38,35.79,44.35,26.53,Charging,Normal,-0.5087
OVN-EV-003,2026-03-25 08:58:55.163725,24.16,408.14,30.8,30.83,74.18,Charging,Normal,-0.4988
OVN-EV-002,2026-03-25 08:58:55.163725,24.49,468.33,94.05,71.72,62.2,ANOMALY,ANOMALY,-0.6653
OVN-EV-001,2026-03-25 08:58:56.117777,14.3,414.76,35.97,42.27,70.01,Charging,Normal,-0.506
OVN-EV-003,2026-03-25 08:58:58.172172,22.29,387.08,35.15,36.02,41.12,Charging,Normal,-0.4836
OVN-EV-002,2026-03-25 08:58:58.172172,24.26,399.45,33.15,41.59,72.62,Charging,Normal,-0.4742
OVN-EV-001,2026-03-25 08:58:59.114641,14.85,402.83,31.06,32.42,41.68,Charging,Normal,-0.4367
OVN-EV-003,2026-03-25 08:59:01.181714,11.58,484.28,96.7,81.62,46.09,ANOMALY,ANOMALY,-0.6802
OVN-EV-002,2026-03-25 08:59:01.182550,17.93,389.45,29.84,36.69,71.06,Charging,Normal,-0.4417
OVN-EV-001,2026-03-25 08:59:02.107080,10.14,404.38,28.75,42.43,32.24,Charging,Normal,-0.5383
OVN-EV-002,2026-03-25 08:59:04.191439,21.59,419.97,32.45,43.57,40.88,Charging,Normal,-0.5012
OVN-EV-003,2026-03-25 08:59:04.191439,14.32,403.58,30.77,39.97,72.62,Charging,Normal,-0.4311
OVN-EV-001,2026-03-25 08:59:05.119027,14.88,418.06,30.94,37.98,73.25,Charging,Normal,-0.4596
OVN-EV-002,2026-03-25 08:59:07.182505,13.08,403.85,35.96,40.54,42.39,Charging,Normal,-0.4792
OVN-EV-003,2026-03-25 08:59:07.182505,10.66,403.71,34.33,32.33,78.78,Charging,Normal,-0.4897
OVN-EV-001,2026-03-25 08:59:08.128490,11.42,412.35,34.1,31.01,66.08,Charging,Normal,-0.4909
OVN-EV-002,2026-03-25 08:59:10.194026,16.73,385.63,31.06,40.94,24.38,Charging,Normal,-0.4761
OVN-EV-003,2026-03-25 08:59:10.194026,24.7,394.01,34.26,30.71,71.39,Charging,Normal,-0.5234
OVN-EV-001,2026-03-25 08:59:11.142650,17.12,418.83,33.15,33.77,65.74,Charging,Normal,-0.4738
OVN-EV-002,2026-03-25 08:59:13.206944,17.8,412.35,31.41,38.98,21.35,Charging,Normal,-0.4734
OVN-EV-003,2026-03-25 08:59:13.206944,17.19,406.01,33.14,36.64,45.85,Charging,Normal,-0.4203
OVN-EV-001,2026-03-25 08:59:14.158716,24.12,398.79,35.29,32.84,71.31,Charging,Normal,-0.4994
OVN-EV-002,2026-03-25 08:59:16.210201,13.44,387.36,30.96,39.11,35.25,Charging,Normal,-0.4568
OVN-EV-003,2026-03-25 08:59:16.210201,13.41,407.0,30.31,31.43,69.74,Charging,Normal,-0.4583
OVN-EV-001,2026-03-25 08:59:17.163676,22.05,410.49,28.33,40.92,71.09,Charging,Normal,-0.4689
OVN-EV-002,2026-03-25 08:59:19.217467,12.96,383.8,31.23,34.0,37.41,Charging,Normal,-0.467
OVN-EV-003,2026-03-25 08:59:19.217467,19.23,408.1,28.72,30.81,26.49,Charging,Normal,-0.5057
OVN-EV-001,2026-03-25 08:59:20.159420,23.34,408.66,28.2,43.11,90.25,Charging,Normal,-0.5211
OVN-EV-003,2026-03-25 08:59:22.214197,17.81,419.6,32.51,36.74,78.41,Charging,Normal,-0.4803
OVN-EV-002,2026-03-25 08:59:22.214197,16.93,398.12,32.07,32.0,83.67,Charging,Normal,-0.4584
OVN-EV-001,2026-03-25 08:59:23.162585,19.69,381.75,34.63,33.59,51.98,Charging,Normal,-0.4814
OVN-EV-002,2026-03-25 08:59:25.229641,21.85,387.0,34.92,39.31,85.86,Charging,Normal,-0.4756
OVN-EV-003,2026-03-25 08:59:25.229641,23.69,383.31,33.88,32.71,22.83,Charging,Normal,-0.5273
OVN-EV-001,2026-03-25 08:59:26.159820,22.7,380.78,33.21,40.76,32.23,Charging,Normal,-0.4976
OVN-EV-002,2026-03-25 08:59:28.247610,17.62,402.63,33.19,34.31,62.63,Charging,Normal,-0.4247
OVN-EV-003,2026-03-25 08:59:28.247610,14.16,393.44,34.68,38.38,27.11,Charging,Normal,-0.4736
OVN-EV-001,2026-03-25 08:59:29.156580,14.17,417.6,28.04,34.99,58.38,Charging,Normal,-0.4804
OVN-EV-002,2026-03-25 08:59:31.263569,12.83,400.06,29.95,42.47,76.66,Charging,Normal,-0.4516
OVN-EV-003,2026-03-25 08:59:31.263569,13.95,416.05,28.28,40.4,49.45,Charging,Normal,-0.4794
OVN-EV-001,2026-03-25 08:59:32.159881,18.93,393.72,30.22,34.62,76.3,Charging,Normal,-0.4396
OVN-EV-002,2026-03-25 08:59:34.275542,20.37,414.85,32.65,43.0,40.86,Charging,Normal,-0.4695
OVN-EV-003,2026-03-25 08:59:34.275542,16.81,407.74,34.49,39.68,86.03,Charging,Normal,-0.4593
OVN-EV-001,2026-03-25 08:59:35.164476,14.38,396.79,29.62,40.64,94.63,Charging,Normal,-0.5063
OVN-EV-002,2026-03-25 08:59:37.291111,18.91,385.17,33.15,35.92,72.23,Charging,Normal,-0.447
OVN-EV-003,2026-03-25 08:59:37.291111,23.72,419.09,29.78,32.86,63.37,Charging,Normal,-0.4956
OVN-EV-001,2026-03-25 08:59:38.151331,22.01,418.32,28.59,33.47,84.11,Charging,Normal,-0.5086
OVN-EV-002,2026-03-25 08:59:40.297396,15.86,471.16,90.87,89.73,57.39,ANOMALY,Normal,-0.6501
OVN-EV-003,2026-03-25 08:59:40.297396,17.63,419.9,31.63,33.85,66.78,Charging,Normal,-0.4858
OVN-EV-001,2026-03-25 08:59:41.157703,17.98,397.85,35.7,36.06,72.01,Charging,Normal,-0.4701
OVN-EV-003,2026-03-25 08:59:43.299690,20.82,392.46,35.76,44.88,45.11,Charging,Normal,-0.5023
OVN-EV-002,2026-03-25 08:59:43.299690,18.04,406.13,31.38,43.94,62.12,Charging,Normal,-0.4509
OVN-EV-001,2026-03-25 08:59:44.161246,10.22,463.0,93.47,84.55,36.65,ANOMALY,ANOMALY,-0.6827
OVN-EV-003,2026-03-25 08:59:46.305513,14.78,389.07,28.98,44.17,38.26,Charging,Normal,-0.4726
OVN-EV-002,2026-03-25 08:59:46.306661,17.17,401.27,32.56,30.49,50.79,Charging,Normal,-0.4453
OVN-EV-001,2026-03-25 08:59:47.154753,18.82,413.56,32.86,44.43,22.31,Charging,Normal,-0.4904
OVN-EV-003,2026-03-25 08:59:49.323730,23.37,390.17,32.76,30.47,25.8,Charging,Normal,-0.5197
OVN-EV-002,2026-03-25 08:59:49.323730,15.05,409.83,34.86,39.27,89.26,Charging,Normal,-0.475
OVN-EV-001,2026-03-25 08:59:50.160410,24.67,388.16,29.54,39.4,85.82,Charging,Normal,-0.5056
OVN-EV-003,2026-03-25 08:59:52.340455,13.29,398.72,33.54,35.83,58.65,Charging,Normal,-0.4312
OVN-EV-002,2026-03-25 08:59:52.340455,18.35,418.84,28.14,36.7,59.27,Charging,Normal,-0.4825
OVN-EV-001,2026-03-25 08:59:53.167315,23.7,384.16,31.46,35.18,23.96,Charging,Normal,-0.5043
OVN-EV-003,2026-03-25 08:59:55.354915,17.98,397.02,30.71,41.73,47.85,Charging,Normal,-0.423
OVN-EV-002,2026-03-25 08:59:55.354915,16.91,387.7,28.81,38.52,21.72,Charging,Normal,-0.4954
OVN-EV-001,2026-03-25 08:59:56.176548,11.45,410.31,31.62,43.88,20.62,Charging,Normal,-0.5211
OVN-EV-003,2026-03-25 08:59:58.374415,23.5,385.19,31.75,38.33,63.91,Charging,Normal,-0.464
OVN-EV-002,2026-03-25 08:59:58.375706,21.78,406.25,31.67,43.08,31.22,Charging,Normal,-0.4716
OVN-EV-001,2026-03-25 08:59:59.177533,10.78,396.76,32.12,30.39,49.63,Charging,Normal,-0.4974
OVN-EV-003,2026-03-25 09:00:01.395355,16.79,416.88,34.81,41.67,33.6,Charging,Normal,-0.4857
OVN-EV-002,2026-03-25 09:00:01.395355,18.76,404.2,29.72,32.74,51.29,Charging,Normal,-0.4455
OVN-EV-001,2026-03-25 09:00:02.189537,17.46,405.55,32.29,43.58,82.64,Charging,Normal,-0.4509
OVN-EV-002,2026-03-25 09:00:04.403592,23.76,414.56,29.59,38.49,66.73,Charging,Normal,-0.4738
OVN-EV-003,2026-03-25 09:00:04.403592,12.94,389.47,28.63,35.94,20.49,Charging,Normal,-0.5159
OVN-EV-001,2026-03-25 09:00:05.191652,14.41,414.93,34.7,42.26,53.78,Charging,Normal,-0.459
OVN-EV-002,2026-03-25 09:00:07.426518,10.57,407.27,34.39,42.33,39.98,Charging,Normal,-0.4847
OVN-EV-003,2026-03-25 09:00:07.426518,24.58,407.12,34.08,32.15,91.04,Charging,Normal,-0.5311
OVN-EV-001,2026-03-25 09:00:08.204320,18.26,389.49,28.37,43.26,80.74,Charging,Normal,-0.4811
OVN-EV-002,2026-03-25 09:00:10.436784,17.03,386.35,32.53,34.39,21.48,Charging,Normal,-0.4766
OVN-EV-003,2026-03-25 09:00:10.437802,10.11,392.18,31.72,36.34,21.75,Charging,Normal,-0.5311
OVN-EV-001,2026-03-25 09:00:11.213767,12.22,381.21,32.82,39.66,35.36,Charging,Normal,-0.4805
OVN-EV-002,2026-03-25 09:00:13.441691,12.12,414.86,35.93,32.21,62.58,Charging,Normal,-0.5031
OVN-EV-003,2026-03-25 09:00:13.441691,21.9,405.56,28.97,41.96,31.36,Charging,Normal,-0.4746
OVN-EV-001,2026-03-25 09:00:14.226112,10.63,463.26,80.34,71.78,35.19,ANOMALY,ANOMALY,-0.6895
OVN-EV-002,2026-03-25 09:00:16.452319,15.05,382.31,28.41,36.32,43.46,Charging,Normal,-0.4762
OVN-EV-003,2026-03-25 09:00:16.452825,10.87,397.65,34.26,30.76,91.54,Charging,Normal,-0.5309
OVN-EV-001,2026-03-25 09:00:17.224939,18.81,401.94,33.27,33.37,90.08,Charging,Normal,-0.4828
OVN-EV-002,2026-03-25 09:00:19.465459,12.85,393.03,34.33,43.04,46.29,Charging,Normal,-0.4626
OVN-EV-003,2026-03-25 09:00:19.465459,18.96,413.72,30.87,36.31,48.07,Charging,Normal,-0.4378
OVN-EV-001,2026-03-25 09:00:20.227772,10.45,410.39,28.73,31.74,64.24,Charging,Normal,-0.5071
OVN-EV-003,2026-03-25 09:00:22.481659,12.8,402.54,31.13,42.1,73.37,Charging,Normal,-0.444
OVN-EV-002,2026-03-25 09:00:22.481659,19.57,389.29,35.42,43.08,33.08,Charging,Normal,-0.4841
OVN-EV-001,2026-03-25 09:00:23.243281,13.79,477.06,89.16,83.59,27.42,ANOMALY,ANOMALY,-0.6763
OVN-EV-003,2026-03-25 09:00:25.496914,15.42,385.97,30.5,42.58,31.91,Charging,Normal,-0.4656
OVN-EV-002,2026-03-25 09:00:25.497423,14.6,397.52,32.87,38.12,40.59,Charging,Normal,-0.4333
OVN-EV-001,2026-03-25 09:00:26.236238,20.22,405.46,30.77,45.0,69.78,Charging,Normal,-0.4629
OVN-EV-003,2026-03-25 09:00:28.508920,16.19,400.43,34.4,44.64,78.07,Charging,Normal,-0.4722
OVN-EV-002,2026-03-25 09:00:28.508920,18.68,394.8,31.02,44.39,46.01,Charging,Normal,-0.4446
OVN-EV-001,2026-03-25 09:00:29.245643,24.72,395.53,31.93,32.32,40.55,Charging,Normal,-0.4837
OVN-EV-003,2026-03-25 09:00:31.503915,24.61,412.32,29.35,32.68,60.48,Charging,Normal,-0.5003
OVN-EV-002,2026-03-25 09:00:31.503915,24.66,388.39,33.55,39.91,41.81,Charging,Normal,-0.4864
OVN-EV-001,2026-03-25 09:00:32.267132,18.68,405.67,28.15,34.96,29.82,Charging,Normal,-0.484
OVN-EV-003,2026-03-25 09:00:34.518768,12.81,415.24,29.2,34.26,84.6,Charging,Normal,-0.4887
OVN-EV-002,2026-03-25 09:00:34.518768,17.74,395.78,30.47,42.09,68.24,Charging,Normal,-0.4316
OVN-EV-001,2026-03-25 09:00:35.277654,12.36,381.78,30.11,33.41,58.84,Charging,Normal,-0.4788
OVN-EV-003,2026-03-25 09:00:37.526407,12.94,402.71,34.08,41.2,63.46,Charging,Normal,-0.4464
OVN-EV-002,2026-03-25 09:00:37.526407,11.51,407.56,29.23,32.96,70.16,Charging,Normal,-0.4683
OVN-EV-001,2026-03-25 09:00:38.291237,18.26,456.69,97.01,73.54,84.87,ANOMALY,ANOMALY,-0.6648
OVN-EV-003,2026-03-25 09:00:40.528734,24.48,413.69,30.08,37.58,91.45,Charging,Normal,-0.5174
OVN-EV-002,2026-03-25 09:00:40.528734,24.98,409.77,30.39,31.08,63.68,Charging,Normal,-0.5163
OVN-EV-001,2026-03-25 09:00:41.297859,22.91,408.59,33.55,39.49,63.78,Charging,Normal,-0.4398
OVN-EV-002,2026-03-25 09:00:43.550079,11.01,388.53,35.36,30.56,68.3,Charging,Normal,-0.5212
OVN-EV-003,2026-03-25 09:00:43.550079,20.07,393.65,29.25,37.45,70.1,Charging,Normal,-0.4502
OVN-EV-001,2026-03-25 09:00:44.313873,17.71,386.2,35.54,44.07,53.78,Charging,Normal,-0.4897
OVN-EV-002,2026-03-25 09:00:46.546621,12.33,408.46,32.15,31.58,20.07,Charging,Normal,-0.5121
OVN-EV-003,2026-03-25 09:00:46.546621,23.89,399.41,34.18,31.25,23.35,Charging,Normal,-0.5267
OVN-EV-001,2026-03-25 09:00:47.311671,22.11,393.1,32.4,42.59,81.08,Charging,Normal,-0.461
OVN-EV-002,2026-03-25 09:00:49.562836,14.55,397.51,34.82,38.48,47.37,Charging,Normal,-0.4426
OVN-EV-003,2026-03-25 09:00:49.562836,13.78,383.99,32.77,42.78,69.12,Charging,Normal,-0.4604
OVN-EV-001,2026-03-25 09:00:50.327585,15.0,389.74,28.15,35.76,68.61,Charging,Normal,-0.4572
OVN-EV-002,2026-03-25 09:00:52.567291,13.11,404.52,30.71,30.86,77.86,Charging,Normal,-0.4672
OVN-EV-003,2026-03-25 09:00:52.568884,10.52,476.53,89.83,73.89,50.97,ANOMALY,ANOMALY,-0.6749
OVN-EV-001,2026-03-25 09:00:53.343953,24.26,409.04,31.77,35.96,59.03,Charging,Normal,-0.4604
OVN-EV-002,2026-03-25 09:00:55.567319,21.26,398.82,28.66,43.38,44.21,Charging,Normal,-0.4597
OVN-EV-003,2026-03-25 09:00:55.567319,15.57,400.96,31.84,32.82,85.27,Charging,Normal,-0.458
OVN-EV-001,2026-03-25 09:00:56.359761,13.25,402.91,35.43,32.51,43.85,Charging,Normal,-0.4621
OVN-EV-002,2026-03-25 09:00:58.573464,16.82,397.16,29.23,35.2,88.7,Charging,Normal,-0.4674
OVN-EV-003,2026-03-25 09:00:58.573464,12.61,404.01,31.07,44.18,78.39,Charging,Normal,-0.4695
OVN-EV-001,2026-03-25 09:00:59.362174,10.26,392.47,29.08,32.72,57.81,Charging,Normal,-0.5028
OVN-EV-002,2026-03-25 09:01:01.584503,18.97,403.42,33.35,31.41,79.11,Charging,Normal,-0.45
OVN-EV-003,2026-03-25 09:01:01.585495,19.37,395.17,29.0,43.76,90.98,Charging,Normal,-0.495
OVN-EV-001,2026-03-25 09:01:02.366087,22.64,398.36,33.65,33.47,50.41,Charging,Normal,-0.4637
OVN-EV-002,2026-03-25 09:01:04.590941,11.14,414.3,28.28,35.72,79.77,Charging,Normal,-0.5045
OVN-EV-003,2026-03-25 09:01:04.590941,16.77,387.28,29.83,30.23,35.93,Charging,Normal,-0.4937
OVN-EV-001,2026-03-25 09:01:05.373600,11.15,394.61,31.34,31.22,43.73,Charging,Normal,-0.4849
OVN-EV-002,2026-03-25 09:01:07.593887,10.4,419.59,30.76,32.39,76.5,Charging,Normal,-0.5222
OVN-EV-003,2026-03-25 09:01:07.593887,15.43,409.19,34.5,41.6,43.38,Charging,Normal,-0.4454
OVN-EV-001,2026-03-25 09:01:08.382655,21.97,390.82,31.24,44.77,74.77,Charging,Normal,-0.4778
OVN-EV-002,2026-03-25 09:01:10.617152,17.41,382.83,31.42,41.78,42.08,Charging,Normal,-0.4513
OVN-EV-003,2026-03-25 09:01:10.618831,18.13,389.66,33.75,38.54,80.2,Charging,Normal,-0.4408
OVN-EV-001,2026-03-25 09:01:11.378050,20.54,392.52,30.54,36.4,60.9,Charging,Normal,-0.4354
OVN-EV-002,2026-03-25 09:01:13.625406,18.53,404.86,32.39,42.62,53.54,Charging,Normal,-0.4283
OVN-EV-003,2026-03-25 09:01:13.625406,18.14,391.71,35.72,40.56,86.37,Charging,Normal,-0.4778
OVN-EV-001,2026-03-25 09:01:14.382813,14.48,386.56,34.08,43.04,43.33,Charging,Normal,-0.4651
OVN-EV-002,2026-03-25 09:01:16.634917,14.62,388.27,29.65,30.61,28.62,Charging,Normal,-0.5088
OVN-EV-003,2026-03-25 09:01:16.635287,15.93,399.36,33.38,35.26,87.98,Charging,Normal,-0.4484
OVN-EV-001,2026-03-25 09:01:17.375746,11.73,415.99,30.21,37.41,45.33,Charging,Normal,-0.4816
OVN-EV-002,2026-03-25 09:01:19.651980,14.37,487.62,90.88,83.06,93.57,ANOMALY,ANOMALY,-0.6906
OVN-EV-003,2026-03-25 09:01:19.653618,20.74,393.28,32.51,34.75,83.46,Charging,Normal,-0.4507
OVN-EV-001,2026-03-25 09:01:20.377626,23.86,406.83,31.77,35.02,26.46,Charging,Normal,-0.4937
OVN-EV-003,2026-03-25 09:01:22.665052,18.6,390.6,35.27,40.62,84.75,Charging,Normal,-0.4698
OVN-EV-002,2026-03-25 09:01:22.665052,23.66,395.42,32.88,30.79,63.88,Charging,Normal,-0.4717
OVN-EV-001,2026-03-25 09:01:23.370263,23.06,399.66,35.44,33.95,87.18,Charging,Normal,-0.4948
OVN-EV-003,2026-03-25 09:01:25.660575,10.31,415.44,33.85,38.85,64.72,Charging,Normal,-0.5021
OVN-EV-002,2026-03-25 09:01:25.692404,13.55,400.17,28.04,33.68,88.99,Charging,Normal,-0.4984
OVN-EV-001,2026-03-25 09:01:26.386184,21.13,401.31,29.64,32.29,50.75,Charging,Normal,-0.4514
OVN-EV-003,2026-03-25 09:01:28.654588,10.9,417.11,28.97,36.14,40.88,Charging,Normal,-0.5039
OVN-EV-002,2026-03-25 09:01:28.686634,16.01,410.62,29.25,42.78,81.77,Charging,Normal,-0.4648
OVN-EV-001,2026-03-25 09:01:29.400253,15.63,384.02,32.0,36.78,71.41,Charging,Normal,-0.4501
OVN-EV-003,2026-03-25 09:01:31.662468,17.4,402.57,32.56,42.87,49.87,Charging,Normal,-0.4354
OVN-EV-002,2026-03-25 09:01:31.693724,24.02,407.88,31.49,43.64,22.72,Charging,Normal,-0.5224
OVN-EV-001,2026-03-25 09:01:32.413758,17.74,390.18,35.64,32.5,79.4,Charging,Normal,-0.4775
OVN-EV-003,2026-03-25 09:01:34.665460,23.03,382.54,28.28,38.62,56.62,Charging,Normal,-0.4866
OVN-EV-002,2026-03-25 09:01:34.706276,20.5,461.37,93.54,82.86,39.82,ANOMALY,ANOMALY,-0.6687
OVN-EV-001,2026-03-25 09:01:35.411664,16.47,483.4,87.56,83.15,66.21,ANOMALY,Normal,-0.6462
OVN-EV-003,2026-03-25 09:01:37.663537,15.67,389.27,35.84,30.02,91.17,Charging,Normal,-0.5374
OVN-EV-002,2026-03-25 09:01:37.726947,16.04,412.58,33.89,38.03,39.26,Charging,Normal,-0.4407
OVN-EV-001,2026-03-25 09:01:38.417986,15.36,412.0,29.42,30.75,81.35,Charging,Normal,-0.4784
OVN-EV-003,2026-03-25 09:01:40.663019,13.72,388.11,31.73,44.43,81.72,Charging,Normal,-0.4841
OVN-EV-002,2026-03-25 09:01:40.742645,24.2,411.12,29.4,37.16,82.19,Charging,Normal,-0.4725
OVN-EV-001,2026-03-25 09:01:41.435334,18.26,407.55,29.64,38.02,22.01,Charging,Normal,-0.4748
OVN-EV-003,2026-03-25 09:01:43.666617,23.27,496.25,99.59,79.86,55.44,ANOMALY,ANOMALY,-0.7066
OVN-EV-002,2026-03-25 09:01:43.730336,15.81,409.49,28.14,38.35,26.95,Charging,Normal,-0.4764
OVN-EV-001,2026-03-25 09:01:44.445461,19.15,417.01,31.22,30.42,94.42,Charging,Normal,-0.5293
OVN-EV-003,2026-03-25 09:01:46.682045,22.01,416.51,32.2,31.69,34.99,Charging,Normal,-0.4947
OVN-EV-002,2026-03-25 09:01:46.744967,23.36,419.35,33.23,39.94,59.63,Charging,Normal,-0.5
OVN-EV-001,2026-03-25 09:01:47.435317,16.96,418.09,32.92,30.22,50.66,Charging,Normal,-0.5023
OVN-EV-003,2026-03-25 09:01:49.699353,20.15,388.57,30.37,37.58,82.98,Charging,Normal,-0.4551
OVN-EV-002,2026-03-25 09:01:49.752053,23.85,411.01,30.15,34.65,57.24,Charging,Normal,-0.4786
OVN-EV-001,2026-03-25 09:01:50.444184,18.86,395.12,34.6,41.03,36.69,Charging,Normal,-0.4478
OVN-EV-003,2026-03-25 09:01:52.718253,11.66,408.58,34.14,38.8,49.02,Charging,Normal,-0.4646
OVN-EV-002,2026-03-25 09:01:52.753976,18.74,383.06,30.41,40.08,42.06,Charging,Normal,-0.4492
OVN-EV-001,2026-03-25 09:01:53.448329,22.3,396.68,34.28,40.44,57.85,Charging,Normal,-0.4565
OVN-EV-003,2026-03-25 09:01:55.723778,23.82,385.44,31.13,35.59,58.47,Charging,Normal,-0.4796
OVN-EV-002,2026-03-25 09:01:55.767921,19.32,382.47,35.07,32.77,49.27,Charging,Normal,-0.4908
OVN-EV-001,2026-03-25 09:01:56.462398,11.51,411.42,30.48,37.71,65.37,Charging,Normal,-0.4641
OVN-EV-003,2026-03-25 09:01:58.732095,10.61,400.91,33.51,42.45,26.27,Charging,Normal,-0.5107
OVN-EV-002,2026-03-25 09:01:58.763910,20.77,392.25,31.14,38.32,81.7,Charging,Normal,-0.4503
OVN-EV-001,2026-03-25 09:01:59.455913,11.38,476.53,97.02,75.83,92.13,ANOMALY,ANOMALY,-0.6814
OVN-EV-003,2026-03-25 09:02:01.738874,10.1,419.88,28.85,41.12,39.14,Charging,Normal,-0.5601
OVN-EV-002,2026-03-25 09:02:01.770682,12.16,380.47,35.53,42.25,59.59,Charging,Normal,-0.5147
OVN-EV-001,2026-03-25 09:02:02.451409,15.56,407.4,31.25,33.18,82.02,Charging,Normal,-0.4571
OVN-EV-003,2026-03-25 09:02:04.734994,14.72,415.19,31.67,38.39,38.99,Charging,Normal,-0.4612
OVN-EV-002,2026-03-25 09:02:04.779729,14.44,386.43,35.59,34.18,42.81,Charging,Normal,-0.4888
OVN-EV-001,2026-03-25 09:02:05.467719,13.06,403.31,30.54,41.46,37.39,Charging,Normal,-0.4427
OVN-EV-003,2026-03-25 09:02:07.737067,11.72,383.25,33.7,33.79,94.36,Charging,Normal,-0.5377
OVN-EV-002,2026-03-25 09:02:07.800646,11.77,386.52,33.05,40.44,30.77,Charging,Normal,-0.4822
OVN-EV-001,2026-03-25 09:02:08.479766,20.12,402.16,33.18,36.33,49.56,Charging,Normal,-0.4376
OVN-EV-003,2026-03-25 09:02:10.747271,15.62,386.4,32.55,32.61,66.94,Charging,Normal,-0.4567
OVN-EV-002,2026-03-25 09:02:10.810458,22.35,388.64,34.13,36.17,30.96,Charging,Normal,-0.4802
OVN-EV-001,2026-03-25 09:02:11.487044,15.68,415.36,31.57,44.29,77.69,Charging,Normal,-0.4639
OVN-EV-003,2026-03-25 09:02:13.764507,23.37,405.15,34.25,31.31,75.69,Charging,Normal,-0.4928
OVN-EV-002,2026-03-25 09:02:13.827878,18.26,415.29,33.51,38.71,89.8,Charging,Normal,-0.4731
OVN-EV-001,2026-03-25 09:02:14.489094,23.3,406.12,28.12,33.54,49.32,Charging,Normal,-0.4878
OVN-EV-003,2026-03-25 09:02:16.785678,24.44,385.47,31.65,30.55,64.73,Charging,Normal,-0.5338
OVN-EV-002,2026-03-25 09:02:16.833785,18.99,416.35,28.04,38.39,88.68,Charging,Normal,-0.4871
OVN-EV-001,2026-03-25 09:02:17.501820,12.83,418.37,34.72,33.36,81.69,Charging,Normal,-0.5159
OVN-EV-003,2026-03-25 09:02:19.794011,19.7,417.15,28.94,31.42,26.21,Charging,Normal,-0.5251
OVN-EV-002,2026-03-25 09:02:19.827129,17.27,387.34,35.93,33.06,89.84,Charging,Normal,-0.5119
OVN-EV-001,2026-03-25 09:02:20.505839,10.61,482.32,89.5,87.83,47.65,ANOMALY,ANOMALY,-0.6688
OVN-EV-003,2026-03-25 09:02:22.810936,14.25,387.52,28.81,35.56,20.3,Charging,Normal,-0.5123
OVN-EV-002,2026-03-25 09:02:22.835170,14.7,417.11,30.34,36.0,22.49,Charging,Normal,-0.4853
OVN-EV-001,2026-03-25 09:02:23.512328,14.81,401.07,30.67,36.96,57.94,Charging,Normal,-0.422
OVN-EV-003,2026-03-25 09:02:25.819056,13.43,398.13,34.14,31.25,31.96,Charging,Normal,-0.4871
OVN-EV-002,2026-03-25 09:02:25.850869,17.52,386.24,31.89,32.62,59.81,Charging,Normal,-0.4539
OVN-EV-001,2026-03-25 09:02:26.529258,13.8,390.98,31.92,40.37,39.89,Charging,Normal,-0.4371
OVN-EV-003,2026-03-25 09:02:28.821710,21.77,400.7,33.16,36.09,60.83,Charging,Normal,-0.4359
OVN-EV-002,2026-03-25 09:02:28.862523,17.56,407.87,28.31,44.38,76.01,Charging,Normal,-0.4625
OVN-EV-001,2026-03-25 09:02:29.538678,13.96,380.44,31.54,39.85,50.2,Charging,Normal,-0.467
OVN-EV-003,2026-03-25 09:02:31.834911,15.71,419.29,28.85,36.0,92.3,Charging,Normal,-0.5073
OVN-EV-002,2026-03-25 09:02:31.867474,23.49,413.43,32.05,34.89,41.01,Charging,Normal,-0.4714
OVN-EV-001,2026-03-25 09:02:32.552812,14.92,404.62,34.08,30.08,72.9,Charging,Normal,-0.4965
OVN-EV-003,2026-03-25 09:02:34.836114,12.22,381.79,35.98,32.93,62.19,Charging,Normal,-0.5234
OVN-EV-002,2026-03-25 09:02:34.873451,19.44,383.15,33.9,44.03,39.29,Charging,Normal,-0.4843
OVN-EV-001,2026-03-25 09:02:35.553627,24.89,410.83,28.79,32.64,91.64,Charging,Normal,-0.5617
OVN-EV-003,2026-03-25 09:02:37.836241,17.21,407.66,35.66,44.63,67.02,Charging,Normal,-0.4825
OVN-EV-002,2026-03-25 09:02:37.894669,11.78,410.24,32.11,42.18,28.19,Charging,Normal,-0.5005
OVN-EV-001,2026-03-25 09:02:38.561431,13.68,388.96,33.99,39.78,63.71,Charging,Normal,-0.445
OVN-EV-003,2026-03-25 09:02:40.835072,10.09,396.89,30.8,40.58,51.28,Charging,Normal,-0.4939
OVN-EV-002,2026-03-25 09:02:40.902878,24.63,417.07,29.71,35.86,49.9,Charging,Normal,-0.5076
OVN-EV-001,2026-03-25 09:02:41.561350,20.35,391.02,28.52,34.4,33.04,Charging,Normal,-0.4768
OVN-EV-003,2026-03-25 09:02:43.838021,16.69,397.57,31.71,38.96,54.57,Charging,Normal,-0.423
OVN-EV-002,2026-03-25 09:02:43.911386,17.78,396.21,33.82,42.64,75.29,Charging,Normal,-0.4368
OVN-EV-001,2026-03-25 09:02:44.583833,11.54,453.42,92.16,82.49,85.48,ANOMALY,ANOMALY,-0.685
OVN-EV-003,2026-03-25 09:02:46.853156,24.82,398.21,30.64,41.54,69.8,Charging,Normal,-0.4944
OVN-EV-002,2026-03-25 09:02:46.903130,11.89,408.46,32.29,35.43,77.44,Charging,Normal,-0.4636
OVN-EV-001,2026-03-25 09:02:47.582331,19.53,384.05,33.45,40.49,85.0,Charging,Normal,-0.4648
OVN-EV-003,2026-03-25 09:02:49.867488,23.34,387.61,31.61,37.76,27.56,Charging,Normal,-0.4902
OVN-EV-002,2026-03-25 09:02:49.915977,23.73,400.28,29.09,39.01,31.25,Charging,Normal,-0.468
OVN-EV-001,2026-03-25 09:02:50.584128,10.33,466.55,96.18,73.33,34.34,ANOMALY,ANOMALY,-0.6992
OVN-EV-003,2026-03-25 09:02:52.870260,21.94,397.47,32.08,38.36,28.75,Charging,Normal,-0.4629
OVN-EV-002,2026-03-25 09:02:52.928093,14.61,380.06,35.02,44.99,71.8,Charging,Normal,-0.507
OVN-EV-001,2026-03-25 09:02:53.586514,18.59,472.38,88.48,87.02,55.62,ANOMALY,ANOMALY,-0.6599
OVN-EV-003,2026-03-25 09:02:55.893589,10.23,403.34,28.88,41.69,35.63,Charging,Normal,-0.5078
OVN-EV-002,2026-03-25 09:02:55.935902,23.76,418.39,35.52,40.79,77.04,Charging,Normal,-0.5197
OVN-EV-001,2026-03-25 09:02:56.586656,15.62,407.37,34.88,42.0,37.97,Charging,Normal,-0.4527
OVN-EV-003,2026-03-25 09:02:58.903241,18.81,392.58,29.98,31.0,20.22,Charging,Normal,-0.5183
OVN-EV-002,2026-03-25 09:02:58.936406,11.51,384.32,34.34,37.93,84.84,Charging,Normal,-0.4963
OVN-EV-001,2026-03-25 09:02:59.583780,22.13,387.78,32.94,38.98,46.61,Charging,Normal,-0.4511
OVN-EV-003,2026-03-25 09:03:01.912922,17.51,380.49,35.23,36.91,55.85,Charging,Normal,-0.4808
OVN-EV-002,2026-03-25 09:03:01.944598,16.01,405.3,34.08,41.27,67.86,Charging,Normal,-0.4333
OVN-EV-001,2026-03-25 09:03:02.586892,11.44,394.07,34.65,34.48,65.21,Charging,Normal,-0.473
OVN-EV-003,2026-03-25 09:03:04.901292,10.58,393.11,32.0,30.04,23.58,Charging,Normal,-0.5441
OVN-EV-002,2026-03-25 09:03:04.948715,17.28,411.55,35.71,39.68,64.59,Charging,Normal,-0.4614
OVN-EV-001,2026-03-25 09:03:05.605221,16.81,414.1,35.37,42.67,55.58,Charging,Normal,-0.4702
OVN-EV-003,2026-03-25 09:03:07.903797,24.31,408.06,30.81,32.44,42.14,Charging,Normal,-0.5023
OVN-EV-002,2026-03-25 09:03:07.957123,22.95,393.67,28.67,41.9,87.16,Charging,Normal,-0.4861
OVN-EV-001,2026-03-25 09:03:08.621097,14.92,401.4,32.18,33.47,47.03,Charging,Normal,-0.44
OVN-EV-003,2026-03-25 09:03:10.912985,14.6,384.22,33.96,41.94,69.06,Charging,Normal,-0.4469
OVN-EV-002,2026-03-25 09:03:10.955009,12.61,411.31,35.12,38.18,53.39,Charging,Normal,-0.4771
OVN-EV-001,2026-03-25 09:03:11.637031,12.62,391.5,29.69,39.93,79.29,Charging,Normal,-0.4572
OVN-EV-003,2026-03-25 09:03:13.929421,15.45,418.74,28.65,32.15,64.72,Charging,Normal,-0.4965
OVN-EV-002,2026-03-25 09:03:13.962081,10.26,404.45,33.66,30.71,26.86,Charging,Normal,-0.5486
OVN-EV-001,2026-03-25 09:03:14.653695,13.53,386.1,35.89,36.92,57.61,Charging,Normal,-0.4877
OVN-EV-003,2026-03-25 09:03:16.928218,13.85,386.5,35.16,39.4,90.88,Charging,Normal,-0.5043
OVN-EV-002,2026-03-25 09:03:16.961873,23.46,392.43,31.3,36.51,71.76,Charging,Normal,-0.4597
OVN-EV-001,2026-03-25 09:03:17.651915,12.46,411.78,29.51,42.99,88.25,Charging,Normal,-0.5042
OVN-EV-003,2026-03-25 09:03:19.936121,18.43,384.22,29.47,40.5,52.77,Charging,Normal,-0.4473
OVN-EV-002,2026-03-25 09:03:19.968456,17.26,388.48,30.04,44.57,72.66,Charging,Normal,-0.4691
OVN-EV-001,2026-03-25 09:03:20.664382,11.49,404.44,32.86,34.19,29.44,Charging,Normal,-0.4746
OVN-EV-003,2026-03-25 09:03:22.935842,13.71,381.85,31.89,34.97,79.01,Charging,Normal,-0.4653
OVN-EV-002,2026-03-25 09:03:22.979576,20.39,387.29,34.71,43.62,43.3,Charging,Normal,-0.4836
OVN-EV-001,2026-03-25 09:03:23.654395,18.96,413.42,33.87,39.83,74.5,Charging,Normal,-0.4547
OVN-EV-003,2026-03-25 09:03:25.947770,20.36,395.33,28.33,40.91,34.4,Charging,Normal,-0.4834
OVN-EV-002,2026-03-25 09:03:25.987173,21.9,400.61,30.95,43.35,72.49,Charging,Normal,-0.4452
OVN-EV-001,2026-03-25 09:03:26.671695,23.65,410.25,29.48,41.58,64.54,Charging,Normal,-0.4674
OVN-EV-003,2026-03-25 09:03:28.963796,14.17,399.55,29.24,41.36,50.28,Charging,Normal,-0.4404
OVN-EV-002,2026-03-25 09:03:28.963796,13.82,392.03,29.73,33.21,89.88,Charging,Normal,-0.4905
OVN-EV-001,2026-03-25 09:03:29.676015,23.91,381.39,28.2,35.21,71.26,Charging,Normal,-0.5101
OVN-EV-003,2026-03-25 09:03:31.979050,19.56,386.26,34.88,31.05,58.03,Charging,Normal,-0.4844
OVN-EV-002,2026-03-25 09:03:31.979050,21.64,400.95,28.62,32.45,36.78,Charging,Normal,-0.4837
OVN-EV-001,2026-03-25 09:03:32.677742,15.72,411.61,31.71,37.99,64.53,Charging,Normal,-0.4274
OVN-EV-003,2026-03-25 09:03:34.994816,10.35,382.46,35.07,37.26,61.32,Charging,Normal,-0.5122
OVN-EV-002,2026-03-25 09:03:34.994816,20.95,386.97,32.27,42.91,40.99,Charging,Normal,-0.4587
OVN-EV-001,2026-03-25 09:03:35.669466,12.5,389.03,34.36,36.9,75.59,Charging,Normal,-0.4753
OVN-EV-003,2026-03-25 09:03:38.002829,17.95,385.15,28.62,33.64,81.22,Charging,Normal,-0.4757
OVN-EV-002,2026-03-25 09:03:38.002829,13.43,408.39,30.62,36.55,34.82,Charging,Normal,-0.4464
OVN-EV-001,2026-03-25 09:03:38.677286,11.21,410.4,32.22,39.03,91.92,Charging,Normal,-0.5123
OVN-EV-003,2026-03-25 09:03:41.009613,18.56,398.23,35.77,40.03,89.21,Charging,Normal,-0.4857
OVN-EV-002,2026-03-25 09:03:41.009613,24.1,401.19,34.77,42.87,21.42,Charging,Normal,-0.5476
OVN-EV-001,2026-03-25 09:03:41.675509,22.17,418.99,29.64,43.62,36.54,Charging,Normal,-0.4967
OVN-EV-002,2026-03-25 09:03:44.029230,23.04,397.02,32.9,39.74,22.56,Charging,Normal,-0.4905
OVN-EV-003,2026-03-25 09:03:44.029230,23.97,407.32,29.57,32.87,90.88,Charging,Normal,-0.5061
OVN-EV-001,2026-03-25 09:03:44.671524,18.32,410.71,35.76,44.42,39.75,Charging,Normal,-0.4833
OVN-EV-002,2026-03-25 09:03:47.037441,20.8,392.24,29.56,37.99,36.4,Charging,Normal,-0.4542
OVN-EV-003,2026-03-25 09:03:47.038240,19.33,394.14,30.3,34.18,78.14,Charging,Normal,-0.4451
OVN-EV-001,2026-03-25 09:03:47.687068,22.14,390.88,31.04,35.43,78.66,Charging,Normal,-0.4649
OVN-EV-002,2026-03-25 09:03:50.034033,18.93,397.65,32.43,32.97,36.1,Charging,Normal,-0.4447
OVN-EV-003,2026-03-25 09:03:50.034033,10.9,389.74,33.36,30.93,48.28,Charging,Normal,-0.4973
OVN-EV-001,2026-03-25 09:03:50.703108,17.59,384.8,33.15,39.74,49.37,Charging,Normal,-0.4318
OVN-EV-002,2026-03-25 09:03:53.038345,11.23,417.35,28.47,36.33,67.83,Charging,Normal,-0.5016
OVN-EV-003,2026-03-25 09:03:53.038834,23.3,395.54,28.77,39.23,84.16,Charging,Normal,-0.48
OVN-EV-001,2026-03-25 09:03:53.713173,22.65,398.53,31.4,34.51,56.32,Charging,Normal,-0.4499
OVN-EV-002,2026-03-25 09:03:56.040858,19.33,407.96,30.73,35.73,67.2,Charging,Normal,-0.4295
OVN-EV-003,2026-03-25 09:03:56.040858,15.64,385.85,31.51,32.37,86.37,Charging,Normal,-0.4815
OVN-EV-001,2026-03-25 09:03:56.721571,24.15,418.98,35.16,41.13,76.6,Charging,Normal,-0.5281
OVN-EV-002,2026-03-25 09:03:59.056315,22.45,477.96,81.39,83.46,47.66,ANOMALY,ANOMALY,-0.6782
OVN-EV-003,2026-03-25 09:03:59.056315,13.01,401.06,30.57,34.98,44.81,Charging,Normal,-0.4351
OVN-EV-001,2026-03-25 09:03:59.729539,12.34,403.08,33.33,35.49,58.46,Charging,Normal,-0.4394
OVN-EV-002,2026-03-25 09:04:02.050028,10.58,387.71,29.5,44.82,92.31,Charging,Normal,-0.5401
OVN-EV-003,2026-03-25 09:04:02.050028,14.11,385.47,34.99,43.04,91.47,Charging,Normal,-0.508
OVN-EV-001,2026-03-25 09:04:02.746865,18.99,404.03,34.17,36.41,23.82,Charging,Normal,-0.4735
OVN-EV-002,2026-03-25 09:04:05.055853,15.07,390.73,33.11,30.0,21.78,Charging,Normal,-0.5125
OVN-EV-003,2026-03-25 09:04:05.055853,18.02,392.04,28.55,30.75,32.85,Charging,Normal,-0.4828
OVN-EV-001,2026-03-25 09:04:05.754588,24.56,387.24,34.23,44.76,92.43,Charging,Normal,-0.5538
OVN-EV-002,2026-03-25 09:04:08.055231,21.8,412.2,32.62,43.19,67.73,Charging,Normal,-0.4685
OVN-EV-003,2026-03-25 09:04:08.055231,14.84,417.81,29.05,43.87,49.31,Charging,Normal,-0.4786
OVN-EV-001,2026-03-25 09:04:08.772004,13.68,385.85,29.37,40.5,57.8,Charging,Normal,-0.4536
OVN-EV-002,2026-03-25 09:04:11.058855,15.56,384.38,31.57,37.63,30.98,Charging,Normal,-0.4642
OVN-EV-003,2026-03-25 09:04:11.058855,16.93,401.79,30.63,32.46,34.4,Charging,Normal,-0.4492
OVN-EV-001,2026-03-25 09:04:11.770787,20.36,410.73,33.63,37.54,76.18,Charging,Normal,-0.4504
OVN-EV-002,2026-03-25 09:04:14.082682,21.6,396.69,35.2,40.01,30.27,Charging,Normal,-0.4873
OVN-EV-003,2026-03-25 09:04:14.082682,11.03,419.94,31.35,37.98,33.27,Charging,Normal,-0.5081
OVN-EV-001,2026-03-25 09:04:14.772221,21.52,389.81,28.81,42.08,47.63,Charging,Normal,-0.4595
OVN-EV-002,2026-03-25 09:04:17.095883,21.95,380.42,29.9,38.96,49.79,Charging,Normal,-0.4709
OVN-EV-003,2026-03-25 09:04:17.095883,14.18,406.93,33.7,30.43,21.54,Charging,Normal,-0.5105
OVN-EV-001,2026-03-25 09:04:17.775125,24.16,380.19,32.23,36.19,69.1,Charging,Normal,-0.5132
OVN-EV-002,2026-03-25 09:04:20.114472,14.33,399.88,28.28,43.23,62.03,Charging,Normal,-0.4655
OVN-EV-003,2026-03-25 09:04:20.114472,15.13,410.43,32.94,42.45,39.87,Charging,Normal,-0.4384
OVN-EV-001,2026-03-25 09:04:20.786166,17.82,412.16,33.52,40.51,77.2,Charging,Normal,-0.4414
OVN-EV-003,2026-03-25 09:04:23.114672,11.41,397.32,33.89,34.28,61.39,Charging,Normal,-0.4572
OVN-EV-002,2026-03-25 09:04:23.114672,14.46,400.44,33.63,40.35,44.97,Charging,Normal,-0.4245
OVN-EV-001,2026-03-25 09:04:23.804849,22.11,389.82,31.37,43.23,66.28,Charging,Normal,-0.4558
OVN-EV-003,2026-03-25 09:04:26.123135,14.05,406.15,32.73,34.51,91.09,Charging,Normal,-0.4737
OVN-EV-002,2026-03-25 09:04:26.123135,13.12,404.56,29.23,42.98,52.97,Charging,Normal,-0.4506
OVN-EV-001,2026-03-25 09:04:26.801545,21.02,398.08,33.69,32.36,65.94,Charging,Normal,-0.4488
OVN-EV-003,2026-03-25 09:04:29.141181,22.18,389.44,29.07,38.04,94.54,Charging,Normal,-0.505
OVN-EV-002,2026-03-25 09:04:29.141181,20.86,467.71,99.73,78.47,37.47,ANOMALY,ANOMALY,-0.6791
OVN-EV-001,2026-03-25 09:04:29.800189,20.92,394.98,31.23,40.53,55.88,Charging,Normal,-0.4293
OVN-EV-003,2026-03-25 09:04:32.147010,24.95,392.19,32.54,35.09,93.01,Charging,Normal,-0.5213
OVN-EV-002,2026-03-25 09:04:32.147010,14.93,387.07,28.22,31.15,92.62,Charging,Normal,-0.5333
OVN-EV-001,2026-03-25 09:04:32.808693,22.29,391.67,32.96,34.77,76.99,Charging,Normal,-0.465
OVN-EV-003,2026-03-25 09:04:35.138996,10.58,418.19,28.77,41.65,83.86,Charging,Normal,-0.5239
OVN-EV-002,2026-03-25 09:04:35.138996,10.45,412.16,28.26,43.82,26.44,Charging,Normal,-0.5644
OVN-EV-001,2026-03-25 09:04:35.815334,10.25,416.34,31.19,40.36,89.14,Charging,Normal,-0.5101
OVN-EV-003,2026-03-25 09:04:38.145821,24.99,411.63,35.2,38.46,57.42,Charging,Normal,-0.5096
OVN-EV-002,2026-03-25 09:04:38.145821,18.58,411.61,28.17,38.27,55.49,Charging,Normal,-0.4644
OVN-EV-001,2026-03-25 09:04:38.824454,21.29,393.49,32.89,37.47,34.05,Charging,Normal,-0.4515
OVN-EV-003,2026-03-25 09:04:41.138958,18.2,386.85,33.14,39.22,31.37,Charging,Normal,-0.4594
OVN-EV-002,2026-03-25 09:04:41.140248,18.25,382.92,30.36,39.69,71.42,Charging,Normal,-0.4427
OVN-EV-001,2026-03-25 09:04:41.835395,21.21,400.55,35.15,38.03,51.98,Charging,Normal,-0.4603
OVN-EV-002,2026-03-25 09:04:44.138251,17.28,413.69,34.45,42.21,59.24,Charging,Normal,-0.4461
OVN-EV-003,2026-03-25 09:04:44.138251,21.7,381.98,34.22,36.17,38.98,Charging,Normal,-0.4749
OVN-EV-001,2026-03-25 09:04:44.834844,24.42,394.86,29.47,40.17,94.25,Charging,Normal,-0.5176
OVN-EV-002,2026-03-25 09:04:47.150904,10.92,387.46,32.44,31.94,80.55,Charging,Normal,-0.4961
OVN-EV-003,2026-03-25 09:04:47.150904,20.6,407.44,30.05,43.65,71.63,Charging,Normal,-0.4566
OVN-EV-001,2026-03-25 09:04:47.836315,22.1,411.32,34.9,34.4,44.51,Charging,Normal,-0.4824
OVN-EV-002,2026-03-25 09:04:50.179226,12.22,401.64,34.21,39.27,84.54,Charging,Normal,-0.4562
OVN-EV-003,2026-03-25 09:04:50.179226,22.99,390.72,33.12,31.62,83.86,Charging,Normal,-0.4964
OVN-EV-001,2026-03-25 09:04:50.839227,24.31,396.95,34.04,34.07,59.52,Charging,Normal,-0.4871
OVN-EV-002,2026-03-25 09:04:53.177435,23.47,383.39,31.33,38.72,65.77,Charging,Normal,-0.4896
OVN-EV-003,2026-03-25 09:04:53.177435,17.71,419.07,29.98,43.22,33.87,Charging,Normal,-0.5069
OVN-EV-001,2026-03-25 09:04:53.855576,13.15,384.76,28.04,39.97,38.08,Charging,Normal,-0.4848
OVN-EV-002,2026-03-25 09:04:56.180320,17.14,403.58,28.65,32.65,36.52,Charging,Normal,-0.4631
OVN-EV-003,2026-03-25 09:04:56.180320,10.02,390.01,35.84,36.96,57.74,Charging,Normal,-0.5177
OVN-EV-001,2026-03-25 09:04:56.868426,17.92,383.14,33.14,32.7,67.66,Charging,Normal,-0.4667
OVN-EV-002,2026-03-25 09:04:59.188281,11.22,418.45,34.18,39.25,67.72,Charging,Normal,-0.4984
OVN-EV-003,2026-03-25 09:04:59.189018,11.96,406.89,34.94,43.78,80.21,Charging,Normal,-0.4793
OVN-EV-001,2026-03-25 09:04:59.870261,23.98,385.75,28.96,33.5,66.07,Charging,Normal,-0.5167
OVN-EV-002,2026-03-25 09:05:02.188968,23.27,401.61,30.9,44.9,29.67,Charging,Normal,-0.5043
OVN-EV-003,2026-03-25 09:05:02.188968,14.13,406.26,33.05,40.96,45.88,Charging,Normal,-0.424
OVN-EV-001,2026-03-25 09:05:02.884939,18.13,400.52,28.78,30.72,78.59,Charging,Normal,-0.4851
OVN-EV-002,2026-03-25 09:05:05.195496,12.23,390.3,35.58,35.49,50.36,Charging,Normal,-0.4751
OVN-EV-003,2026-03-25 09:05:05.195496,24.85,392.27,31.89,43.93,83.19,Charging,Normal,-0.5236
OVN-EV-001,2026-03-25 09:05:05.902429,13.42,416.66,34.03,37.05,74.07,Charging,Normal,-0.4541
OVN-EV-002,2026-03-25 09:05:08.192460,23.48,399.09,35.07,32.86,34.77,Charging,Normal,-0.4934
OVN-EV-003,2026-03-25 09:05:08.216930,17.67,380.31,35.13,41.51,31.2,Charging,Normal,-0.4909
OVN-EV-001,2026-03-25 09:05:08.906097,19.48,405.76,34.48,40.59,58.4,Charging,Normal,-0.4454
OVN-EV-002,2026-03-25 09:05:11.189002,12.42,418.7,33.28,33.87,75.17,Charging,Normal,-0.4919
OVN-EV-003,2026-03-25 09:05:11.235686,19.18,402.09,34.19,44.42,94.64,Charging,Normal,-0.5073
OVN-EV-001,2026-03-25 09:05:11.913301,14.36,383.81,34.33,38.05,57.45,Charging,Normal,-0.4545
OVN-EV-002,2026-03-25 09:05:14.199102,24.61,406.37,35.51,41.41,29.68,Charging,Normal,-0.5141
OVN-EV-003,2026-03-25 09:05:14.235569,16.77,414.22,31.24,42.26,81.74,Charging,Normal,-0.4601
OVN-EV-001,2026-03-25 09:05:14.914334,20.73,399.41,34.09,31.22,52.08,Charging,Normal,-0.4732
OVN-EV-002,2026-03-25 09:05:17.222444,21.96,390.25,34.09,41.18,75.0,Charging,Normal,-0.4642
OVN-EV-003,2026-03-25 09:05:17.222444,13.87,395.54,30.34,32.94,71.08,Charging,Normal,-0.4422
OVN-EV-001,2026-03-25 09:05:17.909886,15.26,414.71,35.58,35.46,75.15,Charging,Normal,-0.4733
OVN-EV-002,2026-03-25 09:05:20.232226,14.63,398.9,31.19,37.8,32.29,Charging,Normal,-0.4309
OVN-EV-003,2026-03-25 09:05:20.232226,11.7,381.72,31.27,35.36,94.64,Charging,Normal,-0.5205
OVN-EV-001,2026-03-25 09:05:20.918927,16.53,409.19,28.6,30.44,71.56,Charging,Normal,-0.4939
OVN-EV-003,2026-03-25 09:05:23.240225,23.82,383.96,34.09,33.55,88.82,Charging,Normal,-0.5359
OVN-EV-002,2026-03-25 09:05:23.240225,23.57,392.28,34.1,40.27,22.93,Charging,Normal,-0.5063
OVN-EV-001,2026-03-25 09:05:23.933030,15.84,388.71,32.12,32.48,20.81,Charging,Normal,-0.4909
OVN-EV-003,2026-03-25 09:05:26.254435,14.41,396.99,34.88,40.72,84.07,Charging,Normal,-0.4543
OVN-EV-002,2026-03-25 09:05:26.254435,20.62,393.12,28.22,38.0,65.91,Charging,Normal,-0.4568
OVN-EV-001,2026-03-25 09:05:26.955359,14.28,416.55,34.2,41.14,33.27,Charging,Normal,-0.4853
OVN-EV-003,2026-03-25 09:05:29.262614,21.12,460.55,85.59,81.84,43.13,ANOMALY,ANOMALY,-0.6586
OVN-EV-002,2026-03-25 09:05:29.262614,13.83,404.78,32.2,33.56,89.46,Charging,Normal,-0.4865
OVN-EV-001,2026-03-25 09:05:29.955666,20.03,402.46,34.99,40.74,90.05,Charging,Normal,-0.4842
OVN-EV-003,2026-03-25 09:05:32.284085,16.5,382.62,29.08,43.08,82.71,Charging,Normal,-0.484
OVN-EV-002,2026-03-25 09:05:32.284085,22.6,413.35,29.09,31.6,24.33,Charging,Normal,-0.5199
OVN-EV-001,2026-03-25 09:05:32.963721,14.14,493.52,92.2,89.93,94.24,ANOMALY,ANOMALY,-0.6971
OVN-EV-003,2026-03-25 09:05:35.289172,19.63,381.08,28.4,35.61,44.62,Charging,Normal,-0.4869
OVN-EV-002,2026-03-25 09:05:35.289722,13.1,401.28,30.99,39.36,26.41,Charging,Normal,-0.4457
OVN-EV-001,2026-03-25 09:05:35.971919,24.89,391.29,29.47,38.85,52.16,Charging,Normal,-0.4982
OVN-EV-003,2026-03-25 09:05:38.287278,11.42,393.99,28.49,33.14,94.07,Charging,Normal,-0.5404
OVN-EV-002,2026-03-25 09:05:38.306304,15.14,393.85,30.24,42.52,50.78,Charging,Normal,-0.433
OVN-EV-001,2026-03-25 09:05:38.988849,18.06,391.45,33.14,36.44,44.07,Charging,Normal,-0.4227
OVN-EV-003,2026-03-25 09:05:41.289726,21.94,387.66,31.05,36.07,81.67,Charging,Normal,-0.4641
OVN-EV-002,2026-03-25 09:05:41.322007,22.36,404.26,32.24,40.94,46.19,Charging,Normal,-0.4388
OVN-EV-001,2026-03-25 09:05:41.988009,10.43,398.64,29.51,33.59,87.35,Charging,Normal,-0.5129
OVN-EV-003,2026-03-25 09:05:44.288023,17.1,455.83,90.56,78.07,60.55,ANOMALY,Normal,-0.642
OVN-EV-002,2026-03-25 09:05:44.339615,24.45,389.12,28.24,41.23,59.73,Charging,Normal,-0.5106
OVN-EV-001,2026-03-25 09:05:44.987137,24.46,385.09,30.77,43.36,34.73,Charging,Normal,-0.516
OVN-EV-003,2026-03-25 09:05:47.298765,13.26,383.9,34.63,38.74,59.89,Charging,Normal,-0.4702
OVN-EV-002,2026-03-25 09:05:47.355364,20.52,397.44,33.15,36.45,51.4,Charging,Normal,-0.4291
OVN-EV-001,2026-03-25 09:05:47.986836,14.48,392.01,31.1,33.55,42.67,Charging,Normal,-0.4405
OVN-EV-003,2026-03-25 09:05:50.304695,22.57,405.27,35.5,40.15,22.01,Charging,Normal,-0.509
OVN-EV-002,2026-03-25 09:05:50.369907,10.06,410.06,32.86,33.05,30.07,Charging,Normal,-0.5266
OVN-EV-001,2026-03-25 09:05:50.982605,22.52,397.17,28.24,36.87,86.91,Charging,Normal,-0.479
OVN-EV-003,2026-03-25 09:05:53.318331,16.07,401.4,31.62,43.92,61.11,Charging,Normal,-0.4406
OVN-EV-002,2026-03-25 09:05:53.383114,20.6,460.2,90.88,82.06,72.03,ANOMALY,ANOMALY,-0.6566
OVN-EV-001,2026-03-25 09:05:53.996846,14.15,405.04,28.98,39.23,49.6,Charging,Normal,-0.4357
OVN-EV-003,2026-03-25 09:05:56.321666,23.48,384.18,33.51,30.32,64.35,Charging,Normal,-0.5137
OVN-EV-002,2026-03-25 09:05:56.373784,18.86,386.6,33.81,30.37,69.54,Charging,Normal,-0.49
OVN-EV-001,2026-03-25 09:05:57.000812,16.97,396.58,29.05,41.03,68.55,Charging,Normal,-0.4414
OVN-EV-003,2026-03-25 09:05:59.331185,13.73,417.48,28.49,38.57,50.85,Charging,Normal,-0.4744
OVN-EV-002,2026-03-25 09:05:59.384270,20.71,381.41,33.33,35.59,66.71,Charging,Normal,-0.4596
OVN-EV-001,2026-03-25 09:06:00.016781,17.49,385.28,34.93,34.49,52.38,Charging,Normal,-0.4684
OVN-EV-003,2026-03-25 09:06:02.334339,17.8,401.65,29.43,31.54,84.65,Charging,Normal,-0.4708
OVN-EV-002,2026-03-25 09:06:02.382625,20.18,385.31,33.14,39.94,31.11,Charging,Normal,-0.4601
OVN-EV-001,2026-03-25 09:06:03.037358,20.4,380.53,35.64,44.28,53.57,Charging,Normal,-0.5313
OVN-EV-003,2026-03-25 09:06:05.340305,24.51,471.8,88.01,81.75,53.47,ANOMALY,ANOMALY,-0.6642
OVN-EV-002,2026-03-25 09:06:05.373713,13.98,412.49,28.03,33.19,79.6,Charging,Normal,-0.499
OVN-EV-001,2026-03-25 09:06:06.040055,23.75,419.34,30.7,43.92,34.52,Charging,Normal,-0.5109
OVN-EV-003,2026-03-25 09:06:08.340823,12.04,400.17,30.05,36.14,55.44,Charging,Normal,-0.4418
OVN-EV-002,2026-03-25 09:06:08.373631,16.51,402.69,29.67,31.02,46.95,Charging,Normal,-0.4569
OVN-EV-001,2026-03-25 09:06:09.055071,11.94,407.75,35.14,31.13,51.79,Charging,Normal,-0.5034
OVN-EV-003,2026-03-25 09:06:11.353460,24.77,406.28,35.92,31.05,27.03,Charging,Normal,-0.5575
OVN-EV-002,2026-03-25 09:06:11.374051,19.76,404.41,35.37,33.61,68.0,Charging,Normal,-0.483
OVN-EV-001,2026-03-25 09:06:12.053511,12.74,399.04,32.05,42.02,73.99,Charging,Normal,-0.4503
OVN-EV-003,2026-03-25 09:06:14.373093,24.94,399.14,35.69,43.64,81.54,Charging,Normal,-0.5268
OVN-EV-002,2026-03-25 09:06:14.373660,16.52,400.05,31.34,41.31,46.5,Charging,Normal,-0.4343
OVN-EV-001,2026-03-25 09:06:15.055711,12.08,407.65,35.72,34.13,80.53,Charging,Normal,-0.5037
OVN-EV-003,2026-03-25 09:06:17.392139,15.31,395.52,31.88,37.09,52.25,Charging,Normal,-0.4295
OVN-EV-002,2026-03-25 09:06:17.392139,10.08,419.13,35.69,35.54,85.4,Charging,Normal,-0.5557
OVN-EV-001,2026-03-25 09:06:18.056402,20.27,403.48,35.65,34.37,45.2,Charging,Normal,-0.4826
OVN-EV-003,2026-03-25 09:06:20.388943,11.62,405.72,32.25,35.56,70.71,Charging,Normal,-0.445
OVN-EV-002,2026-03-25 09:06:20.388943,18.83,390.3,34.33,31.53,48.14,Charging,Normal,-0.4743
OVN-EV-001,2026-03-25 09:06:21.070916,14.35,397.6,31.59,33.63,54.31,Charging,Normal,-0.4367
OVN-EV-002,2026-03-25 09:06:23.399799,22.63,407.97,31.37,37.67,32.13,Charging,Normal,-0.466
OVN-EV-003,2026-03-25 09:06:23.401549,12.11,386.43,28.13,33.93,74.1,Charging,Normal,-0.501
OVN-EV-001,2026-03-25 09:06:24.064661,11.34,389.04,32.87,32.99,50.72,Charging,Normal,-0.4718
OVN-EV-002,2026-03-25 09:06:26.407729,12.59,410.95,29.14,41.11,31.27,Charging,Normal,-0.4803
OVN-EV-003,2026-03-25 09:06:26.409130,13.88,417.68,34.87,40.2,55.27,Charging,Normal,-0.4712
OVN-EV-001,2026-03-25 09:06:27.070206,24.91,410.64,33.79,38.24,24.83,Charging,Normal,-0.5238
OVN-EV-002,2026-03-25 09:06:29.424032,11.67,398.14,31.64,40.45,50.51,Charging,Normal,-0.4611
OVN-EV-003,2026-03-25 09:06:29.424032,17.85,391.98,33.29,43.44,86.13,Charging,Normal,-0.4642
OVN-EV-001,2026-03-25 09:06:30.073250,11.26,417.42,31.14,31.23,88.07,Charging,Normal,-0.5183
OVN-EV-002,2026-03-25 09:06:32.432160,19.92,417.49,28.47,30.99,51.8,Charging,Normal,-0.5013
OVN-EV-003,2026-03-25 09:06:32.432160,24.58,388.23,32.96,37.77,54.92,Charging,Normal,-0.4775
OVN-EV-001,2026-03-25 09:06:33.087361,22.96,403.97,31.56,34.33,43.43,Charging,Normal,-0.4516
OVN-EV-002,2026-03-25 09:06:35.448476,10.5,415.48,33.89,37.96,85.07,Charging,Normal,-0.4999
OVN-EV-003,2026-03-25 09:06:35.448476,22.62,416.91,34.48,32.19,89.2,Charging,Normal,-0.5257
OVN-EV-001,2026-03-25 09:06:36.088567,24.76,418.7,33.54,34.03,58.05,Charging,Normal,-0.5123
OVN-EV-002,2026-03-25 09:06:38.456253,21.67,394.02,30.28,42.59,92.03,Charging,Normal,-0.511
OVN-EV-003,2026-03-25 09:06:38.457320,13.55,418.23,33.53,37.38,66.78,Charging,Normal,-0.4526
OVN-EV-001,2026-03-25 09:06:39.105710,15.47,407.11,30.93,44.02,79.23,Charging,Normal,-0.4543
OVN-EV-002,2026-03-25 09:06:41.454645,20.08,413.84,30.28,43.12,42.49,Charging,Normal,-0.4664
OVN-EV-003,2026-03-25 09:06:41.454645,18.74,389.5,33.87,43.14,49.24,Charging,Normal,-0.4649
OVN-EV-001,2026-03-25 09:06:42.117786,19.02,417.91,35.3,41.39,42.42,Charging,Normal,-0.4904
OVN-EV-003,2026-03-25 09:06:44.466549,13.82,408.58,34.91,30.46,79.9,Charging,Normal,-0.5076
OVN-EV-002,2026-03-25 09:06:44.466549,10.97,400.56,33.13,42.21,38.76,Charging,Normal,-0.4667
OVN-EV-001,2026-03-25 09:06:45.111817,14.06,488.99,87.73,79.81,84.71,ANOMALY,ANOMALY,-0.6745
OVN-EV-003,2026-03-25 09:06:47.482180,12.8,397.08,35.77,33.71,35.53,Charging,Normal,-0.4859
OVN-EV-002,2026-03-25 09:06:47.482180,12.06,388.77,32.81,43.5,53.0,Charging,Normal,-0.4672
OVN-EV-001,2026-03-25 09:06:48.121180,14.6,390.94,35.53,44.38,24.48,Charging,Normal,-0.5092
OVN-EV-003,2026-03-25 09:06:50.493418,21.39,388.89,33.18,37.32,77.59,Charging,Normal,-0.4463
OVN-EV-002,2026-03-25 09:06:50.493418,24.16,419.99,32.43,32.72,46.68,Charging,Normal,-0.5174
OVN-EV-001,2026-03-25 09:06:51.121606,18.24,418.57,31.33,41.34,88.5,Charging,Normal,-0.4765
OVN-EV-003,2026-03-25 09:06:53.486006,20.07,410.97,30.22,37.59,55.33,Charging,Normal,-0.4315
OVN-EV-002,2026-03-25 09:06:53.517159,14.31,387.81,30.89,37.24,45.95,Charging,Normal,-0.4467
OVN-EV-001,2026-03-25 09:06:54.133327,20.15,406.39,31.29,38.58,66.89,Charging,Normal,-0.4257
OVN-EV-003,2026-03-25 09:06:56.498229,20.28,498.83,85.17,84.19,76.18,ANOMALY,ANOMALY,-0.6956
OVN-EV-002,2026-03-25 09:06:56.499238,24.88,404.93,31.5,43.91,20.41,Charging,Normal,-0.5507
OVN-EV-001,2026-03-25 09:06:57.125430,11.39,380.93,33.1,44.63,91.69,Charging,Normal,-0.5364
OVN-EV-003,2026-03-25 09:06:59.508041,16.94,398.45,33.63,35.63,23.94,Charging,Normal,-0.4602
OVN-EV-002,2026-03-25 09:06:59.508041,17.03,403.24,33.94,42.99,33.17,Charging,Normal,-0.4481
OVN-EV-001,2026-03-25 09:07:00.127778,23.07,399.62,28.06,37.37,75.91,Charging,Normal,-0.4762
OVN-EV-003,2026-03-25 09:07:02.510711,14.3,404.94,34.41,37.65,82.09,Charging,Normal,-0.4503
OVN-EV-002,2026-03-25 09:07:02.510711,12.48,401.13,29.16,33.71,27.67,Charging,Normal,-0.4797
OVN-EV-001,2026-03-25 09:07:03.126256,14.54,409.85,28.36,43.63,43.89,Charging,Normal,-0.466
OVN-EV-003,2026-03-25 09:07:05.519007,21.91,417.68,29.5,43.12,71.77,Charging,Normal,-0.4801
OVN-EV-002,2026-03-25 09:07:05.519007,10.82,399.18,33.62,38.33,39.21,Charging,Normal,-0.464
OVN-EV-001,2026-03-25 09:07:06.138315,20.11,388.27,30.5,32.46,76.52,Charging,Normal,-0.4594
OVN-EV-003,2026-03-25 09:07:08.524123,13.52,417.79,35.26,40.71,23.3,Charging,Normal,-0.5087
OVN-EV-002,2026-03-25 09:07:08.524688,14.96,394.64,31.53,30.97,54.61,Charging,Normal,-0.452
OVN-EV-001,2026-03-25 09:07:09.143462,20.01,486.8,93.07,79.59,51.06,ANOMALY,ANOMALY,-0.667
OVN-EV-003,2026-03-25 09:07:11.523750,22.21,407.07,29.11,32.54,34.3,Charging,Normal,-0.4776
OVN-EV-002,2026-03-25 09:07:11.555438,19.3,452.17,97.03,76.95,54.43,ANOMALY,ANOMALY,-0.667
OVN-EV-001,2026-03-25 09:07:12.142799,14.01,419.17,31.16,33.04,53.96,Charging,Normal,-0.4723
OVN-EV-003,2026-03-25 09:07:14.526141,15.98,403.82,33.18,30.63,21.09,Charging,Normal,-0.4802
OVN-EV-002,2026-03-25 09:07:14.557146,14.32,385.41,31.66,34.02,60.86,Charging,Normal,-0.4558
OVN-EV-001,2026-03-25 09:07:15.136212,20.77,389.36,33.85,34.01,94.61,Charging,Normal,-0.4889
OVN-EV-003,2026-03-25 09:07:17.544952,23.76,384.68,35.99,44.73,65.92,Charging,Normal,-0.5365
OVN-EV-002,2026-03-25 09:07:17.545683,12.93,401.63,30.03,44.5,49.36,Charging,Normal,-0.4531
OVN-EV-001,2026-03-25 09:07:18.152846,22.91,411.67,30.31,35.69,47.23,Charging,Normal,-0.4463
OVN-EV-003,2026-03-25 09:07:20.552366,22.69,385.76,33.42,34.05,69.78,Charging,Normal,-0.4658
OVN-EV-002,2026-03-25 09:07:20.552366,22.46,406.23,30.99,36.8,69.76,Charging,Normal,-0.4357
OVN-EV-001,2026-03-25 09:07:21.173984,23.86,381.37,30.65,43.31,39.65,Charging,Normal,-0.5033
OVN-EV-002,2026-03-25 09:07:23.558859,22.66,394.39,35.39,42.39,88.54,Charging,Normal,-0.5093
OVN-EV-003,2026-03-25 09:07:23.558859,23.41,397.84,33.64,38.31,31.76,Charging,Normal,-0.4623
OVN-EV-001,2026-03-25 09:07:24.172615,24.65,496.34,98.64,79.72,46.5,ANOMALY,ANOMALY,-0.7101
OVN-EV-002,2026-03-25 09:07:26.575336,24.41,381.64,31.2,38.92,35.44,Charging,Normal,-0.495
OVN-EV-003,2026-03-25 09:07:26.575336,14.13,389.72,33.66,35.63,51.75,Charging,Normal,-0.4442
OVN-EV-001,2026-03-25 09:07:27.177908,23.33,383.42,30.32,36.8,69.8,Charging,Normal,-0.4728
OVN-EV-002,2026-03-25 09:07:29.591919,24.96,412.53,35.38,30.82,78.33,Charging,Normal,-0.5484
OVN-EV-003,2026-03-25 09:07:29.593078,20.65,401.78,30.0,37.84,86.15,Charging,Normal,-0.4361
OVN-EV-001,2026-03-25 09:07:30.176173,24.08,412.72,31.01,33.92,61.69,Charging,Normal,-0.4749
OVN-EV-002,2026-03-25 09:07:32.601884,15.59,401.21,35.59,33.75,72.73,Charging,Normal,-0.467
OVN-EV-003,2026-03-25 09:07:32.601884,10.17,417.29,31.93,42.09,34.5,Charging,Normal,-0.5332
OVN-EV-001,2026-03-25 09:07:33.185582,20.77,396.64,31.02,32.15,23.47,Charging,Normal,-0.4727
OVN-EV-002,2026-03-25 09:07:35.607819,21.67,407.43,30.92,32.05,79.04,Charging,Normal,-0.4617
OVN-EV-003,2026-03-25 09:07:35.610864,23.5,387.24,29.67,35.53,59.29,Charging,Normal,-0.4695
OVN-EV-001,2026-03-25 09:07:36.196950,14.5,386.06,33.85,34.95,37.79,Charging,Normal,-0.445
OVN-EV-002,2026-03-25 09:07:38.629437,13.1,386.97,29.0,35.85,57.15,Charging,Normal,-0.4587
OVN-EV-003,2026-03-25 09:07:38.629437,20.17,450.69,80.6,73.89,57.64,ANOMALY,ANOMALY,-0.6615
OVN-EV-001,2026-03-25 09:07:39.199473,22.22,397.71,28.58,42.66,43.25,Charging,Normal,-0.469
OVN-EV-002,2026-03-25 09:07:41.624008,17.21,419.17,34.82,38.97,59.77,Charging,Normal,-0.4678
OVN-EV-003,2026-03-25 09:07:41.624008,15.07,387.73,32.49,42.47,83.37,Charging,Normal,-0.4404
OVN-EV-001,2026-03-25 09:07:42.208099,10.24,385.9,29.02,30.28,87.64,Charging,Normal,-0.5651
OVN-EV-003,2026-03-25 09:07:44.635155,24.65,477.97,82.67,73.5,47.8,ANOMALY,ANOMALY,-0.7013
OVN-EV-002,2026-03-25 09:07:44.635155,12.84,417.73,32.48,43.51,70.51,Charging,Normal,-0.4744
OVN-EV-001,2026-03-25 09:07:45.199860,19.91,392.7,32.44,31.45,46.25,Charging,Normal,-0.455
OVN-EV-003,2026-03-25 09:07:47.652380,22.96,394.66,30.6,30.35,52.29,Charging,Normal,-0.4922
OVN-EV-002,2026-03-25 09:07:47.652380,18.54,396.68,28.37,33.53,92.82,Charging,Normal,-0.5038
OVN-EV-001,2026-03-25 09:07:48.203315,13.68,415.78,31.45,45.0,67.3,Charging,Normal,-0.4711
OVN-EV-003,2026-03-25 09:07:50.658820,16.87,383.34,35.25,44.78,31.01,Charging,Normal,-0.5058
OVN-EV-002,2026-03-25 09:07:50.659200,13.02,405.93,34.79,31.29,80.39,Charging,Normal,-0.4859
OVN-EV-001,2026-03-25 09:07:51.215054,23.41,381.54,34.66,31.79,35.71,Charging,Normal,-0.5035
OVN-EV-003,2026-03-25 09:07:53.657652,14.7,382.51,33.61,39.75,38.53,Charging,Normal,-0.4498
OVN-EV-002,2026-03-25 09:07:53.658859,24.72,387.41,34.06,42.93,84.09,Charging,Normal,-0.511
OVN-EV-001,2026-03-25 09:07:54.226216,24.79,384.89,33.4,44.57,83.42,Charging,Normal,-0.5258
OVN-EV-003,2026-03-25 09:07:56.675468,10.12,386.88,32.76,44.75,42.54,Charging,Normal,-0.5283
OVN-EV-002,2026-03-25 09:07:56.675468,15.82,415.01,33.61,43.07,58.93,Charging,Normal,-0.4476
OVN-EV-001,2026-03-25 09:07:57.234549,24.26,394.6,30.62,37.53,60.56,Charging,Normal,-0.4711
OVN-EV-003,2026-03-25 09:07:59.677019,11.88,401.0,30.97,31.23,68.69,Charging,Normal,-0.4676
OVN-EV-002,2026-03-25 09:07:59.677384,22.24,383.22,34.77,34.91,44.73,Charging,Normal,-0.4855
OVN-EV-001,2026-03-25 09:08:00.261629,16.15,394.63,31.06,42.87,27.36,Charging,Normal,-0.4663
OVN-EV-002,2026-03-25 09:08:02.683855,19.53,418.72,28.14,34.18,41.48,Charging,Normal,-0.5063
OVN-EV-003,2026-03-25 09:08:02.683855,23.54,398.89,35.39,43.97,53.57,Charging,Normal,-0.4877
OVN-EV-001,2026-03-25 09:08:03.286505,11.18,415.68,31.36,35.08,57.49,Charging,Normal,-0.4751
OVN-EV-002,2026-03-25 09:08:05.694503,16.92,383.66,34.94,38.97,20.94,Charging,Normal,-0.5049
OVN-EV-003,2026-03-25 09:08:05.694503,14.3,390.81,33.33,39.69,89.61,Charging,Normal,-0.4722
OVN-EV-001,2026-03-25 09:08:06.294114,22.07,413.97,33.66,32.54,89.16,Charging,Normal,-0.506
OVN-EV-002,2026-03-25 09:08:08.692050,20.3,411.17,34.2,37.74,29.19,Charging,Normal,-0.4693
OVN-EV-003,2026-03-25 09:08:08.716019,14.02,384.68,30.82,44.13,51.13,Charging,Normal,-0.4529
OVN-EV-001,2026-03-25 09:08:09.305701,11.91,399.04,33.57,34.03,50.28,Charging,Normal,-0.4406
OVN-EV-002,2026-03-25 09:08:11.700250,10.61,394.38,29.86,31.66,77.93,Charging,Normal,-0.4963
OVN-EV-003,2026-03-25 09:08:11.725886,22.6,407.63,32.97,41.62,90.99,Charging,Normal,-0.4929
OVN-EV-001,2026-03-25 09:08:12.312063,24.5,402.24,31.28,39.79,64.78,Charging,Normal,-0.4745
OVN-EV-002,2026-03-25 09:08:14.714728,12.05,390.44,31.84,30.68,86.41,Charging,Normal,-0.5076
OVN-EV-003,2026-03-25 09:08:14.716746,15.48,380.96,34.13,37.91,24.08,Charging,Normal,-0.4878
OVN-EV-001,2026-03-25 09:08:15.317841,10.16,390.49,31.63,31.7,77.4,Charging,Normal,-0.5337
OVN-EV-002,2026-03-25 09:08:17.734350,20.73,404.88,33.05,31.18,82.56,Charging,Normal,-0.4824
OVN-EV-003,2026-03-25 09:08:17.734350,22.78,405.92,30.91,42.67,58.65,Charging,Normal,-0.4438
OVN-EV-001,2026-03-25 09:08:18.312350,15.17,410.6,35.86,30.97,43.6,Charging,Normal,-0.5008
OVN-EV-002,2026-03-25 09:08:20.745369,21.4,402.02,34.82,40.69,78.35,Charging,Normal,-0.4669
OVN-EV-003,2026-03-25 09:08:20.745369,11.32,401.79,28.38,37.45,82.8,Charging,Normal,-0.4769
OVN-EV-001,2026-03-25 09:08:21.313528,17.64,407.97,33.48,34.87,35.77,Charging,Normal,-0.4459
OVN-EV-003,2026-03-25 09:08:23.763626,14.15,402.41,31.78,43.47,72.97,Charging,Normal,-0.4261
OVN-EV-002,2026-03-25 09:08:23.763626,11.39,385.21,33.62,44.26,82.41,Charging,Normal,-0.5043
OVN-EV-001,2026-03-25 09:08:24.316829,16.81,399.54,31.17,35.21,85.15,Charging,Normal,-0.4499
OVN-EV-003,2026-03-25 09:08:26.769912,22.61,411.23,34.59,35.92,76.47,Charging,Normal,-0.4683
OVN-EV-002,2026-03-25 09:08:26.770440,12.56,387.43,30.27,31.53,25.34,Charging,Normal,-0.497
OVN-EV-001,2026-03-25 09:08:27.332844,23.44,386.02,35.08,35.26,33.84,Charging,Normal,-0.4961
OVN-EV-003,2026-03-25 09:08:29.782074,18.07,412.41,29.87,41.84,69.43,Charging,Normal,-0.4293
OVN-EV-002,2026-03-25 09:08:29.782074,12.43,410.62,28.81,43.48,22.11,Charging,Normal,-0.5016
OVN-EV-001,2026-03-25 09:08:30.334905,14.52,405.14,31.76,41.54,66.13,Charging,Normal,-0.42
OVN-EV-003,2026-03-25 09:08:32.792172,14.82,416.05,28.72,31.48,92.7,Charging,Normal,-0.5282
OVN-EV-002,2026-03-25 09:08:32.792172,17.73,415.53,29.14,30.91,61.56,Charging,Normal,-0.4762
OVN-EV-001,2026-03-25 09:08:33.326612,12.85,401.87,28.29,32.62,92.1,Charging,Normal,-0.5168
OVN-EV-003,2026-03-25 09:08:35.806469,13.34,482.67,94.75,80.77,56.69,ANOMALY,ANOMALY,-0.6629
OVN-EV-002,2026-03-25 09:08:35.806469,19.77,403.63,35.83,36.02,56.93,Charging,Normal,-0.4749
OVN-EV-001,2026-03-25 09:08:36.334895,20.94,405.77,35.26,32.27,56.68,Charging,Normal,-0.4791
OVN-EV-003,2026-03-25 09:08:38.824678,11.13,384.1,34.05,40.17,40.45,Charging,Normal,-0.4886
OVN-EV-002,2026-03-25 09:08:38.824678,20.54,452.17,96.1,73.22,90.42,ANOMALY,ANOMALY,-0.6717
OVN-EV-001,2026-03-25 09:08:39.329639,20.35,406.59,31.42,42.12,43.07,Charging,Normal,-0.442
OVN-EV-003,2026-03-25 09:08:41.842543,21.85,389.54,29.33,39.92,74.75,Charging,Normal,-0.4571
OVN-EV-002,2026-03-25 09:08:41.842543,24.79,400.58,34.39,44.37,34.99,Charging,Normal,-0.5004
OVN-EV-001,2026-03-25 09:08:42.337012,13.62,411.78,34.21,37.28,36.12,Charging,Normal,-0.4469
OVN-EV-002,2026-03-25 09:08:44.856465,21.1,392.53,35.53,38.33,33.24,Charging,Normal,-0.4819
OVN-EV-003,2026-03-25 09:08:44.856465,22.95,415.86,35.64,37.5,46.19,Charging,Normal,-0.4947
OVN-EV-001,2026-03-25 09:08:45.339018,24.82,417.34,34.59,30.01,60.82,Charging,Normal,-0.5428
OVN-EV-002,2026-03-25 09:08:47.884505,19.86,493.5,86.37,79.84,27.1,ANOMALY,ANOMALY,-0.6819
OVN-EV-003,2026-03-25 09:08:47.885842,18.64,397.87,34.12,34.93,59.8,Charging,Normal,-0.4335
OVN-EV-001,2026-03-25 09:08:48.355728,20.48,487.51,98.9,84.93,84.41,ANOMALY,ANOMALY,-0.6914
OVN-EV-002,2026-03-25 09:08:50.893945,21.7,406.43,30.83,30.86,21.98,Charging,Normal,-0.5045
OVN-EV-003,2026-03-25 09:08:50.893945,24.02,386.21,30.85,43.14,48.79,Charging,Normal,-0.4717
OVN-EV-001,2026-03-25 09:08:51.376054,13.07,400.85,30.81,38.34,81.03,Charging,Normal,-0.4481
OVN-EV-002,2026-03-25 09:08:53.906967,16.57,411.8,34.22,33.21,43.55,Charging,Normal,-0.4617
OVN-EV-003,2026-03-25 09:08:53.908355,10.1,381.6,29.9,34.23,49.66,Charging,Normal,-0.519
OVN-EV-001,2026-03-25 09:08:54.391055,13.31,409.7,28.55,39.6,26.95,Charging,Normal,-0.481
OVN-EV-002,2026-03-25 09:08:56.909556,19.64,397.3,34.7,30.42,70.11,Charging,Normal,-0.4894
OVN-EV-003,2026-03-25 09:08:56.910492,12.78,387.55,30.08,35.76,90.78,Charging,Normal,-0.4976
OVN-EV-001,2026-03-25 09:08:57.404760,21.47,390.68,28.46,36.39,79.49,Charging,Normal,-0.4696
OVN-EV-002,2026-03-25 09:08:59.906885,13.17,386.12,31.79,38.03,90.77,Charging,Normal,-0.4845
OVN-EV-003,2026-03-25 09:08:59.906885,13.37,388.46,30.21,33.18,71.07,Charging,Normal,-0.4681
OVN-EV-001,2026-03-25 09:09:00.420180,18.42,407.77,31.9,42.23,37.63,Charging,Normal,-0.4435
OVN-EV-003,2026-03-25 09:09:02.907135,22.15,393.45,28.76,30.15,24.7,Charging,Normal,-0.5371
OVN-EV-002,2026-03-25 09:09:02.908681,24.66,389.88,33.71,35.65,94.43,Charging,Normal,-0.5263
OVN-EV-001,2026-03-25 09:09:03.432956,10.36,381.03,31.97,40.16,91.91,Charging,Normal,-0.5405
OVN-EV-003,2026-03-25 09:09:05.905464,19.19,380.94,29.43,39.12,28.01,Charging,Normal,-0.4882
OVN-EV-002,2026-03-25 09:09:05.906852,20.13,415.97,31.51,33.02,45.32,Charging,Normal,-0.4585
OVN-EV-001,2026-03-25 09:09:06.444092,13.98,390.25,30.59,37.06,53.71,Charging,Normal,-0.4429
OVN-EV-003,2026-03-25 09:09:08.916101,20.04,404.19,34.02,32.17,24.48,Charging,Normal,-0.4822
OVN-EV-002,2026-03-25 09:09:08.916101,24.71,387.24,29.06,34.65,58.13,Charging,Normal,-0.4961
OVN-EV-001,2026-03-25 09:09:09.446352,10.94,414.73,32.3,33.66,64.06,Charging,Normal,-0.4816
OVN-EV-003,2026-03-25 09:09:11.941626,21.64,406.59,30.77,34.89,26.02,Charging,Normal,-0.4629
OVN-EV-002,2026-03-25 09:09:11.941626,18.03,401.7,28.8,36.55,84.02,Charging,Normal,-0.445
OVN-EV-001,2026-03-25 09:09:12.454803,15.26,406.52,35.63,42.51,88.5,Charging,Normal,-0.4877
OVN-EV-003,2026-03-25 09:09:14.939441,21.58,393.35,32.46,35.07,34.86,Charging,Normal,-0.4504
OVN-EV-002,2026-03-25 09:09:14.939441,16.55,387.05,35.7,30.0,71.05,Charging,Normal,-0.5199
OVN-EV-001,2026-03-25 09:09:15.460207,22.89,410.94,29.97,37.98,41.38,Charging,Normal,-0.4556
OVN-EV-003,2026-03-25 09:09:17.945838,18.93,416.51,35.0,30.68,86.54,Charging,Normal,-0.5183
OVN-EV-002,2026-03-25 09:09:17.945838,10.18,384.53,31.32,37.77,87.93,Charging,Normal,-0.5116
OVN-EV-001,2026-03-25 09:09:18.458139,12.62,399.73,30.2,42.09,75.67,Charging,Normal,-0.4548
OVN-EV-003,2026-03-25 09:09:20.945183,22.07,392.16,31.41,30.71,67.71,Charging,Normal,-0.4852
OVN-EV-002,2026-03-25 09:09:20.945183,23.69,402.98,28.77,30.59,72.43,Charging,Normal,-0.4995
OVN-EV-001,2026-03-25 09:09:21.469868,24.7,380.86,30.2,40.49,86.81,Charging,Normal,-0.5179
OVN-EV-002,2026-03-25 09:09:23.936460,20.99,394.97,30.84,44.09,26.88,Charging,Normal,-0.4785
OVN-EV-003,2026-03-25 09:09:23.936460,20.9,415.2,28.51,34.21,56.62,Charging,Normal,-0.4738
OVN-EV-001,2026-03-25 09:09:24.472708,12.18,451.74,90.09,74.45,75.08,ANOMALY,ANOMALY,-0.6599
OVN-EV-002,2026-03-25 09:09:26.934952,21.51,380.84,32.83,31.81,48.95,Charging,Normal,-0.4875
OVN-EV-003,2026-03-25 09:09:26.934952,17.25,409.69,31.31,32.1,41.38,Charging,Normal,-0.4436
OVN-EV-001,2026-03-25 09:09:27.470960,21.47,417.03,30.54,43.32,78.96,Charging,Normal,-0.4726
OVN-EV-002,2026-03-25 09:09:29.952596,19.73,406.46,32.08,35.37,63.55,Charging,Normal,-0.434
OVN-EV-003,2026-03-25 09:09:29.952596,15.68,408.06,34.24,34.45,55.0,Charging,Normal,-0.4346
OVN-EV-001,2026-03-25 09:09:30.474536,11.99,411.28,29.9,31.34,36.11,Charging,Normal,-0.4827
OVN-EV-002,2026-03-25 09:09:32.962795,18.28,408.36,30.88,30.65,42.17,Charging,Normal,-0.4597
OVN-EV-003,2026-03-25 09:09:32.964451,11.2,413.99,33.6,40.76,78.2,Charging,Normal,-0.481
OVN-EV-001,2026-03-25 09:09:33.475895,15.98,388.6,33.26,30.12,35.72,Charging,Normal,-0.4891
OVN-EV-002,2026-03-25 09:09:35.979344,20.15,412.91,28.89,33.55,58.2,Charging,Normal,-0.4703
OVN-EV-003,2026-03-25 09:09:35.979344,18.84,418.14,33.01,43.23,72.33,Charging,Normal,-0.4742
OVN-EV-001,2026-03-25 09:09:36.469581,19.92,400.86,34.04,38.34,94.68,Charging,Normal,-0.4834
OVN-EV-002,2026-03-25 09:09:38.997814,24.86,395.21,31.53,31.9,25.73,Charging,Normal,-0.524
OVN-EV-003,2026-03-25 09:09:39.001834,22.77,394.23,30.36,43.71,49.92,Charging,Normal,-0.4662
OVN-EV-001,2026-03-25 09:09:39.476853,18.73,390.07,29.37,33.78,68.25,Charging,Normal,-0.4507
OVN-EV-002,2026-03-25 09:09:42.023663,14.52,396.96,31.99,35.23,64.0,Charging,Normal,-0.4237
OVN-EV-003,2026-03-25 09:09:42.023663,21.41,396.64,33.82,44.29,72.16,Charging,Normal,-0.4664
OVN-EV-001,2026-03-25 09:09:42.470056,22.91,416.85,30.2,35.27,20.61,Charging,Normal,-0.5086
OVN-EV-002,2026-03-25 09:09:45.018566,12.36,387.38,30.99,40.31,86.42,Charging,Normal,-0.468
OVN-EV-003,2026-03-25 09:09:45.042575,22.93,389.23,32.39,39.49,93.24,Charging,Normal,-0.497
OVN-EV-001,2026-03-25 09:09:45.469166,13.75,488.44,96.7,72.51,63.4,ANOMALY,ANOMALY,-0.6834
OVN-EV-002,2026-03-25 09:09:48.011477,22.04,401.13,29.02,40.54,54.65,Charging,Normal,-0.4418
OVN-EV-003,2026-03-25 09:09:48.058795,13.24,386.69,29.33,38.04,85.3,Charging,Normal,-0.467
OVN-EV-001,2026-03-25 09:09:48.479766,12.36,489.99,99.5,87.2,38.72,ANOMALY,ANOMALY,-0.6888
OVN-EV-002,2026-03-25 09:09:51.018469,20.49,402.71,33.0,44.34,68.55,Charging,Normal,-0.4416
OVN-EV-003,2026-03-25 09:09:51.074984,19.53,401.37,34.28,39.78,93.04,Charging,Normal,-0.4841
OVN-EV-001,2026-03-25 09:09:51.486879,16.23,407.97,33.37,39.01,37.34,Charging,Normal,-0.4262
OVN-EV-002,2026-03-25 09:09:54.019669,22.42,416.45,31.49,33.47,42.14,Charging,Normal,-0.4812
OVN-EV-003,2026-03-25 09:09:54.085405,19.36,400.83,35.21,37.72,92.18,Charging,Normal,-0.4879
OVN-EV-001,2026-03-25 09:09:54.505824,17.74,396.42,28.52,37.68,20.03,Charging,Normal,-0.5026
OVN-EV-002,2026-03-25 09:09:57.028033,17.25,415.79,33.22,32.51,74.38,Charging,Normal,-0.4647
OVN-EV-003,2026-03-25 09:09:57.077853,11.84,401.76,34.37,39.28,24.79,Charging,Normal,-0.4829
OVN-EV-001,2026-03-25 09:09:57.510329,21.89,414.79,29.66,34.22,53.39,Charging,Normal,-0.461
OVN-EV-002,2026-03-25 09:10:00.030437,20.31,382.73,34.52,39.3,62.72,Charging,Normal,-0.4555
OVN-EV-003,2026-03-25 09:10:00.092136,11.7,409.99,35.97,36.28,83.86,Charging,Normal,-0.5167
OVN-EV-001,2026-03-25 09:10:00.520818,11.79,403.7,33.81,42.04,78.99,Charging,Normal,-0.4741
OVN-EV-002,2026-03-25 09:10:03.030978,17.6,382.87,32.27,43.09,44.4,Charging,Normal,-0.4581
OVN-EV-003,2026-03-25 09:10:03.108869,18.66,392.35,32.85,44.2,36.85,Charging,Normal,-0.4613
OVN-EV-001,2026-03-25 09:10:03.519576,18.13,410.42,34.18,40.29,21.0,Charging,Normal,-0.4877
OVN-EV-002,2026-03-25 09:10:06.044034,15.15,412.26,30.07,35.81,33.79,Charging,Normal,-0.4563
OVN-EV-003,2026-03-25 09:10:06.110339,17.07,380.11,33.96,43.2,51.28,Charging,Normal,-0.4734
OVN-EV-001,2026-03-25 09:10:06.517115,13.34,411.7,35.43,35.53,91.86,Charging,Normal,-0.5195
OVN-EV-002,2026-03-25 09:10:09.059684,12.11,486.43,93.63,87.17,40.53,ANOMALY,ANOMALY,-0.6837
OVN-EV-003,2026-03-25 09:10:09.111308,22.83,395.47,31.54,36.07,71.74,Charging,Normal,-0.446
OVN-EV-001,2026-03-25 09:10:09.522551,17.27,395.63,30.85,36.08,39.52,Charging,Normal,-0.4328
OVN-EV-002,2026-03-25 09:10:12.078127,23.89,411.21,31.1,32.08,38.62,Charging,Normal,-0.4787
OVN-EV-003,2026-03-25 09:10:12.113945,21.1,384.02,30.92,43.6,51.22,Charging,Normal,-0.4628
OVN-EV-001,2026-03-25 09:10:12.528096,10.52,381.42,31.58,30.6,48.21,Charging,Normal,-0.5274
OVN-EV-002,2026-03-25 09:10:15.077813,21.68,381.08,30.9,39.92,63.95,Charging,Normal,-0.4569
OVN-EV-003,2026-03-25 09:10:15.113638,12.98,417.5,30.46,34.08,28.2,Charging,Normal,-0.4923
OVN-EV-001,2026-03-25 09:10:15.539300,20.69,394.84,34.08,31.62,25.65,Charging,Normal,-0.487
OVN-EV-002,2026-03-25 09:10:18.095720,11.84,389.58,31.61,36.82,37.8,Charging,Normal,-0.4618
OVN-EV-003,2026-03-25 09:10:18.095720,23.8,391.51,35.99,41.91,38.14,Charging,Normal,-0.5028
OVN-EV-001,2026-03-25 09:10:18.541375,11.95,392.09,32.61,44.15,72.51,Charging,Normal,-0.4638
OVN-EV-002,2026-03-25 09:10:21.095835,18.36,395.09,32.35,35.84,23.2,Charging,Normal,-0.4696
OVN-EV-003,2026-03-25 09:10:21.095835,12.45,388.35,35.74,42.2,60.42,Charging,Normal,-0.4892
OVN-EV-001,2026-03-25 09:10:21.561036,17.18,416.44,29.19,42.21,66.4,Charging,Normal,-0.466
OVN-EV-003,2026-03-25 09:10:24.112684,10.82,383.33,32.99,41.14,32.24,Charging,Normal,-0.5186
OVN-EV-002,2026-03-25 09:10:24.112684,20.03,459.13,99.56,73.21,38.7,ANOMALY,ANOMALY,-0.6856
OVN-EV-001,2026-03-25 09:10:24.569383,13.73,387.51,28.61,31.1,89.17,Charging,Normal,-0.5172
OVN-EV-003,2026-03-25 09:10:27.111435,15.06,412.1,33.21,42.41,43.16,Charging,Normal,-0.4393
OVN-EV-002,2026-03-25 09:10:27.112787,14.65,407.29,35.2,35.83,31.48,Charging,Normal,-0.4605
OVN-EV-001,2026-03-25 09:10:27.576995,12.13,401.07,30.01,31.0,78.85,Charging,Normal,-0.4834
OVN-EV-003,2026-03-25 09:10:30.115528,24.28,398.44,29.08,44.11,75.4,Charging,Normal,-0.4928
OVN-EV-002,2026-03-25 09:10:30.115528,11.22,381.43,35.84,32.37,26.87,Charging,Normal,-0.5717
OVN-EV-001,2026-03-25 09:10:30.591907,22.35,386.85,34.62,32.98,92.32,Charging,Normal,-0.5251
OVN-EV-003,2026-03-25 09:10:33.113574,18.94,390.07,32.84,35.64,56.63,Charging,Normal,-0.4347
OVN-EV-002,2026-03-25 09:10:33.114717,16.05,387.02,30.77,44.01,26.23,Charging,Normal,-0.4834
OVN-EV-001,2026-03-25 09:10:33.603217,21.25,399.66,32.55,35.37,40.94,Charging,Normal,-0.4379
OVN-EV-003,2026-03-25 09:10:36.124981,11.21,382.81,30.28,44.61,46.41,Charging,Normal,-0.5109
OVN-EV-002,2026-03-25 09:10:36.124981,21.4,385.99,30.5,33.38,57.01,Charging,Normal,-0.4535
OVN-EV-001,2026-03-25 09:10:36.601156,13.39,490.38,96.66,76.0,53.24,ANOMALY,ANOMALY,-0.6705
OVN-EV-003,2026-03-25 09:10:39.143728,16.79,388.49,35.97,41.03,32.97,Charging,Normal,-0.4896
OVN-EV-002,2026-03-25 09:10:39.143728,14.81,381.52,28.93,33.72,20.83,Charging,Normal,-0.5196
OVN-EV-001,2026-03-25 09:10:39.602522,16.98,381.73,30.16,36.29,77.37,Charging,Normal,-0.4624
OVN-EV-003,2026-03-25 09:10:42.149174,12.64,380.59,31.24,34.59,73.16,Charging,Normal,-0.4865
OVN-EV-002,2026-03-25 09:10:42.149174,16.42,381.95,32.13,38.48,45.66,Charging,Normal,-0.4531
OVN-EV-001,2026-03-25 09:10:42.611384,21.43,468.88,96.53,83.23,67.78,ANOMALY,ANOMALY,-0.6654
OVN-EV-003,2026-03-25 09:10:45.143265,17.65,385.35,28.6,42.29,52.34,Charging,Normal,-0.4601
OVN-EV-002,2026-03-25 09:10:45.143265,14.51,419.65,32.11,33.86,76.76,Charging,Normal,-0.4734
OVN-EV-001,2026-03-25 09:10:45.626160,16.36,404.51,30.45,32.24,26.58,Charging,Normal,-0.4605
OVN-EV-003,2026-03-25 09:10:48.153099,21.93,385.35,35.79,40.47,63.66,Charging,Normal,-0.4969
OVN-EV-002,2026-03-25 09:10:48.153099,10.45,414.83,34.95,35.92,46.93,Charging,Normal,-0.5083
OVN-EV-001,2026-03-25 09:10:48.627236,12.53,400.76,30.86,30.92,42.41,Charging,Normal,-0.4734
OVN-EV-003,2026-03-25 09:10:51.163677,16.24,415.09,35.79,32.17,58.91,Charging,Normal,-0.4921
OVN-EV-002,2026-03-25 09:10:51.163677,17.88,399.44,30.92,36.11,81.58,Charging,Normal,-0.4207
OVN-EV-001,2026-03-25 09:10:51.641386,16.46,412.23,28.58,44.11,29.13,Charging,Normal,-0.4945
OVN-EV-003,2026-03-25 09:10:54.161625,21.98,382.53,28.18,36.41,72.45,Charging,Normal,-0.4964
OVN-EV-002,2026-03-25 09:10:54.162218,22.02,398.04,34.78,30.11,89.8,Charging,Normal,-0.5232
OVN-EV-001,2026-03-25 09:10:54.652057,22.16,397.57,30.4,32.43,93.55,Charging,Normal,-0.486
OVN-EV-003,2026-03-25 09:10:57.154288,11.34,411.22,35.01,41.33,58.68,Charging,Normal,-0.4852
OVN-EV-002,2026-03-25 09:10:57.154288,18.72,450.65,86.82,70.05,54.94,ANOMALY,ANOMALY,-0.6594
OVN-EV-001,2026-03-25 09:10:57.662679,12.65,416.94,30.16,36.57,26.29,Charging,Normal,-0.4898
OVN-EV-003,2026-03-25 09:11:00.171709,14.25,419.61,30.43,34.34,29.07,Charging,Normal,-0.497
OVN-EV-002,2026-03-25 09:11:00.171709,11.95,408.77,30.34,43.82,77.11,Charging,Normal,-0.4666
OVN-EV-001,2026-03-25 09:11:00.658167,10.04,401.07,29.45,39.58,22.87,Charging,Normal,-0.5305
OVN-EV-002,2026-03-25 09:11:03.178311,11.17,418.5,29.41,40.67,85.51,Charging,Normal,-0.5084
OVN-EV-003,2026-03-25 09:11:03.179074,19.36,390.05,32.6,37.9,79.54,Charging,Normal,-0.4269
OVN-EV-001,2026-03-25 09:11:03.671009,23.16,384.34,29.61,35.25,93.65,Charging,Normal,-0.5164
OVN-EV-002,2026-03-25 09:11:06.171087,10.03,418.72,35.87,44.11,72.08,Charging,Normal,-0.5648
OVN-EV-003,2026-03-25 09:11:06.171902,12.86,389.66,31.17,35.99,72.86,Charging,Normal,-0.4509
OVN-EV-001,2026-03-25 09:11:06.679510,10.61,402.88,33.91,43.4,78.45,Charging,Normal,-0.487
OVN-EV-002,2026-03-25 09:11:09.190921,11.91,399.2,28.74,44.51,25.51,Charging,Normal,-0.5167
OVN-EV-003,2026-03-25 09:11:09.190921,15.5,413.57,34.55,42.96,21.11,Charging,Normal,-0.5102
OVN-EV-001,2026-03-25 09:11:09.678080,21.31,411.62,34.12,31.8,28.66,Charging,Normal,-0.498
OVN-EV-002,2026-03-25 09:11:12.195886,21.58,396.18,34.19,30.16,58.93,Charging,Normal,-0.4919
OVN-EV-003,2026-03-25 09:11:12.196224,12.78,413.21,35.22,44.9,53.51,Charging,Normal,-0.502
OVN-EV-001,2026-03-25 09:11:12.680039,14.0,406.39,35.69,44.39,28.39,Charging,Normal,-0.5112
OVN-EV-002,2026-03-25 09:11:15.203254,18.44,401.18,30.7,35.44,43.9,Charging,Normal,-0.4217
OVN-EV-003,2026-03-25 09:11:15.203254,16.12,385.44,35.59,35.42,24.13,Charging,Normal,-0.5093
OVN-EV-001,2026-03-25 09:11:15.675365,24.9,384.11,31.68,41.19,58.69,Charging,Normal,-0.5027
OVN-EV-002,2026-03-25 09:11:18.214544,19.12,418.38,30.3,35.17,58.18,Charging,Normal,-0.4465
OVN-EV-003,2026-03-25 09:11:18.215555,10.56,458.33,86.03,89.88,68.37,ANOMALY,ANOMALY,-0.685
OVN-EV-001,2026-03-25 09:11:18.677503,14.98,398.05,32.39,30.99,38.01,Charging,Normal,-0.4587
OVN-EV-002,2026-03-25 09:11:21.236968,12.34,414.79,29.77,31.46,72.59,Charging,Normal,-0.4816
OVN-EV-003,2026-03-25 09:11:21.236968,11.03,384.01,33.36,40.17,68.72,Charging,Normal,-0.4895
OVN-EV-001,2026-03-25 09:11:21.687828,19.37,398.7,31.56,40.39,72.93,Charging,Normal,-0.425
OVN-EV-003,2026-03-25 09:11:24.237331,18.09,396.56,32.02,36.67,72.54,Charging,Normal,-0.4229
OVN-EV-002,2026-03-25 09:11:24.237331,13.98,410.53,30.2,42.01,92.95,Charging,Normal,-0.4876
OVN-EV-001,2026-03-25 09:11:24.696277,23.67,418.97,28.78,37.79,77.66,Charging,Normal,-0.4974
OVN-EV-003,2026-03-25 09:11:27.244329,14.35,394.18,30.59,31.75,31.49,Charging,Normal,-0.4721
OVN-EV-002,2026-03-25 09:11:27.244329,12.32,398.31,33.87,40.06,49.87,Charging,Normal,-0.444
OVN-EV-001,2026-03-25 09:11:27.699494,20.1,399.32,32.51,33.42,66.62,Charging,Normal,-0.4295
OVN-EV-003,2026-03-25 09:11:30.261937,18.32,393.51,33.38,37.57,92.07,Charging,Normal,-0.4638
OVN-EV-002,2026-03-25 09:11:30.261937,10.36,399.66,33.2,34.33,89.75,Charging,Normal,-0.5098
OVN-EV-001,2026-03-25 09:11:30.711887,20.14,408.61,34.49,41.01,64.87,Charging,Normal,-0.4414
OVN-EV-003,2026-03-25 09:11:33.273813,14.62,395.04,35.78,33.61,52.73,Charging,Normal,-0.4733
OVN-EV-002,2026-03-25 09:11:33.273813,15.24,408.62,34.4,44.28,24.01,Charging,Normal,-0.4964
OVN-EV-001,2026-03-25 09:11:33.726337,14.67,397.47,29.07,30.72,28.04,Charging,Normal,-0.5055
OVN-EV-003,2026-03-25 09:11:36.276613,14.68,410.28,32.98,41.15,26.86,Charging,Normal,-0.4657
OVN-EV-002,2026-03-25 09:11:36.276613,13.65,411.36,31.29,37.29,29.7,Charging,Normal,-0.4549
OVN-EV-001,2026-03-25 09:11:36.721201,21.36,392.57,33.2,41.88,29.27,Charging,Normal,-0.4689
OVN-EV-003,2026-03-25 09:11:39.290249,10.41,409.95,32.31,43.97,65.63,Charging,Normal,-0.4919
OVN-EV-002,2026-03-25 09:11:39.290249,24.14,419.78,29.59,32.49,91.05,Charging,Normal,-0.5352
OVN-EV-001,2026-03-25 09:11:39.743620,13.88,387.27,35.59,35.04,92.08,Charging,Normal,-0.5199
OVN-EV-003,2026-03-25 09:11:42.297758,20.8,381.83,35.79,41.93,83.94,Charging,Normal,-0.5203
OVN-EV-002,2026-03-25 09:11:42.297758,24.7,386.57,30.37,37.69,55.53,Charging,Normal,-0.4867
OVN-EV-001,2026-03-25 09:11:42.742024,19.21,386.75,34.0,38.02,36.29,Charging,Normal,-0.4543
OVN-EV-003,2026-03-25 09:11:45.311092,15.45,385.03,30.4,39.74,49.8,Charging,Normal,-0.4476
OVN-EV-002,2026-03-25 09:11:45.311092,15.69,419.32,32.64,33.37,40.58,Charging,Normal,-0.474
OVN-EV-001,2026-03-25 09:11:45.765244,19.33,413.75,30.28,43.86,47.35,Charging,Normal,-0.4587
OVN-EV-003,2026-03-25 09:11:48.315791,18.37,409.42,31.31,42.12,48.79,Charging,Normal,-0.4343
OVN-EV-002,2026-03-25 09:11:48.315791,11.35,384.68,33.64,42.24,49.55,Charging,Normal,-0.4839
OVN-EV-001,2026-03-25 09:11:48.775762,19.39,383.13,31.46,34.06,41.24,Charging,Normal,-0.4589
OVN-EV-003,2026-03-25 09:11:51.320747,13.94,397.65,33.96,44.6,26.45,Charging,Normal,-0.4886
OVN-EV-002,2026-03-25 09:11:51.320747,22.9,410.65,35.88,41.02,27.66,Charging,Normal,-0.5188
OVN-EV-001,2026-03-25 09:11:51.796614,13.27,407.84,33.62,42.43,28.37,Charging,Normal,-0.4694
OVN-EV-003,2026-03-25 09:11:54.324167,21.95,491.52,96.43,73.28,33.6,ANOMALY,ANOMALY,-0.6991
OVN-EV-002,2026-03-25 09:11:54.324167,16.01,386.64,31.27,36.84,93.51,Charging,Normal,-0.4936
OVN-EV-001,2026-03-25 09:11:54.794359,24.92,403.16,34.44,34.61,82.56,Charging,Normal,-0.4974
OVN-EV-003,2026-03-25 09:11:57.335467,19.62,397.66,31.19,43.73,24.38,Charging,Normal,-0.4919
OVN-EV-002,2026-03-25 09:11:57.335467,19.34,410.35,35.53,32.61,34.31,Charging,Normal,-0.489
OVN-EV-001,2026-03-25 09:11:57.821854,14.25,416.43,30.8,38.01,69.36,Charging,Normal,-0.4423
OVN-EV-003,2026-03-25 09:12:00.339857,22.59,396.81,31.84,35.64,23.51,Charging,Normal,-0.4812
OVN-EV-002,2026-03-25 09:12:00.339857,20.31,401.0,29.86,36.11,36.8,Charging,Normal,-0.4384
OVN-EV-001,2026-03-25 09:12:00.821881,17.47,391.83,34.59,39.99,61.62,Charging,Normal,-0.4356
OVN-EV-002,2026-03-25 09:12:03.358192,20.24,412.51,33.3,36.46,79.12,Charging,Normal,-0.4512
OVN-EV-003,2026-03-25 09:12:03.358192,13.85,400.98,30.08,33.55,63.02,Charging,Normal,-0.4323
OVN-EV-001,2026-03-25 09:12:03.831339,12.34,395.33,30.46,32.07,89.59,Charging,Normal,-0.483
OVN-EV-002,2026-03-25 09:12:06.378899,19.88,380.09,33.82,34.47,91.88,Charging,Normal,-0.5332
OVN-EV-003,2026-03-25 09:12:06.378899,13.46,399.01,33.73,36.05,33.76,Charging,Normal,-0.4483
OVN-EV-001,2026-03-25 09:12:06.844345,18.68,390.01,35.74,42.08,54.21,Charging,Normal,-0.4695
OVN-EV-002,2026-03-25 09:12:09.384376,12.83,384.58,35.76,35.86,60.21,Charging,Normal,-0.4863
OVN-EV-003,2026-03-25 09:12:09.384376,17.59,408.65,34.67,42.59,66.14,Charging,Normal,-0.446
OVN-EV-001,2026-03-25 09:12:09.868598,15.45,400.42,35.3,31.25,72.32,Charging,Normal,-0.4715
OVN-EV-002,2026-03-25 09:12:12.391655,19.22,383.07,33.55,31.99,65.39,Charging,Normal,-0.4685
OVN-EV-003,2026-03-25 09:12:12.391655,21.97,398.38,32.36,31.59,61.27,Charging,Normal,-0.4519
OVN-EV-001,2026-03-25 09:12:12.878142,16.9,380.6,34.02,34.27,91.63,Charging,Normal,-0.5265
OVN-EV-002,2026-03-25 09:12:15.397080,11.88,382.86,33.78,42.63,32.58,Charging,Normal,-0.4968
OVN-EV-003,2026-03-25 09:12:15.398596,20.0,392.06,35.95,32.85,23.95,Charging,Normal,-0.5253
OVN-EV-001,2026-03-25 09:12:15.888276,20.03,405.49,33.48,40.79,30.34,Charging,Normal,-0.4599
OVN-EV-002,2026-03-25 09:12:18.396287,24.19,408.72,32.86,30.45,80.21,Charging,Normal,-0.5046
OVN-EV-003,2026-03-25 09:12:18.398357,12.91,415.48,30.91,34.86,63.43,Charging,Normal,-0.4479
OVN-EV-001,2026-03-25 09:12:18.905891,20.7,384.25,35.54,41.21,45.64,Charging,Normal,-0.486
OVN-EV-002,2026-03-25 09:12:21.393987,17.46,388.61,31.3,36.58,59.16,Charging,Normal,-0.4368
OVN-EV-003,2026-03-25 09:12:21.393987,11.44,417.54,30.94,44.94,39.08,Charging,Normal,-0.517
OVN-EV-001,2026-03-25 09:12:21.924224,10.66,381.03,31.0,43.06,83.82,Charging,Normal,-0.5102
OVN-EV-003,2026-03-25 09:12:24.394876,13.05,382.92,28.74,43.16,33.9,Charging,Normal,-0.5024
OVN-EV-002,2026-03-25 09:12:24.394876,23.27,412.7,28.43,31.28,51.0,Charging,Normal,-0.4943
OVN-EV-001,2026-03-25 09:12:24.939199,10.75,398.27,34.62,43.17,62.53,Charging,Normal,-0.4879
OVN-EV-003,2026-03-25 09:12:27.407433,22.84,384.4,32.83,44.17,32.76,Charging,Normal,-0.5025
OVN-EV-002,2026-03-25 09:12:27.407433,18.17,415.77,28.35,36.52,52.75,Charging,Normal,-0.4677
OVN-EV-001,2026-03-25 09:12:27.941638,21.91,398.34,34.49,40.36,71.11,Charging,Normal,-0.459
OVN-EV-003,2026-03-25 09:12:30.421653,16.8,403.68,29.73,30.63,31.84,Charging,Normal,-0.4732
OVN-EV-002,2026-03-25 09:12:30.421653,19.65,408.2,30.77,33.75,90.53,Charging,Normal,-0.4802
OVN-EV-001,2026-03-25 09:12:30.951598,21.2,385.15,33.76,44.92,88.03,Charging,Normal,-0.5141
OVN-EV-003,2026-03-25 09:12:33.433386,13.62,407.48,32.08,44.12,43.83,Charging,Normal,-0.4545
OVN-EV-002,2026-03-25 09:12:33.433386,21.28,406.3,30.49,33.6,59.05,Charging,Normal,-0.4436
OVN-EV-001,2026-03-25 09:12:33.966168,18.33,413.97,35.77,31.38,53.6,Charging,Normal,-0.4894
OVN-EV-003,2026-03-25 09:12:36.437736,22.55,403.72,28.79,44.21,66.91,Charging,Normal,-0.4768
OVN-EV-002,2026-03-25 09:12:36.437736,23.25,403.11,28.58,41.07,31.99,Charging,Normal,-0.4892
OVN-EV-001,2026-03-25 09:12:36.986654,10.23,387.84,28.52,39.2,85.15,Charging,Normal,-0.5165
OVN-EV-003,2026-03-25 09:12:39.441675,14.49,392.53,33.3,37.0,46.5,Charging,Normal,-0.422
OVN-EV-002,2026-03-25 09:12:39.441675,21.97,403.13,29.1,37.54,57.61,Charging,Normal,-0.4472
OVN-EV-001,2026-03-25 09:12:40.002159,14.78,390.93,33.74,36.17,66.48,Charging,Normal,-0.4251
OVN-EV-003,2026-03-25 09:12:42.444157,21.7,414.8,29.36,38.23,80.84,Charging,Normal,-0.4784
OVN-EV-002,2026-03-25 09:12:42.444157,14.89,392.02,34.53,38.44,57.55,Charging,Normal,-0.436
OVN-EV-001,2026-03-25 09:12:43.011324,24.54,411.42,29.57,44.63,92.46,Charging,Normal,-0.5546
OVN-EV-003,2026-03-25 09:12:45.439183,16.41,381.33,30.83,31.24,94.58,Charging,Normal,-0.5376
OVN-EV-002,2026-03-25 09:12:45.439183,11.86,393.08,34.32,31.55,41.06,Charging,Normal,-0.4921
OVN-EV-001,2026-03-25 09:12:46.024695,18.85,409.69,34.88,42.04,91.47,Charging,Normal,-0.4972
OVN-EV-003,2026-03-25 09:12:48.451538,10.82,385.19,30.2,37.0,94.33,Charging,Normal,-0.5362
OVN-EV-002,2026-03-25 09:12:48.451538,21.48,401.86,28.35,44.93,40.12,Charging,Normal,-0.4917
OVN-EV-001,2026-03-25 09:12:49.015547,19.14,419.6,28.15,43.7,70.45,Charging,Normal,-0.504
OVN-EV-003,2026-03-25 09:12:51.468628,11.36,392.47,35.18,44.4,25.69,Charging,Normal,-0.5168
OVN-EV-002,2026-03-25 09:12:51.468628,21.33,382.95,31.78,34.29,55.72,Charging,Normal,-0.4497
OVN-EV-001,2026-03-25 09:12:52.020699,13.44,390.05,32.91,44.12,78.5,Charging,Normal,-0.4713
OVN-EV-003,2026-03-25 09:12:54.475727,23.68,403.54,29.85,40.2,48.07,Charging,Normal,-0.4468
OVN-EV-002,2026-03-25 09:12:54.475727,17.34,397.69,34.8,32.6,33.75,Charging,Normal,-0.4779
OVN-EV-001,2026-03-25 09:12:55.031812,10.99,392.57,35.39,34.99,84.7,Charging,Normal,-0.5136
OVN-EV-003,2026-03-25 09:12:57.472909,21.13,418.73,31.8,38.22,59.92,Charging,Normal,-0.4653
OVN-EV-002,2026-03-25 09:12:57.472909,10.35,392.49,30.71,43.18,76.29,Charging,Normal,-0.4926
OVN-EV-001,2026-03-25 09:12:58.041722,18.62,391.05,33.64,35.89,94.04,Charging,Normal,-0.4911
OVN-EV-003,2026-03-25 09:13:00.472708,20.15,381.7,28.22,43.93,48.97,Charging,Normal,-0.4955
OVN-EV-002,2026-03-25 09:13:00.472708,24.28,385.77,30.88,30.96,41.76,Charging,Normal,-0.5049
OVN-EV-001,2026-03-25 09:13:01.061651,16.71,396.4,28.47,37.4,93.49,Charging,Normal,-0.4933
OVN-EV-002,2026-03-25 09:13:03.483730,13.79,452.76,91.59,80.77,21.52,ANOMALY,ANOMALY,-0.6819
OVN-EV-003,2026-03-25 09:13:03.483730,23.05,411.09,29.4,38.81,72.48,Charging,Normal,-0.4419
OVN-EV-001,2026-03-25 09:13:04.068514,17.33,404.42,34.1,33.31,23.67,Charging,Normal,-0.4766
OVN-EV-002,2026-03-25 09:13:06.496292,20.17,415.58,34.16,41.81,59.48,Charging,Normal,-0.4541
OVN-EV-003,2026-03-25 09:13:06.496292,17.67,412.21,28.95,37.25,57.87,Charging,Normal,-0.4251
OVN-EV-001,2026-03-25 09:13:07.055671,15.73,394.38,33.5,31.09,64.74,Charging,Normal,-0.4503
OVN-EV-002,2026-03-25 09:13:09.513702,16.24,394.54,30.05,31.84,83.03,Charging,Normal,-0.4596
OVN-EV-003,2026-03-25 09:13:09.513702,23.73,407.28,30.27,37.88,83.5,Charging,Normal,-0.4636
OVN-EV-001,2026-03-25 09:13:10.059977,12.05,408.87,31.64,43.47,20.18,Charging,Normal,-0.5102
OVN-EV-002,2026-03-25 09:13:12.519465,12.15,395.23,34.13,35.27,30.17,Charging,Normal,-0.466
OVN-EV-003,2026-03-25 09:13:12.519465,17.92,399.5,32.25,31.11,23.84,Charging,Normal,-0.4841
OVN-EV-001,2026-03-25 09:13:13.071546,24.29,406.14,34.89,43.17,93.83,Charging,Normal,-0.5717
OVN-EV-002,2026-03-25 09:13:15.528135,18.05,412.12,33.09,39.76,78.12,Charging,Normal,-0.4413
OVN-EV-003,2026-03-25 09:13:15.528135,13.29,384.64,29.59,41.64,67.6,Charging,Normal,-0.4558
OVN-EV-001,2026-03-25 09:13:16.061512,15.17,406.92,32.25,30.6,90.26,Charging,Normal,-0.4889
OVN-EV-002,2026-03-25 09:13:18.535421,10.89,399.55,33.92,31.86,44.18,Charging,Normal,-0.4941
OVN-EV-003,2026-03-25 09:13:18.535421,22.28,418.3,35.9,33.84,65.45,Charging,Normal,-0.5124
OVN-EV-001,2026-03-25 09:13:19.080052,12.18,407.74,28.86,38.42,28.64,Charging,Normal,-0.4745
OVN-EV-002,2026-03-25 09:13:21.539132,20.2,381.98,32.72,43.71,39.56,Charging,Normal,-0.4799
OVN-EV-003,2026-03-25 09:13:21.539132,15.44,406.29,31.85,32.77,87.4,Charging,Normal,-0.4584
OVN-EV-001,2026-03-25 09:13:22.088731,17.15,380.32,29.22,38.12,64.05,Charging,Normal,-0.4561
OVN-EV-003,2026-03-25 09:13:24.531591,10.58,406.89,29.62,38.46,93.66,Charging,Normal,-0.5321
OVN-EV-002,2026-03-25 09:13:24.532144,16.47,410.47,34.77,33.94,26.69,Charging,Normal,-0.4773
OVN-EV-001,2026-03-25 09:13:25.111958,10.48,400.09,30.15,44.48,38.39,Charging,Normal,-0.497
OVN-EV-003,2026-03-25 09:13:27.536884,17.81,386.73,32.01,30.91,76.05,Charging,Normal,-0.477
OVN-EV-002,2026-03-25 09:13:27.543036,19.3,392.83,35.6,40.47,67.96,Charging,Normal,-0.462
OVN-EV-001,2026-03-25 09:13:28.111566,15.53,393.02,29.85,39.49,63.59,Charging,Normal,-0.4326
OVN-EV-003,2026-03-25 09:13:30.562193,18.31,380.13,34.88,35.44,60.79,Charging,Normal,-0.4787
OVN-EV-002,2026-03-25 09:13:30.562193,16.96,412.44,35.61,44.2,64.87,Charging,Normal,-0.4822
OVN-EV-001,2026-03-25 09:13:31.125525,10.87,418.85,30.26,33.28,62.25,Charging,Normal,-0.5077
OVN-EV-003,2026-03-25 09:13:33.577129,19.55,403.8,29.71,36.79,59.19,Charging,Normal,-0.4174
OVN-EV-002,2026-03-25 09:13:33.577129,17.88,380.0,30.53,31.0,75.64,Charging,Normal,-0.4924
OVN-EV-001,2026-03-25 09:13:34.126203,11.27,403.44,31.82,40.42,53.07,Charging,Normal,-0.452
OVN-EV-003,2026-03-25 09:13:36.585701,12.37,409.37,31.23,41.69,76.06,Charging,Normal,-0.453
OVN-EV-002,2026-03-25 09:13:36.586397,10.05,408.27,33.45,33.7,20.82,Charging,Normal,-0.5568
OVN-EV-001,2026-03-25 09:13:37.148902,24.64,418.98,31.69,39.11,64.85,Charging,Normal,-0.4975
OVN-EV-003,2026-03-25 09:13:39.596789,17.08,383.54,34.42,36.39,58.03,Charging,Normal,-0.4502
OVN-EV-002,2026-03-25 09:13:39.596789,19.62,391.2,32.5,34.49,53.52,Charging,Normal,-0.4276
OVN-EV-001,2026-03-25 09:13:40.148992,13.43,399.51,33.25,36.31,44.79,Charging,Normal,-0.4376
OVN-EV-003,2026-03-25 09:13:42.610346,14.09,389.25,34.31,41.1,92.52,Charging,Normal,-0.4917
OVN-EV-002,2026-03-25 09:13:42.610346,22.75,386.29,35.43,32.12,60.29,Charging,Normal,-0.5084
OVN-EV-001,2026-03-25 09:13:43.154671,20.08,407.81,32.92,33.6,80.62,Charging,Normal,-0.4567
OVN-EV-003,2026-03-25 09:13:45.612659,22.66,401.79,33.05,32.33,37.94,Charging,Normal,-0.4588
OVN-EV-002,2026-03-25 09:13:45.613963,23.34,403.38,33.6,34.76,44.52,Charging,Normal,-0.4471
OVN-EV-001,2026-03-25 09:13:46.163701,13.99,387.66,34.31,30.38,30.96,Charging,Normal,-0.5043
OVN-EV-003,2026-03-25 09:13:48.620272,11.51,403.7,34.49,34.71,84.11,Charging,Normal,-0.4866
OVN-EV-002,2026-03-25 09:13:48.620272,12.52,417.04,33.86,31.69,86.08,Charging,Normal,-0.5105
OVN-EV-001,2026-03-25 09:13:49.166716,11.27,412.88,31.7,35.79,74.15,Charging,Normal,-0.4773
OVN-EV-003,2026-03-25 09:13:51.622974,22.78,399.83,30.3,42.96,40.67,Charging,Normal,-0.4528
OVN-EV-002,2026-03-25 09:13:51.622974,24.92,382.56,34.62,31.73,44.98,Charging,Normal,-0.5376
OVN-EV-001,2026-03-25 09:13:52.172014,22.27,385.93,35.73,41.31,21.26,Charging,Normal,-0.5321
OVN-EV-003,2026-03-25 09:13:54.634566,22.78,388.24,29.49,32.92,50.61,Charging,Normal,-0.4712
OVN-EV-002,2026-03-25 09:13:54.635063,11.4,382.09,34.74,33.17,87.75,Charging,Normal,-0.5233
OVN-EV-001,2026-03-25 09:13:55.168742,12.61,383.7,31.53,39.27,43.33,Charging,Normal,-0.4587
OVN-EV-003,2026-03-25 09:13:57.648942,10.46,395.55,28.01,30.95,23.63,Charging,Normal,-0.5679
OVN-EV-002,2026-03-25 09:13:57.648942,22.85,414.55,35.51,36.75,31.13,Charging,Normal,-0.5164
OVN-EV-001,2026-03-25 09:13:58.181995,17.21,411.43,31.79,40.61,38.12,Charging,Normal,-0.4398
OVN-EV-003,2026-03-25 09:14:00.648868,24.87,408.85,30.96,42.42,32.23,Charging,Normal,-0.51
OVN-EV-002,2026-03-25 09:14:00.666478,24.23,418.36,29.51,37.8,58.92,Charging,Normal,-0.4876
OVN-EV-001,2026-03-25 09:14:01.182514,20.67,394.63,29.89,34.63,88.58,Charging,Normal,-0.4756
OVN-EV-003,2026-03-25 09:14:03.649158,19.97,405.9,34.2,41.4,61.29,Charging,Normal,-0.4437
OVN-EV-002,2026-03-25 09:14:03.684002,20.53,388.84,34.4,41.3,41.68,Charging,Normal,-0.4589
OVN-EV-001,2026-03-25 09:14:04.199107,15.96,414.24,33.51,44.15,43.0,Charging,Normal,-0.4723
OVN-EV-003,2026-03-25 09:14:06.641336,19.49,387.59,35.38,35.91,25.16,Charging,Normal,-0.5004
OVN-EV-002,2026-03-25 09:14:06.689471,15.39,392.26,31.05,35.14,61.66,Charging,Normal,-0.4364
OVN-EV-001,2026-03-25 09:14:07.205622,13.04,414.58,32.28,42.94,55.11,Charging,Normal,-0.4614
OVN-EV-003,2026-03-25 09:14:09.654050,23.77,414.99,35.38,41.91,93.49,Charging,Normal,-0.5461
OVN-EV-002,2026-03-25 09:14:09.685691,13.12,417.91,32.81,30.07,29.82,Charging,Normal,-0.5324
OVN-EV-001,2026-03-25 09:14:10.203204,18.88,383.01,28.67,38.05,45.5,Charging,Normal,-0.4694
OVN-EV-003,2026-03-25 09:14:12.664180,19.43,412.07,31.28,37.83,37.61,Charging,Normal,-0.451
OVN-EV-002,2026-03-25 09:14:12.712285,14.43,388.47,32.81,43.3,63.67,Charging,Normal,-0.4532
OVN-EV-001,2026-03-25 09:14:13.219888,22.1,408.61,29.88,32.24,34.25,Charging,Normal,-0.4774
OVN-EV-003,2026-03-25 09:14:15.661159,17.98,394.77,31.54,35.46,77.08,Charging,Normal,-0.4368
OVN-EV-002,2026-03-25 09:14:15.709326,18.78,416.11,30.76,44.4,83.22,Charging,Normal,-0.4906
OVN-EV-001,2026-03-25 09:14:16.239456,13.5,392.91,29.12,39.05,33.26,Charging,Normal,-0.4658
OVN-EV-003,2026-03-25 09:14:18.664018,18.15,414.84,33.73,38.79,49.59,Charging,Normal,-0.4493
OVN-EV-002,2026-03-25 09:14:18.716312,17.98,403.21,34.11,37.37,53.27,Charging,Normal,-0.4336
OVN-EV-001,2026-03-25 09:14:19.233534,17.22,383.03,29.51,34.61,84.6,Charging,Normal,-0.4698
OVN-EV-003,2026-03-25 09:14:21.661225,14.15,403.79,32.44,43.48,59.6,Charging,Normal,-0.4422
OVN-EV-002,2026-03-25 09:14:21.725717,22.62,399.19,35.81,39.05,44.12,Charging,Normal,-0.4904
OVN-EV-001,2026-03-25 09:14:22.242802,18.49,391.46,31.43,34.51,52.76,Charging,Normal,-0.4339
OVN-EV-003,2026-03-25 09:14:24.666326,19.64,381.23,33.55,35.08,89.13,Charging,Normal,-0.504
OVN-EV-002,2026-03-25 09:14:24.715555,17.74,400.65,29.92,42.58,60.04,Charging,Normal,-0.4308
OVN-EV-001,2026-03-25 09:14:25.233359,23.69,390.85,29.56,34.44,88.6,Charging,Normal,-0.4877
OVN-EV-003,2026-03-25 09:14:27.682207,15.83,388.31,29.69,35.58,76.95,Charging,Normal,-0.4471
OVN-EV-002,2026-03-25 09:14:27.717052,17.8,417.14,29.46,40.4,82.47,Charging,Normal,-0.4683
OVN-EV-001,2026-03-25 09:14:28.233965,22.25,395.37,31.27,32.89,30.05,Charging,Normal,-0.4775
OVN-EV-003,2026-03-25 09:14:30.695411,19.44,403.21,31.8,32.32,79.41,Charging,Normal,-0.4545
OVN-EV-002,2026-03-25 09:14:30.743130,17.59,413.78,28.82,34.6,94.77,Charging,Normal,-0.5018
OVN-EV-001,2026-03-25 09:14:31.243322,18.19,404.51,32.02,33.98,54.14,Charging,Normal,-0.4255
OVN-EV-003,2026-03-25 09:14:33.699492,10.44,394.95,28.1,36.63,76.01,Charging,Normal,-0.5047
OVN-EV-002,2026-03-25 09:14:33.731711,20.45,411.41,28.47,38.4,69.63,Charging,Normal,-0.458
OVN-EV-001,2026-03-25 09:14:34.231768,14.8,398.19,34.36,34.41,69.46,Charging,Normal,-0.4455
OVN-EV-003,2026-03-25 09:14:36.706790,17.6,392.81,32.69,41.23,92.61,Charging,Normal,-0.476
OVN-EV-002,2026-03-25 09:14:36.740292,15.24,417.81,31.05,43.1,62.57,Charging,Normal,-0.4583
OVN-EV-001,2026-03-25 09:14:37.240590,21.27,414.93,33.59,38.11,55.72,Charging,Normal,-0.4562
OVN-EV-003,2026-03-25 09:14:39.716657,22.04,414.01,28.43,35.47,51.03,Charging,Normal,-0.4663
OVN-EV-002,2026-03-25 09:14:39.748090,12.52,392.68,28.44,40.87,83.48,Charging,Normal,-0.4813
OVN-EV-001,2026-03-25 09:14:40.233250,12.03,386.78,35.33,34.33,84.68,Charging,Normal,-0.5138
OVN-EV-003,2026-03-25 09:14:42.726139,20.14,390.04,34.42,36.87,34.95,Charging,Normal,-0.4683
OVN-EV-002,2026-03-25 09:14:42.757325,14.1,393.62,35.63,41.11,76.92,Charging,Normal,-0.477
OVN-EV-001,2026-03-25 09:14:43.249898,15.71,418.13,29.49,36.55,52.42,Charging,Normal,-0.4542
OVN-EV-003,2026-03-25 09:14:45.727361,15.87,416.07,30.21,30.43,54.44,Charging,Normal,-0.4852
OVN-EV-002,2026-03-25 09:14:45.758896,17.16,403.63,32.5,43.43,62.8,Charging,Normal,-0.4274
OVN-EV-001,2026-03-25 09:14:46.265826,19.58,418.98,35.27,39.77,51.84,Charging,Normal,-0.4917
OVN-EV-003,2026-03-25 09:14:48.724979,16.07,394.85,28.03,32.08,80.72,Charging,Normal,-0.4791
OVN-EV-002,2026-03-25 09:14:48.769563,23.05,410.55,33.64,39.2,21.67,Charging,Normal,-0.4984
OVN-EV-001,2026-03-25 09:14:49.269649,22.8,413.37,28.39,43.96,81.32,Charging,Normal,-0.5202
OVN-EV-003,2026-03-25 09:14:51.733624,23.27,407.31,29.32,30.61,51.2,Charging,Normal,-0.4871
OVN-EV-002,2026-03-25 09:14:51.768243,20.92,405.62,33.0,35.1,74.94,Charging,Normal,-0.4284
OVN-EV-001,2026-03-25 09:14:52.279506,18.66,395.19,32.33,43.34,25.25,Charging,Normal,-0.4763
OVN-EV-003,2026-03-25 09:14:54.732514,13.35,484.88,80.36,84.8,93.52,ANOMALY,ANOMALY,-0.7013
OVN-EV-002,2026-03-25 09:14:54.767070,18.34,403.38,35.28,37.46,38.43,Charging,Normal,-0.4496
OVN-EV-001,2026-03-25 09:14:55.297147,12.3,382.16,29.82,34.23,36.37,Charging,Normal,-0.4787
OVN-EV-003,2026-03-25 09:14:57.734961,12.57,407.71,28.34,35.85,29.28,Charging,Normal,-0.4965
OVN-EV-002,2026-03-25 09:14:57.766319,24.26,384.71,30.65,32.36,24.13,Charging,Normal,-0.5412
OVN-EV-001,2026-03-25 09:14:58.309858,13.83,390.36,34.32,41.97,43.56,Charging,Normal,-0.4584
OVN-EV-003,2026-03-25 09:15:00.733226,20.18,390.93,31.26,40.31,41.46,Charging,Normal,-0.433
OVN-EV-002,2026-03-25 09:15:00.766748,17.79,407.2,34.65,37.62,66.14,Charging,Normal,-0.4229
OVN-EV-001,2026-03-25 09:15:01.316832,18.54,410.94,34.03,36.4,29.21,Charging,Normal,-0.4691
OVN-EV-003,2026-03-25 09:15:03.739845,13.79,381.56,28.32,43.13,23.32,Charging,Normal,-0.5283
OVN-EV-002,2026-03-25 09:15:03.772075,14.75,410.12,28.22,42.43,79.68,Charging,Normal,-0.4796
OVN-EV-001,2026-03-25 09:15:04.321319,22.41,400.52,34.65,43.25,38.09,Charging,Normal,-0.4692
OVN-EV-003,2026-03-25 09:15:06.752753,11.97,418.55,29.44,31.08,51.87,Charging,Normal,-0.5214
OVN-EV-002,2026-03-25 09:15:06.752753,21.5,389.84,31.0,44.19,67.09,Charging,Normal,-0.4587
OVN-EV-001,2026-03-25 09:15:07.313254,22.31,396.22,35.53,38.58,47.56,Charging,Normal,-0.4532
OVN-EV-003,2026-03-25 09:15:09.752516,23.67,410.83,34.98,34.22,48.59,Charging,Normal,-0.4813
OVN-EV-002,2026-03-25 09:15:09.753808,15.33,408.46,32.69,33.96,67.14,Charging,Normal,-0.4248
OVN-EV-001,2026-03-25 09:15:10.331258,18.48,419.83,28.36,30.0,43.87,Charging,Normal,-0.5346
OVN-EV-003,2026-03-25 09:15:12.765474,20.64,414.76,31.29,30.83,51.7,Charging,Normal,-0.4694
OVN-EV-002,2026-03-25 09:15:12.765474,18.51,383.33,28.3,42.01,55.06,Charging,Normal,-0.4751
OVN-EV-001,2026-03-25 09:15:13.336393,24.34,392.23,34.62,36.28,71.33,Charging,Normal,-0.4796
OVN-EV-003,2026-03-25 09:15:15.769488,20.73,464.27,93.41,74.64,84.91,ANOMALY,ANOMALY,-0.6656
OVN-EV-002,2026-03-25 09:15:15.770497,24.53,410.74,32.23,42.1,31.35,Charging,Normal,-0.5253
OVN-EV-001,2026-03-25 09:15:16.336100,14.28,396.57,28.29,30.46,29.32,Charging,Normal,-0.5273
OVN-EV-003,2026-03-25 09:15:18.776859,19.01,409.07,32.73,42.25,83.19,Charging,Normal,-0.4487
OVN-EV-002,2026-03-25 09:15:18.776859,13.74,381.65,35.68,36.13,22.01,Charging,Normal,-0.522
OVN-EV-001,2026-03-25 09:15:19.325171,17.47,391.49,35.76,38.32,47.26,Charging,Normal,-0.4621
OVN-EV-003,2026-03-25 09:15:21.784821,14.55,381.05,33.2,34.91,46.55,Charging,Normal,-0.4565
OVN-EV-002,2026-03-25 09:15:21.784821,17.37,386.15,28.32,37.34,51.85,Charging,Normal,-0.4557
OVN-EV-001,2026-03-25 09:15:22.349349,16.28,403.42,29.41,31.9,52.88,Charging,Normal,-0.4469
OVN-EV-002,2026-03-25 09:15:24.800140,23.78,408.28,34.25,43.6,69.32,Charging,Normal,-0.4902
OVN-EV-003,2026-03-25 09:15:24.800644,23.98,401.37,32.1,32.85,65.35,Charging,Normal,-0.4625
OVN-EV-001,2026-03-25 09:15:25.349975,18.56,408.77,35.37,30.49,92.06,Charging,Normal,-0.5362
OVN-EV-002,2026-03-25 09:15:27.798858,14.14,381.09,32.25,38.49,77.73,Charging,Normal,-0.4576
OVN-EV-003,2026-03-25 09:15:27.799864,14.78,398.99,29.77,33.42,76.71,Charging,Normal,-0.4397
OVN-EV-001,2026-03-25 09:15:28.364049,15.12,392.29,34.79,38.38,90.9,Charging,Normal,-0.4887
OVN-EV-002,2026-03-25 09:15:30.807776,19.18,386.37,31.74,43.9,86.85,Charging,Normal,-0.4777
OVN-EV-003,2026-03-25 09:15:30.807776,15.57,405.19,34.93,41.36,80.15,Charging,Normal,-0.4563
OVN-EV-001,2026-03-25 09:15:31.357791,10.28,392.31,28.61,34.1,30.0,Charging,Normal,-0.5197
OVN-EV-002,2026-03-25 09:15:33.816480,21.73,384.22,33.55,41.83,82.64,Charging,Normal,-0.4721
OVN-EV-003,2026-03-25 09:15:33.816480,13.48,415.79,32.61,32.22,84.64,Charging,Normal,-0.487
OVN-EV-001,2026-03-25 09:15:34.366582,15.73,387.15,31.59,40.09,26.98,Charging,Normal,-0.4773
OVN-EV-002,2026-03-25 09:15:36.828093,24.7,397.21,30.6,44.62,83.16,Charging,Normal,-0.522
OVN-EV-003,2026-03-25 09:15:36.828093,20.82,393.92,28.34,30.92,87.1,Charging,Normal,-0.5128
OVN-EV-001,2026-03-25 09:15:37.361576,10.2,382.28,34.84,36.31,25.22,Charging,Normal,-0.5569
OVN-EV-002,2026-03-25 09:15:39.834362,18.36,386.95,33.95,30.94,28.36,Charging,Normal,-0.5073
OVN-EV-003,2026-03-25 09:15:39.835486,22.27,407.93,29.35,39.42,42.32,Charging,Normal,-0.448
OVN-EV-001,2026-03-25 09:15:40.367754,19.84,402.64,30.86,34.24,21.27,Charging,Normal,-0.4788
OVN-EV-003,2026-03-25 09:15:42.833236,10.48,404.63,32.29,38.27,34.64,Charging,Normal,-0.4811
OVN-EV-002,2026-03-25 09:15:42.833236,13.07,415.96,28.83,35.08,48.91,Charging,Normal,-0.4721
OVN-EV-001,2026-03-25 09:15:43.366280,18.74,405.01,33.35,44.3,91.6,Charging,Normal,-0.4773
OVN-EV-003,2026-03-25 09:15:45.850208,13.6,397.02,30.93,35.57,86.5,Charging,Normal,-0.4478
OVN-EV-002,2026-03-25 09:15:45.851017,17.09,387.4,31.44,31.64,53.74,Charging,Normal,-0.454
OVN-EV-001,2026-03-25 09:15:46.367133,11.82,385.98,33.03,43.28,41.19,Charging,Normal,-0.476
OVN-EV-003,2026-03-25 09:15:48.866390,22.01,410.58,32.56,41.39,54.47,Charging,Normal,-0.4521
OVN-EV-002,2026-03-25 09:15:48.866390,19.36,400.78,32.75,36.91,93.58,Charging,Normal,-0.4883
OVN-EV-001,2026-03-25 09:15:49.367775,13.58,401.95,30.13,35.64,28.31,Charging,Normal,-0.4571
OVN-EV-003,2026-03-25 09:15:51.882408,16.78,391.51,31.78,39.2,53.72,Charging,Normal,-0.4283
OVN-EV-002,2026-03-25 09:15:51.882408,19.73,399.62,34.17,44.54,68.57,Charging,Normal,-0.4571
OVN-EV-001,2026-03-25 09:15:52.362815,13.79,417.52,34.82,33.71,24.09,Charging,Normal,-0.5123
OVN-EV-003,2026-03-25 09:15:54.886433,10.02,419.69,32.99,31.15,33.82,Charging,Normal,-0.58
OVN-EV-002,2026-03-25 09:15:54.886433,14.57,456.91,98.77,89.9,48.66,ANOMALY,ANOMALY,-0.6873
OVN-EV-001,2026-03-25 09:15:55.367637,18.91,390.47,31.48,36.98,45.66,Charging,Normal,-0.4302
OVN-EV-003,2026-03-25 09:15:57.899785,14.05,496.87,90.85,76.76,71.74,ANOMALY,ANOMALY,-0.6672
OVN-EV-002,2026-03-25 09:15:57.899785,21.67,416.34,29.13,35.67,71.12,Charging,Normal,-0.4827
OVN-EV-001,2026-03-25 09:15:58.366772,23.2,389.14,32.35,43.8,61.7,Charging,Normal,-0.4791
OVN-EV-003,2026-03-25 09:16:00.914906,17.48,395.55,32.61,30.08,48.41,Charging,Normal,-0.4698
OVN-EV-002,2026-03-25 09:16:00.914906,18.77,415.62,32.42,41.5,72.09,Charging,Normal,-0.4623
OVN-EV-001,2026-03-25 09:16:01.367913,23.65,391.71,31.24,35.88,27.58,Charging,Normal,-0.4744
OVN-EV-002,2026-03-25 09:16:03.903850,10.36,406.11,35.38,39.08,87.53,Charging,Normal,-0.5122
OVN-EV-003,2026-03-25 09:16:03.904940,14.25,410.0,30.38,41.36,64.13,Charging,Normal,-0.4478
OVN-EV-001,2026-03-25 09:16:04.386120,13.71,382.48,33.55,32.65,73.34,Charging,Normal,-0.4764
OVN-EV-002,2026-03-25 09:16:06.903127,24.23,403.38,28.79,30.64,24.27,Charging,Normal,-0.5258
OVN-EV-003,2026-03-25 09:16:06.903127,18.86,414.22,33.07,30.56,91.77,Charging,Normal,-0.5155
OVN-EV-001,2026-03-25 09:16:07.400862,19.06,477.42,94.0,81.74,83.09,ANOMALY,ANOMALY,-0.6667
OVN-EV-002,2026-03-25 09:16:09.913836,21.59,394.25,30.59,35.31,92.7,Charging,Normal,-0.4884
OVN-EV-003,2026-03-25 09:16:09.913836,23.7,397.09,31.77,31.72,30.61,Charging,Normal,-0.4839
OVN-EV-001,2026-03-25 09:16:10.416930,17.61,407.22,31.11,42.49,38.75,Charging,Normal,-0.437
OVN-EV-002,2026-03-25 09:16:12.906064,20.79,402.59,31.65,31.41,61.06,Charging,Normal,-0.4561
OVN-EV-003,2026-03-25 09:16:12.906064,16.52,384.61,31.34,41.14,52.78,Charging,Normal,-0.4463
OVN-EV-001,2026-03-25 09:16:13.431628,24.47,419.89,32.39,33.05,65.19,Charging,Normal,-0.5269
OVN-EV-002,2026-03-25 09:16:15.902754,16.46,398.47,34.13,31.85,41.12,Charging,Normal,-0.4606
OVN-EV-003,2026-03-25 09:16:15.903911,15.6,405.13,30.18,41.36,57.61,Charging,Normal,-0.4332
OVN-EV-001,2026-03-25 09:16:16.437814,10.49,413.61,33.55,44.7,29.97,Charging,Normal,-0.5308
OVN-EV-002,2026-03-25 09:16:18.917673,20.26,411.63,32.95,31.25,46.39,Charging,Normal,-0.4651
OVN-EV-003,2026-03-25 09:16:18.918362,24.18,413.91,31.87,38.56,77.48,Charging,Normal,-0.5001
OVN-EV-001,2026-03-25 09:16:19.437978,11.4,405.41,31.07,37.57,67.93,Charging,Normal,-0.4444
OVN-EV-002,2026-03-25 09:16:21.935320,25.0,406.32,34.23,31.29,67.58,Charging,Normal,-0.5065
OVN-EV-003,2026-03-25 09:16:21.935858,19.61,393.7,32.64,37.69,76.57,Charging,Normal,-0.4377
OVN-EV-001,2026-03-25 09:16:22.451991,12.51,390.56,28.98,37.07,86.75,Charging,Normal,-0.4691
OVN-EV-003,2026-03-25 09:16:24.935030,11.48,408.17,33.79,31.68,45.11,Charging,Normal,-0.494
OVN-EV-002,2026-03-25 09:16:24.936305,13.07,390.01,34.19,37.91,75.09,Charging,Normal,-0.4533
OVN-EV-001,2026-03-25 09:16:25.468742,24.64,384.95,35.35,36.19,52.07,Charging,Normal,-0.5142
OVN-EV-003,2026-03-25 09:16:27.947504,16.01,382.25,29.24,43.4,79.2,Charging,Normal,-0.4894
OVN-EV-002,2026-03-25 09:16:27.947504,19.27,386.54,31.66,39.3,49.76,Charging,Normal,-0.4406
OVN-EV-001,2026-03-25 09:16:28.467607,11.69,381.79,28.52,38.29,72.19,Charging,Normal,-0.4976
OVN-EV-003,2026-03-25 09:16:30.967277,16.42,408.91,28.69,41.33,52.87,Charging,Normal,-0.4554
OVN-EV-002,2026-03-25 09:16:30.967277,20.69,383.98,32.4,40.5,71.79,Charging,Normal,-0.4592
OVN-EV-001,2026-03-25 09:16:31.473853,17.42,408.66,33.81,35.75,53.3,Charging,Normal,-0.4431
OVN-EV-003,2026-03-25 09:16:33.976781,24.63,482.32,97.21,88.27,60.26,ANOMALY,ANOMALY,-0.71
OVN-EV-002,2026-03-25 09:16:33.976781,17.18,418.19,35.73,33.29,52.26,Charging,Normal,-0.5068
OVN-EV-001,2026-03-25 09:16:34.480625,13.43,498.65,83.62,80.9,87.74,ANOMALY,ANOMALY,-0.7024
OVN-EV-003,2026-03-25 09:16:36.980538,19.56,415.76,31.89,41.33,56.89,Charging,Normal,-0.4547
OVN-EV-002,2026-03-25 09:16:36.980538,18.14,405.32,35.67,38.17,47.66,Charging,Normal,-0.458
OVN-EV-001,2026-03-25 09:16:37.481005,22.7,413.05,34.15,37.74,20.28,Charging,Normal,-0.522
OVN-EV-003,2026-03-25 09:16:39.987837,17.66,407.48,28.24,36.69,28.47,Charging,Normal,-0.4825
OVN-EV-002,2026-03-25 09:16:39.987837,19.53,398.77,35.6,34.58,31.77,Charging,Normal,-0.4903
OVN-EV-001,2026-03-25 09:16:40.491696,17.11,392.95,35.23,30.43,85.88,Charging,Normal,-0.5109
OVN-EV-002,2026-03-25 09:16:42.989421,23.26,386.43,34.51,30.62,55.26,Charging,Normal,-0.5038
OVN-EV-003,2026-03-25 09:16:42.989421,14.1,383.53,35.31,37.1,84.8,Charging,Normal,-0.4902
OVN-EV-001,2026-03-25 09:16:43.490611,12.8,412.64,30.66,44.55,60.54,Charging,Normal,-0.4782
OVN-EV-002,2026-03-25 09:16:46.000518,23.8,390.73,34.76,35.3,90.86,Charging,Normal,-0.5108
OVN-EV-003,2026-03-25 09:16:46.000518,16.83,390.83,29.22,30.08,81.56,Charging,Normal,-0.4971
OVN-EV-001,2026-03-25 09:16:46.494396,18.07,394.36,28.32,37.09,72.23,Charging,Normal,-0.4586
OVN-EV-002,2026-03-25 09:16:48.998607,15.61,385.02,35.93,38.44,87.16,Charging,Normal,-0.4966
OVN-EV-003,2026-03-25 09:16:48.998607,21.31,390.37,29.36,35.21,57.05,Charging,Normal,-0.4511
OVN-EV-001,2026-03-25 09:16:49.512227,12.33,411.14,34.05,31.36,77.12,Charging,Normal,-0.4991
OVN-EV-002,2026-03-25 09:16:52.007619,23.31,382.98,30.0,42.98,46.14,Charging,Normal,-0.4783
OVN-EV-003,2026-03-25 09:16:52.007619,20.26,403.21,30.48,36.66,92.27,Charging,Normal,-0.4588
OVN-EV-001,2026-03-25 09:16:52.527203,12.87,413.34,28.53,34.67,70.28,Charging,Normal,-0.483
OVN-EV-002,2026-03-25 09:16:55.002443,21.97,381.47,29.72,41.61,56.75,Charging,Normal,-0.4757
OVN-EV-003,2026-03-25 09:16:55.003600,10.59,401.05,28.47,30.7,20.49,Charging,Normal,-0.559
OVN-EV-001,2026-03-25 09:16:55.551389,20.31,398.41,29.02,39.99,52.51,Charging,Normal,-0.4415
OVN-EV-002,2026-03-25 09:16:58.004458,15.41,481.73,90.74,81.67,41.45,ANOMALY,ANOMALY,-0.668
OVN-EV-003,2026-03-25 09:16:58.004458,24.01,392.75,35.33,32.27,88.64,Charging,Normal,-0.5324
OVN-EV-001,2026-03-25 09:16:58.552652,18.78,389.39,29.51,35.07,92.71,Charging,Normal,-0.477
OVN-EV-002,2026-03-25 09:17:01.018217,17.7,415.47,33.85,31.15,36.57,Charging,Normal,-0.4753
OVN-EV-003,2026-03-25 09:17:01.019236,19.78,407.95,28.11,40.98,68.51,Charging,Normal,-0.4603
OVN-EV-001,2026-03-25 09:17:01.566643,18.5,394.95,28.17,39.19,37.6,Charging,Normal,-0.454
OVN-EV-003,2026-03-25 09:17:04.024524,12.76,382.4,34.58,32.94,78.58,Charging,Normal,-0.4936
OVN-EV-002,2026-03-25 09:17:04.024524,19.29,415.19,34.87,35.93,67.94,Charging,Normal,-0.4577
OVN-EV-001,2026-03-25 09:17:04.576300,17.56,419.65,30.27,43.44,90.86,Charging,Normal,-0.4973
OVN-EV-003,2026-03-25 09:17:07.023086,14.61,391.88,31.17,39.9,24.1,Charging,Normal,-0.4731
OVN-EV-002,2026-03-25 09:17:07.023086,24.81,385.03,32.25,35.0,50.56,Charging,Normal,-0.5014
OVN-EV-001,2026-03-25 09:17:07.588826,14.83,402.74,32.24,32.16,87.99,Charging,Normal,-0.4624
OVN-EV-003,2026-03-25 09:17:10.013692,22.82,381.33,30.27,32.26,35.26,Charging,Normal,-0.4924
OVN-EV-002,2026-03-25 09:17:10.013692,15.1,400.36,28.45,35.87,21.96,Charging,Normal,-0.4923
OVN-EV-001,2026-03-25 09:17:10.608963,15.33,400.62,32.84,38.12,45.44,Charging,Normal,-0.4202
OVN-EV-003,2026-03-25 09:17:13.023228,23.78,411.55,31.96,33.33,32.74,Charging,Normal,-0.4875
OVN-EV-002,2026-03-25 09:17:13.023228,21.82,395.44,33.96,37.05,74.95,Charging,Normal,-0.4457
OVN-EV-001,2026-03-25 09:17:13.622125,12.04,416.38,34.59,38.85,26.78,Charging,Normal,-0.5043
OVN-EV-003,2026-03-25 09:17:16.017253,11.42,407.82,35.25,34.77,59.99,Charging,Normal,-0.4841
OVN-EV-002,2026-03-25 09:17:16.017253,17.72,409.44,29.34,43.91,85.74,Charging,Normal,-0.4688
OVN-EV-001,2026-03-25 09:17:16.635615,17.02,384.29,32.03,31.92,44.41,Charging,Normal,-0.4529
OVN-EV-003,2026-03-25 09:17:19.017974,10.83,399.85,28.89,35.78,54.29,Charging,Normal,-0.4764
OVN-EV-002,2026-03-25 09:17:19.017974,12.13,385.9,30.58,40.02,32.62,Charging,Normal,-0.4849
OVN-EV-001,2026-03-25 09:17:19.659089,17.47,417.56,32.45,41.58,36.25,Charging,Normal,-0.4582
OVN-EV-003,2026-03-25 09:17:22.018784,24.94,412.23,33.72,44.36,88.14,Charging,Normal,-0.5341
OVN-EV-002,2026-03-25 09:17:22.019297,20.69,398.85,32.3,39.7,45.42,Charging,Normal,-0.4198
OVN-EV-001,2026-03-25 09:17:22.668618,19.33,401.97,34.59,37.95,69.28,Charging,Normal,-0.4352
OVN-EV-002,2026-03-25 09:17:25.020733,14.71,382.95,35.11,35.61,68.38,Charging,Normal,-0.4649
OVN-EV-003,2026-03-25 09:17:25.020733,22.44,409.51,28.46,42.26,42.63,Charging,Normal,-0.4681
OVN-EV-001,2026-03-25 09:17:25.684808,23.12,414.72,30.71,37.08,54.82,Charging,Normal,-0.4409
OVN-EV-002,2026-03-25 09:17:28.019617,17.97,406.91,31.15,30.42,60.43,Charging,Normal,-0.4617
OVN-EV-003,2026-03-25 09:17:28.020129,24.72,415.67,29.06,31.48,29.76,Charging,Normal,-0.5527
OVN-EV-001,2026-03-25 09:17:28.703679,12.7,417.69,34.74,38.65,86.52,Charging,Normal,-0.5128
OVN-EV-002,2026-03-25 09:17:31.032105,13.23,385.25,30.71,33.32,75.31,Charging,Normal,-0.4771
OVN-EV-003,2026-03-25 09:17:31.032105,13.04,471.98,87.06,78.92,33.85,ANOMALY,ANOMALY,-0.6754
OVN-EV-001,2026-03-25 09:17:31.713402,23.23,384.62,28.19,41.35,36.69,Charging,Normal,-0.494
OVN-EV-002,2026-03-25 09:17:34.033780,23.41,396.56,34.62,44.96,67.92,Charging,Normal,-0.5049
OVN-EV-003,2026-03-25 09:17:34.033780,18.52,498.21,88.09,89.16,41.86,ANOMALY,ANOMALY,-0.7031
OVN-EV-001,2026-03-25 09:17:34.724428,13.32,405.99,33.14,42.92,52.18,Charging,Normal,-0.4444
OVN-EV-002,2026-03-25 09:17:37.046223,13.15,412.8,31.95,38.62,43.96,Charging,Normal,-0.4514
OVN-EV-003,2026-03-25 09:17:37.046223,17.28,419.98,29.85,31.51,28.38,Charging,Normal,-0.5029
OVN-EV-001,2026-03-25 09:17:37.720519,18.43,394.49,33.07,34.01,42.61,Charging,Normal,-0.4376
OVN-EV-002,2026-03-25 09:17:40.049727,23.79,389.91,28.43,31.99,61.86,Charging,Normal,-0.5163
OVN-EV-003,2026-03-25 09:17:40.049727,17.37,396.08,35.37,41.29,81.03,Charging,Normal,-0.4625
OVN-EV-001,2026-03-25 09:17:40.731295,20.49,386.06,32.96,40.84,49.58,Charging,Normal,-0.4395
OVN-EV-003,2026-03-25 09:17:43.050459,10.79,403.18,28.36,43.17,92.3,Charging,Normal,-0.5296
OVN-EV-002,2026-03-25 09:17:43.050459,10.41,417.32,28.68,34.79,59.49,Charging,Normal,-0.5109
OVN-EV-001,2026-03-25 09:17:43.742262,22.57,388.05,32.48,33.34,83.77,Charging,Normal,-0.4794
OVN-EV-003,2026-03-25 09:17:46.064671,17.61,410.77,28.73,42.67,37.08,Charging,Normal,-0.4501
OVN-EV-002,2026-03-25 09:17:46.064671,21.8,402.53,31.84,35.75,32.61,Charging,Normal,-0.4498
OVN-EV-001,2026-03-25 09:17:46.741638,23.74,407.14,35.57,38.32,77.72,Charging,Normal,-0.4823
OVN-EV-003,2026-03-25 09:17:49.069744,22.6,382.91,28.38,37.77,49.29,Charging,Normal,-0.4869
OVN-EV-002,2026-03-25 09:17:49.069744,19.78,386.47,29.18,44.57,74.07,Charging,Normal,-0.4806
OVN-EV-001,2026-03-25 09:17:49.745584,13.35,416.22,34.94,39.2,82.1,Charging,Normal,-0.4968
OVN-EV-003,2026-03-25 09:17:52.070919,16.93,404.66,28.32,40.3,66.31,Charging,Normal,-0.453
OVN-EV-002,2026-03-25 09:17:52.070919,21.68,405.59,28.5,33.43,58.66,Charging,Normal,-0.4532
OVN-EV-001,2026-03-25 09:17:52.769512,13.82,405.55,31.76,33.83,23.57,Charging,Normal,-0.4715
OVN-EV-003,2026-03-25 09:17:55.070733,10.0,419.68,32.99,41.07,50.26,Charging,Normal,-0.5344
OVN-EV-002,2026-03-25 09:17:55.071812,11.29,404.76,28.43,31.75,34.45,Charging,Normal,-0.5111
OVN-EV-001,2026-03-25 09:17:55.787683,23.14,386.61,32.78,38.89,48.89,Charging,Normal,-0.4485
OVN-EV-003,2026-03-25 09:17:58.068855,20.1,418.93,35.02,38.54,26.42,Charging,Normal,-0.5121
OVN-EV-002,2026-03-25 09:17:58.068855,10.89,400.35,33.27,33.09,90.84,Charging,Normal,-0.5153
OVN-EV-001,2026-03-25 09:17:58.790109,15.25,411.79,32.46,42.18,25.44,Charging,Normal,-0.4676
OVN-EV-003,2026-03-25 09:18:01.086490,11.71,382.41,33.68,38.49,45.84,Charging,Normal,-0.4824
OVN-EV-002,2026-03-25 09:18:01.086490,16.98,412.9,29.11,39.47,43.24,Charging,Normal,-0.4494
OVN-EV-001,2026-03-25 09:18:01.781639,21.65,417.26,28.28,40.64,22.12,Charging,Normal,-0.5311
OVN-EV-003,2026-03-25 09:18:04.075801,20.29,383.81,30.27,39.44,55.83,Charging,Normal,-0.4454
OVN-EV-002,2026-03-25 09:18:04.107469,22.81,410.37,34.67,31.02,61.04,Charging,Normal,-0.4765
OVN-EV-001,2026-03-25 09:18:04.788551,16.85,383.96,35.48,40.83,78.75,Charging,Normal,-0.476
OVN-EV-003,2026-03-25 09:18:07.099093,10.37,401.78,34.95,41.61,53.04,Charging,Normal,-0.4819
OVN-EV-002,2026-03-25 09:18:07.099093,21.14,382.25,31.59,31.12,91.89,Charging,Normal,-0.5155
OVN-EV-001,2026-03-25 09:18:07.797805,24.46,380.7,31.04,33.08,35.17,Charging,Normal,-0.5038
OVN-EV-003,2026-03-25 09:18:10.103999,18.33,395.77,32.91,37.37,38.85,Charging,Normal,-0.4267
OVN-EV-002,2026-03-25 09:18:10.103999,11.82,419.48,28.37,40.12,64.57,Charging,Normal,-0.5098
OVN-EV-001,2026-03-25 09:18:10.797562,24.82,414.23,29.54,36.46,77.82,Charging,Normal,-0.4859
OVN-EV-003,2026-03-25 09:18:13.109875,18.63,415.48,35.52,33.07,63.4,Charging,Normal,-0.4847
OVN-EV-002,2026-03-25 09:18:13.109875,19.51,395.24,29.5,42.07,57.03,Charging,Normal,-0.4391
OVN-EV-001,2026-03-25 09:18:13.803474,19.9,417.32,32.43,36.32,58.35,Charging,Normal,-0.4408
OVN-EV-003,2026-03-25 09:18:16.116213,21.93,380.46,29.15,32.98,77.38,Charging,Normal,-0.4864
OVN-EV-002,2026-03-25 09:18:16.116213,10.08,403.12,32.59,44.44,26.32,Charging,Normal,-0.555
OVN-EV-001,2026-03-25 09:18:16.819052,12.61,418.25,32.51,39.88,77.96,Charging,Normal,-0.4766
OVN-EV-003,2026-03-25 09:18:19.118555,19.86,387.08,31.86,38.33,82.73,Charging,Normal,-0.4496
OVN-EV-002,2026-03-25 09:18:19.118555,22.38,389.82,31.87,44.11,48.79,Charging,Normal,-0.4653
OVN-EV-001,2026-03-25 09:18:19.830121,12.95,413.64,34.38,31.31,29.88,Charging,Normal,-0.5076
OVN-EV-003,2026-03-25 09:18:22.113193,12.96,403.73,34.54,37.99,39.48,Charging,Normal,-0.4503
OVN-EV-002,2026-03-25 09:18:22.113193,22.67,405.67,29.74,38.9,34.01,Charging,Normal,-0.4473
OVN-EV-001,2026-03-25 09:18:22.843523,11.22,409.06,28.51,31.2,52.49,Charging,Normal,-0.5056
OVN-EV-003,2026-03-25 09:18:25.120783,15.09,394.43,28.97,38.69,48.54,Charging,Normal,-0.4412
OVN-EV-002,2026-03-25 09:18:25.120783,24.84,386.54,28.86,40.32,87.43,Charging,Normal,-0.5131
OVN-EV-001,2026-03-25 09:18:25.846903,18.34,415.92,29.63,38.66,59.35,Charging,Normal,-0.4447
OVN-EV-003,2026-03-25 09:18:28.137724,10.27,417.18,33.74,38.89,58.84,Charging,Normal,-0.4992
OVN-EV-002,2026-03-25 09:18:28.137724,13.01,390.32,35.97,44.86,59.6,Charging,Normal,-0.5164
OVN-EV-001,2026-03-25 09:18:28.851401,16.13,380.16,33.19,38.95,21.08,Charging,Normal,-0.5101
OVN-EV-003,2026-03-25 09:18:31.147459,12.09,392.35,31.39,37.26,75.31,Charging,Normal,-0.4592
OVN-EV-002,2026-03-25 09:18:31.147459,14.73,402.31,29.83,37.63,34.32,Charging,Normal,-0.4389
OVN-EV-001,2026-03-25 09:18:31.856921,13.75,395.28,31.01,37.35,56.88,Charging,Normal,-0.4315
OVN-EV-003,2026-03-25 09:18:34.150577,18.55,393.54,30.82,32.41,22.15,Charging,Normal,-0.4829
OVN-EV-002,2026-03-25 09:18:34.150577,12.91,387.15,32.82,44.39,55.7,Charging,Normal,-0.4693
OVN-EV-001,2026-03-25 09:18:34.863264,24.38,413.63,33.47,40.48,75.82,Charging,Normal,-0.471
OVN-EV-003,2026-03-25 09:18:37.172800,22.45,413.56,33.95,33.21,61.78,Charging,Normal,-0.457
OVN-EV-002,2026-03-25 09:18:37.172800,20.88,407.93,32.96,33.57,54.21,Charging,Normal,-0.4325
OVN-EV-001,2026-03-25 09:18:37.871601,15.39,408.44,28.13,39.06,35.79,Charging,Normal,-0.4623
OVN-EV-003,2026-03-25 09:18:40.180925,16.82,385.48,31.23,34.12,53.64,Charging,Normal,-0.4339
OVN-EV-002,2026-03-25 09:18:40.180925,12.26,416.8,28.12,33.87,21.71,Charging,Normal,-0.5416
OVN-EV-001,2026-03-25 09:18:40.893620,19.38,413.0,29.6,32.28,92.79,Charging,Normal,-0.4876
OVN-EV-002,2026-03-25 09:18:43.174812,11.17,383.77,29.9,37.24,81.11,Charging,Normal,-0.494
OVN-EV-003,2026-03-25 09:18:43.174812,14.76,406.86,35.84,40.31,28.23,Charging,Normal,-0.4994
OVN-EV-001,2026-03-25 09:18:43.903924,11.58,404.12,30.6,36.76,30.06,Charging,Normal,-0.4758
OVN-EV-002,2026-03-25 09:18:46.184304,23.99,416.35,31.44,32.45,38.83,Charging,Normal,-0.4889
OVN-EV-003,2026-03-25 09:18:46.184304,15.88,391.89,31.86,44.61,86.73,Charging,Normal,-0.4731
OVN-EV-001,2026-03-25 09:18:46.912309,16.22,390.66,32.92,30.67,89.46,Charging,Normal,-0.4898
OVN-EV-002,2026-03-25 09:18:49.195813,20.03,402.43,33.66,31.76,36.52,Charging,Normal,-0.4641
OVN-EV-003,2026-03-25 09:18:49.195813,19.44,388.97,31.04,32.97,59.41,Charging,Normal,-0.4468
OVN-EV-001,2026-03-25 09:18:49.923440,15.61,392.8,30.29,32.82,64.31,Charging,Normal,-0.4344
OVN-EV-002,2026-03-25 09:18:52.193040,22.24,392.22,35.99,40.44,26.63,Charging,Normal,-0.5288
OVN-EV-003,2026-03-25 09:18:52.193040,20.91,419.37,34.69,43.03,84.29,Charging,Normal,-0.5156
OVN-EV-001,2026-03-25 09:18:52.938095,13.37,410.83,35.6,44.22,37.39,Charging,Normal,-0.4964
OVN-EV-002,2026-03-25 09:18:55.189982,20.88,384.32,29.38,30.24,59.17,Charging,Normal,-0.4925
OVN-EV-003,2026-03-25 09:18:55.189982,11.32,405.68,33.22,38.26,44.74,Charging,Normal,-0.4623
OVN-EV-001,2026-03-25 09:18:55.950137,14.52,384.05,29.1,31.18,75.1,Charging,Normal,-0.488
OVN-EV-002,2026-03-25 09:18:58.192908,21.19,398.04,28.89,40.26,81.11,Charging,Normal,-0.4573
OVN-EV-003,2026-03-25 09:18:58.192908,14.53,403.31,30.72,30.09,27.25,Charging,Normal,-0.4902
OVN-EV-001,2026-03-25 09:18:58.960874,17.55,386.76,34.57,33.9,68.48,Charging,Normal,-0.4571
OVN-EV-002,2026-03-25 09:19:01.198777,23.43,401.81,28.58,38.35,32.78,Charging,Normal,-0.4805
OVN-EV-003,2026-03-25 09:19:01.198777,16.11,381.58,31.55,36.53,94.18,Charging,Normal,-0.5076
OVN-EV-001,2026-03-25 09:19:01.951338,15.87,414.42,29.73,44.19,70.17,Charging,Normal,-0.4686
OVN-EV-003,2026-03-25 09:19:04.217513,24.09,406.58,34.13,37.44,87.9,Charging,Normal,-0.4917
OVN-EV-002,2026-03-25 09:19:04.217513,21.2,385.94,32.39,39.32,32.61,Charging,Normal,-0.464
OVN-EV-001,2026-03-25 09:19:04.964073,16.84,407.58,33.47,39.35,73.14,Charging,Normal,-0.4381
OVN-EV-003,2026-03-25 09:19:07.218553,24.71,405.1,31.4,33.65,94.26,Charging,Normal,-0.515
OVN-EV-002,2026-03-25 09:19:07.218553,20.43,416.11,28.41,34.64,21.11,Charging,Normal,-0.5142
OVN-EV-001,2026-03-25 09:19:07.978846,10.03,451.54,94.09,82.36,91.94,ANOMALY,ANOMALY,-0.7052
OVN-EV-003,2026-03-25 09:19:10.230317,15.81,391.87,32.09,42.37,50.22,Charging,Normal,-0.4363
OVN-EV-002,2026-03-25 09:19:10.230317,16.28,401.44,30.83,44.15,25.38,Charging,Normal,-0.4717
OVN-EV-001,2026-03-25 09:19:10.992018,19.5,415.3,30.13,38.54,36.5,Charging,Normal,-0.4557
OVN-EV-003,2026-03-25 09:19:13.244631,21.01,381.06,28.9,36.33,45.97,Charging,Normal,-0.4594
OVN-EV-002,2026-03-25 09:19:13.244631,21.07,418.22,31.32,36.8,65.79,Charging,Normal,-0.4552
OVN-EV-001,2026-03-25 09:19:13.991086,18.77,418.91,35.11,36.39,64.04,Charging,Normal,-0.495
OVN-EV-003,2026-03-25 09:19:16.263378,16.52,417.83,35.71,37.12,89.55,Charging,Normal,-0.5184
OVN-EV-002,2026-03-25 09:19:16.263378,22.17,401.77,32.75,41.96,27.2,Charging,Normal,-0.469
OVN-EV-001,2026-03-25 09:19:16.991454,21.07,380.92,31.49,39.72,28.55,Charging,Normal,-0.4828
OVN-EV-003,2026-03-25 09:19:19.274690,19.41,396.47,34.08,39.83,93.89,Charging,Normal,-0.4845
OVN-EV-002,2026-03-25 09:19:19.275702,11.71,395.87,31.04,42.62,49.08,Charging,Normal,-0.455
OVN-EV-001,2026-03-25 09:19:19.986788,23.78,391.51,30.36,31.66,68.45,Charging,Normal,-0.4717
OVN-EV-003,2026-03-25 09:19:22.284856,18.62,381.66,33.49,38.76,39.96,Charging,Normal,-0.463
OVN-EV-002,2026-03-25 09:19:22.284856,16.57,417.47,34.3,30.69,24.55,Charging,Normal,-0.5179
OVN-EV-001,2026-03-25 09:19:22.984275,10.42,499.27,82.05,76.75,91.81,ANOMALY,ANOMALY,-0.7173
OVN-EV-003,2026-03-25 09:19:25.284384,12.17,398.33,28.41,41.69,87.4,Charging,Normal,-0.4991
OVN-EV-002,2026-03-25 09:19:25.284384,10.91,401.93,35.35,37.44,70.87,Charging,Normal,-0.4907
OVN-EV-001,2026-03-25 09:19:26.004257,15.14,398.04,32.56,31.93,76.59,Charging,Normal,-0.4484
OVN-EV-003,2026-03-25 09:19:28.289414,17.7,402.22,31.35,31.7,41.6,Charging,Normal,-0.4503
OVN-EV-002,2026-03-25 09:19:28.289414,21.02,387.61,28.92,31.35,65.93,Charging,Normal,-0.4788
OVN-EV-001,2026-03-25 09:19:29.010830,13.02,399.57,28.07,31.13,42.99,Charging,Normal,-0.5024
OVN-EV-003,2026-03-25 09:19:31.289651,10.25,496.74,90.08,83.68,80.58,ANOMALY,ANOMALY,-0.7021
OVN-EV-002,2026-03-25 09:19:31.290372,13.07,410.96,29.55,39.74,63.7,Charging,Normal,-0.4443
OVN-EV-001,2026-03-25 09:19:32.038518,21.14,391.22,29.19,39.33,35.28,Charging,Normal,-0.4607
OVN-EV-003,2026-03-25 09:19:34.300640,13.77,380.08,29.84,43.23,72.88,Charging,Normal,-0.4931
OVN-EV-002,2026-03-25 09:19:34.300640,22.79,391.92,30.09,30.89,89.57,Charging,Normal,-0.4985
OVN-EV-001,2026-03-25 09:19:35.038586,20.79,392.19,29.69,41.84,41.75,Charging,Normal,-0.4452
OVN-EV-003,2026-03-25 09:19:37.321877,16.19,410.58,34.08,38.78,24.89,Charging,Normal,-0.4674
OVN-EV-002,2026-03-25 09:19:37.321877,17.71,403.65,28.22,34.3,73.46,Charging,Normal,-0.4488
OVN-EV-001,2026-03-25 09:19:38.045491,22.81,410.43,34.24,36.81,54.37,Charging,Normal,-0.4594
OVN-EV-003,2026-03-25 09:19:40.325807,19.57,406.73,33.55,37.74,26.57,Charging,Normal,-0.4712
OVN-EV-002,2026-03-25 09:19:40.325807,11.46,382.08,30.13,32.23,44.43,Charging,Normal,-0.4928
OVN-EV-001,2026-03-25 09:19:41.053687,12.84,393.62,29.17,36.53,32.92,Charging,Normal,-0.4571
OVN-EV-002,2026-03-25 09:19:43.339009,22.36,410.85,32.33,30.6,41.95,Charging,Normal,-0.4832
OVN-EV-003,2026-03-25 09:19:43.339009,16.35,392.2,29.16,42.31,54.58,Charging,Normal,-0.4408
OVN-EV-001,2026-03-25 09:19:44.055297,11.17,396.41,33.9,31.99,85.97,Charging,Normal,-0.4942
OVN-EV-002,2026-03-25 09:19:46.354602,11.83,407.1,29.22,37.93,58.08,Charging,Normal,-0.4516
OVN-EV-003,2026-03-25 09:19:46.355633,19.05,408.7,33.73,30.88,83.9,Charging,Normal,-0.4716
OVN-EV-001,2026-03-25 09:19:47.057057,14.93,418.24,32.2,40.19,22.5,Charging,Normal,-0.4997
OVN-EV-002,2026-03-25 09:19:49.358923,18.59,398.31,31.0,40.31,63.17,Charging,Normal,-0.4194
OVN-EV-003,2026-03-25 09:19:49.360179,20.78,398.5,32.64,34.92,54.72,Charging,Normal,-0.4335
OVN-EV-001,2026-03-25 09:19:50.071144,22.22,401.52,33.58,38.38,86.68,Charging,Normal,-0.4511
OVN-EV-002,2026-03-25 09:19:52.372349,15.86,390.92,29.44,34.06,62.14,Charging,Normal,-0.4328
OVN-EV-003,2026-03-25 09:19:52.373537,13.86,400.98,31.38,33.58,20.34,Charging,Normal,-0.4809
OVN-EV-001,2026-03-25 09:19:53.071422,16.19,483.56,83.81,79.71,47.25,ANOMALY,ANOMALY,-0.6629
OVN-EV-002,2026-03-25 09:19:55.385035,16.39,403.52,31.51,43.62,93.9,Charging,Normal,-0.4968
OVN-EV-003,2026-03-25 09:19:55.385035,10.77,387.37,30.71,37.05,48.71,Charging,Normal,-0.4838
OVN-EV-001,2026-03-25 09:19:56.077280,10.4,386.16,28.24,43.82,54.33,Charging,Normal,-0.548
OVN-EV-002,2026-03-25 09:19:58.401986,16.16,388.73,34.57,35.89,50.41,Charging,Normal,-0.4542
OVN-EV-003,2026-03-25 09:19:58.401986,21.83,395.11,32.03,37.31,67.83,Charging,Normal,-0.4285
OVN-EV-001,2026-03-25 09:19:59.081974,14.84,391.43,34.63,44.68,35.42,Charging,Normal,-0.4797
OVN-EV-002,2026-03-25 09:20:01.410423,12.85,401.47,31.36,36.29,79.31,Charging,Normal,-0.4541
OVN-EV-003,2026-03-25 09:20:01.410423,24.02,418.78,32.07,42.56,37.25,Charging,Normal,-0.5116
OVN-EV-001,2026-03-25 09:20:02.089736,11.89,402.98,31.18,41.78,32.56,Charging,Normal,-0.4711
OVN-EV-003,2026-03-25 09:20:04.422189,14.63,392.91,28.42,33.76,55.05,Charging,Normal,-0.4548
OVN-EV-002,2026-03-25 09:20:04.422189,19.98,393.92,30.68,38.21,41.79,Charging,Normal,-0.4327
OVN-EV-001,2026-03-25 09:20:05.101487,15.47,389.03,30.76,33.58,35.78,Charging,Normal,-0.4504
OVN-EV-003,2026-03-25 09:20:07.434650,24.44,417.98,34.15,38.91,91.18,Charging,Normal,-0.5217
OVN-EV-002,2026-03-25 09:20:07.434650,11.73,411.47,31.1,38.05,40.65,Charging,Normal,-0.4647
OVN-EV-001,2026-03-25 09:20:08.096497,10.11,395.68,35.06,38.1,89.06,Charging,Normal,-0.5335
OVN-EV-003,2026-03-25 09:20:10.441587,21.95,453.79,97.95,89.0,43.13,ANOMALY,ANOMALY,-0.699
OVN-EV-002,2026-03-25 09:20:10.441587,23.59,391.43,35.42,38.63,68.37,Charging,Normal,-0.4882
OVN-EV-001,2026-03-25 09:20:11.105487,19.99,491.64,88.64,82.67,46.44,ANOMALY,ANOMALY,-0.6763
OVN-EV-003,2026-03-25 09:20:13.438806,18.62,381.17,30.38,39.7,62.48,Charging,Normal,-0.4476
OVN-EV-002,2026-03-25 09:20:13.438806,15.02,386.84,30.01,37.38,82.87,Charging,Normal,-0.4531
OVN-EV-001,2026-03-25 09:20:14.122024,18.92,381.5,30.14,39.34,36.81,Charging,Normal,-0.4608
OVN-EV-003,2026-03-25 09:20:16.435687,22.66,416.79,35.45,40.63,64.77,Charging,Normal,-0.4908
OVN-EV-002,2026-03-25 09:20:16.435687,23.61,385.5,35.77,31.0,23.62,Charging,Normal,-0.5553
OVN-EV-001,2026-03-25 09:20:17.133482,10.36,413.49,34.39,41.4,82.88,Charging,Normal,-0.5093
OVN-EV-003,2026-03-25 09:20:19.451918,17.48,399.93,34.95,36.68,37.88,Charging,Normal,-0.4427
OVN-EV-002,2026-03-25 09:20:19.451918,22.22,415.14,31.54,35.04,22.44,Charging,Normal,-0.4988
OVN-EV-001,2026-03-25 09:20:20.130370,17.13,398.09,29.51,44.64,44.45,Charging,Normal,-0.4623
OVN-EV-003,2026-03-25 09:20:22.460660,20.55,382.03,35.31,42.05,48.29,Charging,Normal,-0.4817
OVN-EV-002,2026-03-25 09:20:22.460660,20.19,409.24,29.83,30.61,28.61,Charging,Normal,-0.5017
OVN-EV-001,2026-03-25 09:20:23.139560,15.18,387.65,32.16,39.4,91.86,Charging,Normal,-0.4674
OVN-EV-003,2026-03-25 09:20:25.466832,22.9,396.79,34.64,37.09,46.04,Charging,Normal,-0.4576
OVN-EV-002,2026-03-25 09:20:25.466832,14.71,383.69,34.56,38.41,75.07,Charging,Normal,-0.4548
OVN-EV-001,2026-03-25 09:20:26.149694,10.53,401.09,33.99,31.83,75.1,Charging,Normal,-0.4965
OVN-EV-003,2026-03-25 09:20:28.480696,18.85,401.05,30.41,44.19,61.54,Charging,Normal,-0.4454
OVN-EV-002,2026-03-25 09:20:28.480696,10.08,418.06,35.14,40.5,79.77,Charging,Normal,-0.554
OVN-EV-001,2026-03-25 09:20:29.145569,20.48,455.64,90.44,70.94,29.71,ANOMALY,ANOMALY,-0.6788
OVN-EV-003,2026-03-25 09:20:31.493243,19.73,397.92,32.13,37.98,84.11,Charging,Normal,-0.4298
OVN-EV-002,2026-03-25 09:20:31.493243,12.68,413.42,29.47,37.98,62.11,Charging,Normal,-0.4496
OVN-EV-001,2026-03-25 09:20:32.149576,23.01,383.2,34.87,35.13,62.39,Charging,Normal,-0.4832
OVN-EV-003,2026-03-25 09:20:34.507792,22.2,417.92,30.22,35.04,89.07,Charging,Normal,-0.4958
OVN-EV-002,2026-03-25 09:20:34.507792,10.34,388.6,35.21,42.48,64.3,Charging,Normal,-0.5154
OVN-EV-001,2026-03-25 09:20:35.150375,10.27,400.71,34.2,44.03,26.75,Charging,Normal,-0.5386
OVN-EV-003,2026-03-25 09:20:37.505207,13.14,400.52,29.63,34.98,92.97,Charging,Normal,-0.4884
OVN-EV-002,2026-03-25 09:20:37.505207,14.67,399.78,28.36,31.86,41.33,Charging,Normal,-0.4735
OVN-EV-001,2026-03-25 09:20:38.165796,16.4,416.09,31.46,34.1,39.38,Charging,Normal,-0.4621
OVN-EV-003,2026-03-25 09:20:40.506655,19.91,410.37,32.26,44.17,83.2,Charging,Normal,-0.4733
OVN-EV-002,2026-03-25 09:20:40.507747,17.41,396.36,35.8,32.09,82.7,Charging,Normal,-0.4978
OVN-EV-001,2026-03-25 09:20:41.186711,20.83,390.52,29.91,44.26,28.6,Charging,Normal,-0.4898
OVN-EV-002,2026-03-25 09:20:43.521008,10.12,381.3,33.29,38.32,76.9,Charging,Normal,-0.5299
OVN-EV-003,2026-03-25 09:20:43.521008,23.84,418.42,34.6,30.64,87.04,Charging,Normal,-0.5588
OVN-EV-001,2026-03-25 09:20:44.206424,22.84,400.44,29.05,42.16,25.47,Charging,Normal,-0.4965
OVN-EV-002,2026-03-25 09:20:46.522921,19.93,381.92,31.99,37.36,66.93,Charging,Normal,-0.445
OVN-EV-003,2026-03-25 09:20:46.523915,14.61,392.9,29.99,36.45,29.36,Charging,Normal,-0.4508
OVN-EV-001,2026-03-25 09:20:47.227824,15.65,401.65,35.96,34.54,23.01,Charging,Normal,-0.51
OVN-EV-002,2026-03-25 09:20:49.516253,10.34,388.41,29.59,37.54,56.73,Charging,Normal,-0.4856
OVN-EV-003,2026-03-25 09:20:49.516253,15.69,406.07,31.65,40.55,40.23,Charging,Normal,-0.4308
OVN-EV-001,2026-03-25 09:20:50.228104,23.93,397.39,35.06,35.34,79.85,Charging,Normal,-0.4893
OVN-EV-002,2026-03-25 09:20:52.524695,21.77,386.42,33.26,34.81,32.5,Charging,Normal,-0.476
OVN-EV-003,2026-03-25 09:20:52.525086,14.48,400.98,30.19,36.64,84.47,Charging,Normal,-0.4477
OVN-EV-001,2026-03-25 09:20:53.244922,14.9,387.59,33.0,32.21,72.04,Charging,Normal,-0.448
OVN-EV-002,2026-03-25 09:20:55.523365,19.83,388.96,30.08,43.95,47.83,Charging,Normal,-0.4508
OVN-EV-003,2026-03-25 09:20:55.523365,19.62,391.62,32.47,32.23,82.18,Charging,Normal,-0.4595
OVN-EV-001,2026-03-25 09:20:56.274734,20.97,417.5,34.19,32.75,74.88,Charging,Normal,-0.4741
OVN-EV-002,2026-03-25 09:20:58.523519,10.17,383.97,35.51,40.88,65.19,Charging,Normal,-0.5315
OVN-EV-003,2026-03-25 09:20:58.523519,21.75,380.31,33.22,37.04,46.59,Charging,Normal,-0.4804
OVN-EV-001,2026-03-25 09:20:59.273809,22.28,417.32,28.37,38.25,37.5,Charging,Normal,-0.484
OVN-EV-002,2026-03-25 09:21:01.540486,16.77,388.77,35.84,32.9,39.05,Charging,Normal,-0.5
OVN-EV-003,2026-03-25 09:21:01.541668,10.73,399.78,34.14,41.72,30.63,Charging,Normal,-0.498
OVN-EV-001,2026-03-25 09:21:02.264381,12.19,389.08,28.68,31.65,60.97,Charging,Normal,-0.4997
OVN-EV-003,2026-03-25 09:21:04.556992,21.94,384.79,29.74,42.58,74.24,Charging,Normal,-0.4742
OVN-EV-002,2026-03-25 09:21:04.557779,17.47,399.96,32.09,36.23,76.76,Charging,Normal,-0.4331
OVN-EV-001,2026-03-25 09:21:05.262673,13.91,416.52,35.76,33.24,75.18,Charging,Normal,-0.4911
OVN-EV-003,2026-03-25 09:21:07.572962,21.87,399.39,35.1,42.0,34.46,Charging,Normal,-0.4774
OVN-EV-002,2026-03-25 09:21:07.573615,22.2,384.55,32.81,30.51,63.24,Charging,Normal,-0.5044
OVN-EV-001,2026-03-25 09:21:08.273785,18.2,477.48,97.79,82.11,84.13,ANOMALY,ANOMALY,-0.6858
OVN-EV-003,2026-03-25 09:21:10.603493,23.07,419.58,35.1,43.91,86.0,Charging,Normal,-0.5351
OVN-EV-002,2026-03-25 09:21:10.603493,18.79,414.84,30.9,44.39,28.42,Charging,Normal,-0.5118
OVN-EV-001,2026-03-25 09:21:11.262340,24.15,416.51,31.54,31.78,44.04,Charging,Normal,-0.5038
OVN-EV-003,2026-03-25 09:21:13.610380,12.2,455.42,80.89,89.19,33.29,ANOMALY,ANOMALY,-0.6951
OVN-EV-002,2026-03-25 09:21:13.610380,20.75,404.29,31.28,37.53,75.56,Charging,Normal,-0.4325
OVN-EV-001,2026-03-25 09:21:14.272407,24.57,382.0,34.85,35.28,46.28,Charging,Normal,-0.51
OVN-EV-003,2026-03-25 09:21:16.632841,13.82,387.98,31.17,35.33,46.13,Charging,Normal,-0.4473
OVN-EV-002,2026-03-25 09:21:16.632841,22.01,392.82,29.81,36.55,88.17,Charging,Normal,-0.4728
OVN-EV-001,2026-03-25 09:21:17.282519,22.13,413.29,33.09,35.74,83.26,Charging,Normal,-0.464
OVN-EV-003,2026-03-25 09:21:19.631776,10.97,388.51,34.08,32.06,81.03,Charging,Normal,-0.4983
OVN-EV-002,2026-03-25 09:21:19.631776,20.07,385.48,35.88,39.38,53.67,Charging,Normal,-0.4783
OVN-EV-001,2026-03-25 09:21:20.295794,22.07,394.38,35.15,32.98,88.37,Charging,Normal,-0.4959
OVN-EV-003,2026-03-25 09:21:22.630560,12.99,413.97,33.87,40.78,44.64,Charging,Normal,-0.4554
OVN-EV-002,2026-03-25 09:21:22.630560,12.94,470.95,92.05,74.21,44.09,ANOMALY,ANOMALY,-0.6683
OVN-EV-001,2026-03-25 09:21:23.307609,13.27,382.99,34.95,35.01,92.25,Charging,Normal,-0.5059
OVN-EV-003,2026-03-25 09:21:25.625366,12.32,417.31,32.31,36.14,23.48,Charging,Normal,-0.4966
OVN-EV-002,2026-03-25 09:21:25.625366,12.13,385.08,30.96,31.34,94.47,Charging,Normal,-0.525
OVN-EV-001,2026-03-25 09:21:26.319537,22.22,391.34,28.75,39.42,21.53,Charging,Normal,-0.4935
OVN-EV-003,2026-03-25 09:21:28.635457,19.84,410.93,30.79,37.17,60.95,Charging,Normal,-0.4241
OVN-EV-002,2026-03-25 09:21:28.635457,16.83,391.43,28.08,34.76,47.99,Charging,Normal,-0.4747
OVN-EV-001,2026-03-25 09:21:29.322662,21.6,399.34,31.87,41.21,58.74,Charging,Normal,-0.4274
OVN-EV-003,2026-03-25 09:21:31.640760,10.81,384.86,32.55,35.16,61.62,Charging,Normal,-0.4756
OVN-EV-002,2026-03-25 09:21:31.641170,21.83,396.28,33.25,37.59,73.93,Charging,Normal,-0.4426
OVN-EV-001,2026-03-25 09:21:32.335817,24.24,467.15,82.31,86.93,60.08,ANOMALY,ANOMALY,-0.693
OVN-EV-003,2026-03-25 09:21:34.658273,10.41,382.26,33.67,30.37,33.4,Charging,Normal,-0.5444
OVN-EV-002,2026-03-25 09:21:34.659071,18.03,380.47,35.85,38.38,79.0,Charging,Normal,-0.484
OVN-EV-001,2026-03-25 09:21:35.337128,24.29,389.25,32.35,41.25,42.3,Charging,Normal,-0.483
OVN-EV-003,2026-03-25 09:21:37.672736,13.5,407.27,32.18,31.8,80.34,Charging,Normal,-0.4583
OVN-EV-002,2026-03-25 09:21:37.672736,10.27,387.56,34.45,33.25,46.64,Charging,Normal,-0.5068
OVN-EV-001,2026-03-25 09:21:38.335240,10.75,403.92,30.96,42.7,31.97,Charging,Normal,-0.4874
OVN-EV-003,2026-03-25 09:21:40.681353,17.24,395.23,29.92,37.91,30.67,Charging,Normal,-0.4452
OVN-EV-002,2026-03-25 09:21:40.682528,15.5,387.71,31.61,40.06,83.18,Charging,Normal,-0.4491
OVN-EV-001,2026-03-25 09:21:41.325987,22.81,381.42,31.21,43.6,60.75,Charging,Normal,-0.4932
OVN-EV-002,2026-03-25 09:21:43.707425,22.5,405.9,30.47,32.07,36.71,Charging,Normal,-0.467
OVN-EV-003,2026-03-25 09:21:43.707425,13.04,391.05,31.65,38.49,75.66,Charging,Normal,-0.4407
OVN-EV-001,2026-03-25 09:21:44.340667,14.15,406.61,33.81,32.27,33.49,Charging,Normal,-0.4567
OVN-EV-002,2026-03-25 09:21:46.711830,19.21,407.33,35.83,34.53,55.5,Charging,Normal,-0.4731
OVN-EV-003,2026-03-25 09:21:46.711830,23.78,409.83,33.47,41.5,68.85,Charging,Normal,-0.466
OVN-EV-001,2026-03-25 09:21:47.355629,12.95,385.61,29.83,36.02,41.41,Charging,Normal,-0.4605
OVN-EV-002,2026-03-25 09:21:49.709659,18.7,489.03,87.02,75.23,42.67,ANOMALY,ANOMALY,-0.6688
OVN-EV-003,2026-03-25 09:21:49.709659,13.48,394.26,29.15,40.55,66.28,Charging,Normal,-0.4392
OVN-EV-001,2026-03-25 09:21:50.373625,24.44,418.28,34.31,41.75,49.7,Charging,Normal,-0.5127
OVN-EV-002,2026-03-25 09:21:52.708102,21.1,405.78,33.95,41.81,65.88,Charging,Normal,-0.4405
OVN-EV-003,2026-03-25 09:21:52.709172,10.94,459.68,88.5,87.15,79.96,ANOMALY,ANOMALY,-0.6949
OVN-EV-001,2026-03-25 09:21:53.391459,16.56,383.43,30.71,31.83,44.85,Charging,Normal,-0.4696
OVN-EV-002,2026-03-25 09:21:55.708140,18.74,404.03,28.29,42.12,41.41,Charging,Normal,-0.4471
OVN-EV-003,2026-03-25 09:21:55.709144,13.53,386.32,28.79,36.27,87.29,Charging,Normal,-0.4854
OVN-EV-001,2026-03-25 09:21:56.402923,14.99,403.55,32.75,34.84,86.68,Charging,Normal,-0.4468
OVN-EV-002,2026-03-25 09:21:58.707077,22.69,394.87,31.93,39.91,54.62,Charging,Normal,-0.4369
OVN-EV-003,2026-03-25 09:21:58.708119,17.68,477.39,97.06,72.46,47.21,ANOMALY,ANOMALY,-0.6702
OVN-EV-001,2026-03-25 09:21:59.424855,12.42,412.41,30.97,39.02,91.78,Charging,Normal,-0.4885
OVN-EV-002,2026-03-25 09:22:01.708310,13.9,382.36,32.91,36.85,28.03,Charging,Normal,-0.4912
OVN-EV-003,2026-03-25 09:22:01.708310,19.39,398.17,30.96,44.58,82.91,Charging,Normal,-0.467
OVN-EV-001,2026-03-25 09:22:02.441385,23.02,386.08,29.19,32.17,25.62,Charging,Normal,-0.5186
OVN-EV-003,2026-03-25 09:22:04.705297,13.0,389.8,34.93,32.25,60.91,Charging,Normal,-0.4662
OVN-EV-002,2026-03-25 09:22:04.705297,13.7,400.54,30.41,44.57,25.31,Charging,Normal,-0.4976
OVN-EV-001,2026-03-25 09:22:05.439352,17.46,409.72,35.53,32.2,88.64,Charging,Normal,-0.5061
OVN-EV-003,2026-03-25 09:22:07.707096,12.24,409.92,34.85,41.9,64.86,Charging,Normal,-0.4641
OVN-EV-002,2026-03-25 09:22:07.707096,10.54,404.25,31.53,41.79,23.07,Charging,Normal,-0.5258
OVN-EV-001,2026-03-25 09:22:08.450410,24.59,486.73,94.7,79.94,85.11,ANOMALY,ANOMALY,-0.7061
OVN-EV-003,2026-03-25 09:22:10.700505,13.72,409.69,32.65,44.63,86.28,Charging,Normal,-0.4965
OVN-EV-002,2026-03-25 09:22:10.700505,16.67,386.4,30.79,44.84,65.15,Charging,Normal,-0.4844
OVN-EV-001,2026-03-25 09:22:11.457191,13.09,388.85,31.64,39.22,67.32,Charging,Normal,-0.4396
OVN-EV-003,2026-03-25 09:22:13.722345,11.26,383.02,29.87,37.48,45.9,Charging,Normal,-0.4932
OVN-EV-002,2026-03-25 09:22:13.722345,17.36,407.0,34.79,43.82,38.05,Charging,Normal,-0.4584
OVN-EV-001,2026-03-25 09:22:14.458832,23.13,382.59,35.03,34.36,58.37,Charging,Normal,-0.4937
OVN-EV-003,2026-03-25 09:22:16.727041,24.55,413.22,32.92,31.15,32.15,Charging,Normal,-0.5188
OVN-EV-002,2026-03-25 09:22:16.728153,11.43,380.42,32.0,34.69,25.98,Charging,Normal,-0.5193
OVN-EV-001,2026-03-25 09:22:17.457721,24.07,409.12,33.19,30.01,39.67,Charging,Normal,-0.518
OVN-EV-003,2026-03-25 09:22:19.738093,17.56,395.21,35.27,36.27,28.17,Charging,Normal,-0.4897
OVN-EV-002,2026-03-25 09:22:19.738093,15.88,392.61,34.24,35.77,57.64,Charging,Normal,-0.4362
OVN-EV-001,2026-03-25 09:22:20.465781,18.18,381.61,29.53,38.64,29.72,Charging,Normal,-0.4859
OVN-EV-003,2026-03-25 09:22:22.732580,15.79,402.01,34.39,34.37,55.29,Charging,Normal,-0.4318
OVN-EV-002,2026-03-25 09:22:22.732580,11.99,398.51,33.22,37.72,83.7,Charging,Normal,-0.4534
OVN-EV-001,2026-03-25 09:22:23.474328,24.55,402.25,30.76,43.35,60.33,Charging,Normal,-0.4898
OVN-EV-003,2026-03-25 09:22:25.744259,17.36,403.65,34.22,34.4,32.5,Charging,Normal,-0.4417
OVN-EV-002,2026-03-25 09:22:25.744259,22.54,410.1,30.88,34.2,53.75,Charging,Normal,-0.4417
OVN-EV-001,2026-03-25 09:22:26.475239,10.89,396.46,34.62,35.27,38.83,Charging,Normal,-0.4703
OVN-EV-003,2026-03-25 09:22:28.759518,21.42,386.75,35.06,36.86,89.47,Charging,Normal,-0.4916
OVN-EV-002,2026-03-25 09:22:28.759518,12.8,463.32,80.33,74.96,94.41,ANOMALY,ANOMALY,-0.6858
OVN-EV-001,2026-03-25 09:22:29.489275,21.35,401.54,35.86,44.35,68.88,Charging,Normal,-0.4945
OVN-EV-003,2026-03-25 09:22:31.762388,23.07,411.2,34.92,43.47,54.5,Charging,Normal,-0.4797
OVN-EV-002,2026-03-25 09:22:31.762388,12.55,386.21,35.21,39.86,52.63,Charging,Normal,-0.4717
OVN-EV-001,2026-03-25 09:22:32.490607,18.71,419.42,33.86,42.14,28.73,Charging,Normal,-0.5055
OVN-EV-003,2026-03-25 09:22:34.773789,13.18,409.45,34.21,43.26,48.54,Charging,Normal,-0.4694
OVN-EV-002,2026-03-25 09:22:34.773789,13.36,412.44,28.27,32.33,71.19,Charging,Normal,-0.4696
OVN-EV-001,2026-03-25 09:22:35.500061,14.14,384.7,34.9,37.87,60.52,Charging,Normal,-0.4572
OVN-EV-003,2026-03-25 09:22:37.772962,22.41,419.81,32.79,43.9,83.16,Charging,Normal,-0.5064
OVN-EV-002,2026-03-25 09:22:37.774164,22.51,396.82,30.93,42.87,21.23,Charging,Normal,-0.5111
OVN-EV-001,2026-03-25 09:22:38.508544,12.34,383.92,35.27,39.27,88.2,Charging,Normal,-0.5172
OVN-EV-003,2026-03-25 09:22:40.773723,10.7,397.98,35.43,43.75,89.37,Charging,Normal,-0.5384
OVN-EV-002,2026-03-25 09:22:40.806231,10.69,409.21,28.6,37.07,27.38,Charging,Normal,-0.5241
OVN-EV-001,2026-03-25 09:22:41.510742,17.8,380.3,32.99,35.25,65.7,Charging,Normal,-0.459
OVN-EV-003,2026-03-25 09:22:43.776084,24.65,395.08,29.64,39.85,66.97,Charging,Normal,-0.4835
OVN-EV-002,2026-03-25 09:22:43.807352,21.88,402.71,28.07,34.31,47.56,Charging,Normal,-0.4662
OVN-EV-001,2026-03-25 09:22:44.513936,18.03,380.49,30.95,41.92,75.14,Charging,Normal,-0.464
OVN-EV-003,2026-03-25 09:22:46.792029,22.06,409.42,33.19,36.22,81.49,Charging,Normal,-0.4407
OVN-EV-002,2026-03-25 09:22:46.792029,20.79,391.87,32.22,35.45,27.5,Charging,Normal,-0.4602
OVN-EV-001,2026-03-25 09:22:47.525829,12.56,394.72,32.69,30.06,47.38,Charging,Normal,-0.4819
OVN-EV-003,2026-03-25 09:22:49.796743,16.53,410.54,33.46,37.34,65.17,Charging,Normal,-0.4223
OVN-EV-002,2026-03-25 09:22:49.796743,18.24,385.64,35.83,34.7,38.48,Charging,Normal,-0.4897
OVN-EV-001,2026-03-25 09:22:50.541242,12.19,388.88,31.05,41.13,93.61,Charging,Normal,-0.4918
OVN-EV-003,2026-03-25 09:22:52.798587,22.74,407.64,35.96,43.04,36.86,Charging,Normal,-0.5069
OVN-EV-002,2026-03-25 09:22:52.798587,13.6,397.81,32.62,43.83,50.86,Charging,Normal,-0.45
OVN-EV-001,2026-03-25 09:22:53.549125,23.3,475.64,90.82,74.28,42.93,ANOMALY,ANOMALY,-0.6944
OVN-EV-003,2026-03-25 09:22:55.800834,19.46,402.81,30.9,41.73,82.39,Charging,Normal,-0.4459
OVN-EV-002,2026-03-25 09:22:55.800834,24.49,395.33,34.3,44.71,87.58,Charging,Normal,-0.5272
OVN-EV-001,2026-03-25 09:22:56.560261,18.25,403.56,30.04,42.43,67.45,Charging,Normal,-0.4399
OVN-EV-003,2026-03-25 09:22:58.809316,17.54,397.96,32.38,43.63,41.21,Charging,Normal,-0.4378
OVN-EV-002,2026-03-25 09:22:58.810433,21.64,412.39,28.59,31.29,21.12,Charging,Normal,-0.5359
OVN-EV-001,2026-03-25 09:22:59.561591,12.81,411.84,30.3,36.51,88.94,Charging,Normal,-0.4792
OVN-EV-003,2026-03-25 09:23:01.825637,16.51,456.79,97.76,70.42,34.2,ANOMALY,ANOMALY,-0.68
OVN-EV-002,2026-03-25 09:23:01.825637,15.89,389.52,35.79,36.95,25.4,Charging,Normal,-0.4887
OVN-EV-001,2026-03-25 09:23:02.574270,21.81,392.58,34.16,41.33,22.47,Charging,Normal,-0.4939
OVN-EV-002,2026-03-25 09:23:04.846886,21.08,401.55,35.82,34.35,42.57,Charging,Normal,-0.4848
OVN-EV-003,2026-03-25 09:23:04.846886,14.91,472.82,92.32,81.41,43.5,ANOMALY,Normal,-0.651
OVN-EV-001,2026-03-25 09:23:05.594878,19.37,484.26,88.74,81.39,85.23,ANOMALY,ANOMALY,-0.6657
OVN-EV-002,2026-03-25 09:23:07.865138,14.1,402.36,32.35,30.77,90.98,Charging,Normal,-0.4987
OVN-EV-003,2026-03-25 09:23:07.865138,10.81,382.27,30.99,43.91,24.43,Charging,Normal,-0.5456
OVN-EV-001,2026-03-25 09:23:08.609771,12.48,396.08,35.89,36.77,54.69,Charging,Normal,-0.4796
OVN-EV-002,2026-03-25 09:23:10.873612,16.05,384.97,32.76,35.2,51.88,Charging,Normal,-0.4463
OVN-EV-003,2026-03-25 09:23:10.873612,24.32,395.01,35.78,33.41,89.22,Charging,Normal,-0.5284
OVN-EV-001,2026-03-25 09:23:11.611146,14.33,388.81,30.01,41.77,20.9,Charging,Normal,-0.494
OVN-EV-002,2026-03-25 09:23:13.892724,17.55,394.99,29.66,40.9,52.72,Charging,Normal,-0.4249
OVN-EV-003,2026-03-25 09:23:13.892724,23.58,419.62,28.46,40.25,76.54,Charging,Normal,-0.5169
OVN-EV-001,2026-03-25 09:23:14.617899,20.01,389.38,31.97,30.36,38.79,Charging,Normal,-0.4683
OVN-EV-002,2026-03-25 09:23:16.907307,23.19,415.5,35.62,43.0,43.96,Charging,Normal,-0.5109
OVN-EV-003,2026-03-25 09:23:16.907307,10.13,417.7,35.46,44.4,36.92,Charging,Normal,-0.5678
OVN-EV-001,2026-03-25 09:23:17.619411,22.31,396.54,31.76,43.32,59.66,Charging,Normal,-0.4472
OVN-EV-002,2026-03-25 09:23:19.907556,10.56,388.97,28.41,42.08,25.43,Charging,Normal,-0.5329
OVN-EV-003,2026-03-25 09:23:19.907556,20.06,496.93,80.43,86.81,36.02,ANOMALY,ANOMALY,-0.6958
OVN-EV-001,2026-03-25 09:23:20.634860,22.94,382.11,35.81,42.57,29.29,Charging,Normal,-0.5303
OVN-EV-003,2026-03-25 09:23:22.922429,18.14,462.73,85.78,82.89,32.02,ANOMALY,ANOMALY,-0.6795
OVN-EV-002,2026-03-25 09:23:22.922429,21.73,499.66,97.67,88.22,55.88,ANOMALY,ANOMALY,-0.7073
OVN-EV-001,2026-03-25 09:23:23.651403,22.26,388.43,34.13,42.3,46.36,Charging,Normal,-0.4639
OVN-EV-003,2026-03-25 09:23:25.933559,15.19,409.37,29.76,40.83,68.65,Charging,Normal,-0.4464
OVN-EV-002,2026-03-25 09:23:25.933559,11.14,408.57,30.91,35.05,49.59,Charging,Normal,-0.4645
OVN-EV-001,2026-03-25 09:23:26.663177,20.84,419.78,28.18,42.61,59.18,Charging,Normal,-0.4936
OVN-EV-003,2026-03-25 09:23:28.943031,23.15,393.11,30.89,33.7,90.77,Charging,Normal,-0.5001
OVN-EV-002,2026-03-25 09:23:28.943031,24.81,397.22,35.82,44.76,71.68,Charging,Normal,-0.5538
OVN-EV-001,2026-03-25 09:23:29.673562,13.9,412.3,34.07,36.64,72.71,Charging,Normal,-0.4562
OVN-EV-003,2026-03-25 09:23:31.944516,16.13,413.2,32.08,34.77,86.35,Charging,Normal,-0.4557
OVN-EV-002,2026-03-25 09:23:31.944516,22.69,397.07,29.61,30.01,35.69,Charging,Normal,-0.5002
OVN-EV-001,2026-03-25 09:23:32.686001,21.53,407.03,28.56,38.87,21.37,Charging,Normal,-0.51
OVN-EV-003,2026-03-25 09:23:34.945300,17.51,382.12,34.37,34.84,89.52,Charging,Normal,-0.5068
OVN-EV-002,2026-03-25 09:23:34.945300,19.21,409.03,29.18,31.28,78.24,Charging,Normal,-0.48
OVN-EV-001,2026-03-25 09:23:35.703864,11.0,396.28,31.85,34.37,58.58,Charging,Normal,-0.4498
OVN-EV-003,2026-03-25 09:23:37.953094,15.48,380.19,32.34,34.68,69.64,Charging,Normal,-0.4774
OVN-EV-002,2026-03-25 09:23:37.953094,17.78,385.63,31.95,42.99,84.41,Charging,Normal,-0.4656
OVN-EV-001,2026-03-25 09:23:38.713727,22.84,387.11,30.4,31.95,33.77,Charging,Normal,-0.4832
OVN-EV-003,2026-03-25 09:23:40.961914,23.73,417.24,35.07,30.59,25.86,Charging,Normal,-0.5627
OVN-EV-002,2026-03-25 09:23:40.961914,22.69,387.61,34.41,30.6,81.05,Charging,Normal,-0.5135
OVN-EV-001,2026-03-25 09:23:41.742092,17.03,390.0,28.93,42.06,20.12,Charging,Normal,-0.5015
OVN-EV-002,2026-03-25 09:23:43.961814,16.12,397.51,32.69,41.54,79.32,Charging,Normal,-0.4447
OVN-EV-003,2026-03-25 09:23:43.961814,18.3,385.02,35.51,30.4,92.83,Charging,Normal,-0.5613
OVN-EV-001,2026-03-25 09:23:44.757373,22.92,404.96,35.22,34.15,55.9,Charging,Normal,-0.4794
OVN-EV-002,2026-03-25 09:23:46.975941,19.76,385.07,29.6,43.76,92.73,Charging,Normal,-0.5125
OVN-EV-003,2026-03-25 09:23:46.975941,17.49,495.6,98.84,84.24,77.53,ANOMALY,ANOMALY,-0.681
OVN-EV-001,2026-03-25 09:23:47.772648,11.52,419.91,35.84,43.18,21.12,Charging,Normal,-0.5781
OVN-EV-002,2026-03-25 09:23:49.973845,15.07,398.02,32.08,37.82,67.62,Charging,Normal,-0.4206
OVN-EV-003,2026-03-25 09:23:49.973845,10.08,404.6,35.05,43.38,34.82,Charging,Normal,-0.5256
OVN-EV-001,2026-03-25 09:23:50.782731,18.99,408.09,34.19,43.98,60.72,Charging,Normal,-0.4452
OVN-EV-002,2026-03-25 09:23:52.983988,23.59,402.13,34.47,40.38,24.48,Charging,Normal,-0.4969
OVN-EV-003,2026-03-25 09:23:52.983988,17.04,406.37,35.31,40.29,26.01,Charging,Normal,-0.4767
OVN-EV-001,2026-03-25 09:23:53.792301,17.83,413.89,34.15,34.04,84.0,Charging,Normal,-0.4574
OVN-EV-002,2026-03-25 09:23:55.995152,18.4,390.28,29.78,35.65,53.28,Charging,Normal,-0.4296
OVN-EV-003,2026-03-25 09:23:55.995152,18.07,413.64,32.6,33.49,42.11,Charging,Normal,-0.4463
OVN-EV-001,2026-03-25 09:23:56.804900,17.73,390.54,34.71,40.19,27.3,Charging,Normal,-0.4748
OVN-EV-002,2026-03-25 09:23:59.010828,24.17,397.99,34.87,30.46,37.74,Charging,Normal,-0.5287
OVN-EV-003,2026-03-25 09:23:59.010828,21.77,450.05,93.63,79.27,26.21,ANOMALY,ANOMALY,-0.6912
OVN-EV-001,2026-03-25 09:23:59.809214,14.5,399.0,28.76,33.48,89.36,Charging,Normal,-0.4841
OVN-EV-002,2026-03-25 09:24:02.013946,17.89,416.25,28.49,31.16,20.15,Charging,Normal,-0.5293
OVN-EV-003,2026-03-25 09:24:02.013946,24.42,389.25,32.89,35.71,78.66,Charging,Normal,-0.4853
OVN-EV-001,2026-03-25 09:24:02.825848,17.02,416.94,33.4,43.36,37.41,Charging,Normal,-0.4735
OVN-EV-003,2026-03-25 09:24:05.023939,10.16,415.38,32.81,33.39,80.79,Charging,Normal,-0.5293
OVN-EV-002,2026-03-25 09:24:05.023939,20.05,389.42,30.37,38.35,42.76,Charging,Normal,-0.4377
OVN-EV-001,2026-03-25 09:24:05.839019,23.65,388.47,35.91,31.21,45.66,Charging,Normal,-0.5299
OVN-EV-003,2026-03-25 09:24:08.011898,22.68,394.19,31.95,39.25,30.86,Charging,Normal,-0.4459
OVN-EV-002,2026-03-25 09:24:08.011898,17.44,417.78,35.61,33.84,88.88,Charging,Normal,-0.5124
OVN-EV-001,2026-03-25 09:24:08.856563,18.53,402.59,28.34,41.72,73.7,Charging,Normal,-0.4513
OVN-EV-003,2026-03-25 09:24:11.028013,16.69,413.01,32.06,34.76,37.92,Charging,Normal,-0.4399
OVN-EV-002,2026-03-25 09:24:11.028013,10.41,409.29,33.86,36.82,33.73,Charging,Normal,-0.4966
OVN-EV-001,2026-03-25 09:24:11.867273,16.17,415.33,30.39,37.19,49.2,Charging,Normal,-0.4386
OVN-EV-003,2026-03-25 09:24:14.052959,12.16,388.41,32.66,40.58,49.33,Charging,Normal,-0.4426
OVN-EV-002,2026-03-25 09:24:14.052959,21.34,418.28,32.91,38.04,77.26,Charging,Normal,-0.4706
OVN-EV-001,2026-03-25 09:24:14.877387,19.95,406.15,34.2,35.33,84.26,Charging,Normal,-0.454
OVN-EV-003,2026-03-25 09:24:17.058716,20.04,415.49,33.57,41.52,44.89,Charging,Normal,-0.4524
OVN-EV-002,2026-03-25 09:24:17.058716,18.69,395.39,31.76,30.29,62.98,Charging,Normal,-0.4672
OVN-EV-001,2026-03-25 09:24:17.882946,16.66,382.74,30.13,32.63,72.02,Charging,Normal,-0.4685
OVN-EV-003,2026-03-25 09:24:20.082572,19.69,394.43,28.78,42.17,33.75,Charging,Normal,-0.459
OVN-EV-002,2026-03-25 09:24:20.082572,24.19,416.68,32.26,43.8,87.29,Charging,Normal,-0.5239
OVN-EV-001,2026-03-25 09:24:20.890535,23.06,415.05,30.36,43.63,25.87,Charging,Normal,-0.5028
OVN-EV-002,2026-03-25 09:24:23.094832,10.1,419.17,32.36,35.75,55.28,Charging,Normal,-0.53
OVN-EV-003,2026-03-25 09:24:23.094832,24.02,411.76,29.56,37.34,71.62,Charging,Normal,-0.4709
OVN-EV-001,2026-03-25 09:24:23.903480,22.93,419.2,33.1,38.68,65.2,Charging,Normal,-0.4752
OVN-EV-002,2026-03-25 09:24:26.097854,18.17,413.61,28.01,42.82,49.09,Charging,Normal,-0.4747
OVN-EV-003,2026-03-25 09:24:26.097854,15.2,419.79,34.26,36.61,69.28,Charging,Normal,-0.4572
OVN-EV-001,2026-03-25 09:24:26.923371,24.19,404.35,35.91,44.3,22.13,Charging,Normal,-0.552
OVN-EV-002,2026-03-25 09:24:29.092487,23.37,491.85,98.64,73.35,60.78,ANOMALY,ANOMALY,-0.7043
OVN-EV-003,2026-03-25 09:24:29.092487,18.45,394.43,28.67,37.7,21.44,Charging,Normal,-0.4812
OVN-EV-001,2026-03-25 09:24:29.931084,22.94,390.34,33.84,42.54,54.53,Charging,Normal,-0.4598
OVN-EV-002,2026-03-25 09:24:32.111494,19.1,406.25,29.72,33.04,64.25,Charging,Normal,-0.4475
OVN-EV-003,2026-03-25 09:24:32.111494,16.04,416.41,28.05,35.63,36.28,Charging,Normal,-0.4837
OVN-EV-001,2026-03-25 09:24:32.936149,20.37,387.06,29.17,44.73,31.71,Charging,Normal,-0.5028
OVN-EV-002,2026-03-25 09:24:35.121751,19.57,408.94,34.82,33.38,66.83,Charging,Normal,-0.4626
OVN-EV-003,2026-03-25 09:24:35.122266,22.13,479.07,96.17,84.71,35.45,ANOMALY,ANOMALY,-0.6855
OVN-EV-001,2026-03-25 09:24:35.945166,14.72,416.69,32.67,31.84,66.1,Charging,Normal,-0.465
OVN-EV-002,2026-03-25 09:24:38.149148,16.32,394.12,28.24,31.67,49.62,Charging,Normal,-0.4798
OVN-EV-003,2026-03-25 09:24:38.149148,22.49,393.18,34.62,30.04,42.65,Charging,Normal,-0.5093
OVN-EV-001,2026-03-25 09:24:38.947711,13.89,393.49,31.49,30.47,86.91,Charging,Normal,-0.4938
OVN-EV-002,2026-03-25 09:24:41.139511,10.38,407.04,35.12,38.64,36.03,Charging,Normal,-0.5043
OVN-EV-003,2026-03-25 09:24:41.139511,16.59,409.55,34.13,34.45,31.3,Charging,Normal,-0.4521
OVN-EV-001,2026-03-25 09:24:41.963779,23.99,412.49,31.69,31.0,38.23,Charging,Normal,-0.4934
OVN-EV-003,2026-03-25 09:24:44.149469,22.97,395.89,28.58,38.01,60.63,Charging,Normal,-0.4551
OVN-EV-002,2026-03-25 09:24:44.149469,18.76,407.24,34.06,30.5,57.89,Charging,Normal,-0.4754
OVN-EV-001,2026-03-25 09:24:44.979972,19.35,385.32,32.69,42.49,73.12,Charging,Normal,-0.4559
OVN-EV-003,2026-03-25 09:24:47.148856,22.12,487.57,97.88,78.69,29.09,ANOMALY,ANOMALY,-0.7091
OVN-EV-002,2026-03-25 09:24:47.148856,17.65,386.74,29.05,39.22,88.24,Charging,Normal,-0.4771
OVN-EV-001,2026-03-25 09:24:48.002127,21.4,391.76,31.04,34.67,52.76,Charging,Normal,-0.4326
OVN-EV-003,2026-03-25 09:24:50.142864,19.74,399.8,30.41,32.36,64.47,Charging,Normal,-0.441
OVN-EV-002,2026-03-25 09:24:50.142864,18.07,386.31,33.69,42.78,21.9,Charging,Normal,-0.5055
OVN-EV-001,2026-03-25 09:24:51.010200,11.57,410.67,34.7,40.11,50.35,Charging,Normal,-0.4745
OVN-EV-003,2026-03-25 09:24:53.150569,17.18,382.81,32.43,36.73,53.19,Charging,Normal,-0.4361
OVN-EV-002,2026-03-25 09:24:53.150569,15.81,392.47,29.16,43.7,82.0,Charging,Normal,-0.4711
OVN-EV-001,2026-03-25 09:24:54.016611,17.48,453.02,87.54,81.78,76.82,ANOMALY,Normal,-0.6626
OVN-EV-003,2026-03-25 09:24:56.159197,16.87,410.13,28.64,31.17,88.19,Charging,Normal,-0.5014
OVN-EV-002,2026-03-25 09:24:56.159197,11.77,404.27,33.48,31.86,65.33,Charging,Normal,-0.4721
OVN-EV-001,2026-03-25 09:24:57.024801,22.75,403.82,33.23,33.06,53.88,Charging,Normal,-0.4613
OVN-EV-003,2026-03-25 09:24:59.172026,16.22,387.34,35.64,43.17,53.53,Charging,Normal,-0.4829
OVN-EV-002,2026-03-25 09:24:59.172026,14.83,417.36,29.56,43.88,49.2,Charging,Normal,-0.4825
OVN-EV-001,2026-03-25 09:25:00.015679,24.86,387.44,35.74,32.47,25.41,Charging,Normal,-0.5602
OVN-EV-003,2026-03-25 09:25:02.180711,19.62,416.91,28.83,30.24,39.49,Charging,Normal,-0.5064
OVN-EV-002,2026-03-25 09:25:02.180711,17.92,410.06,32.66,42.23,32.26,Charging,Normal,-0.4596
OVN-EV-001,2026-03-25 09:25:03.021928,15.46,407.83,35.08,41.3,33.29,Charging,Normal,-0.4606
OVN-EV-003,2026-03-25 09:25:05.183296,19.37,404.8,34.1,43.66,27.07,Charging,Normal,-0.4884
OVN-EV-002,2026-03-25 09:25:05.183296,23.97,383.76,35.35,38.08,72.86,Charging,Normal,-0.4989
OVN-EV-001,2026-03-25 09:25:06.022991,10.56,385.65,30.82,36.36,83.77,Charging,Normal,-0.4979
OVN-EV-003,2026-03-25 09:25:08.199874,19.12,417.17,33.65,32.89,86.41,Charging,Normal,-0.4888
OVN-EV-002,2026-03-25 09:25:08.199874,18.71,399.7,34.83,42.94,50.83,Charging,Normal,-0.4629
OVN-EV-001,2026-03-25 09:25:09.026684,13.48,384.9,34.23,42.39,86.74,Charging,Normal,-0.5001
OVN-EV-003,2026-03-25 09:25:11.212908,15.39,388.94,32.54,32.83,30.49,Charging,Normal,-0.465
OVN-EV-002,2026-03-25 09:25:11.212908,15.66,399.77,34.97,32.2,35.55,Charging,Normal,-0.4716
OVN-EV-001,2026-03-25 09:25:12.035919,20.02,406.77,28.42,41.18,20.68,Charging,Normal,-0.5023
OVN-EV-003,2026-03-25 09:25:14.231559,10.14,394.37,33.78,36.32,67.74,Charging,Normal,-0.4899
OVN-EV-002,2026-03-25 09:25:14.231559,14.46,397.43,28.92,41.55,34.28,Charging,Normal,-0.4679
OVN-EV-001,2026-03-25 09:25:15.030668,17.69,414.24,34.68,44.1,86.0,Charging,Normal,-0.4915
OVN-EV-003,2026-03-25 09:25:17.234174,11.3,418.45,34.16,40.91,29.62,Charging,Normal,-0.4969
OVN-EV-002,2026-03-25 09:25:17.234174,24.58,396.77,30.1,43.61,74.38,Charging,Normal,-0.5056
OVN-EV-001,2026-03-25 09:25:18.044672,19.25,384.9,35.64,35.12,92.84,Charging,Normal,-0.513
OVN-EV-003,2026-03-25 09:25:20.232853,22.23,417.6,30.14,44.08,20.35,Charging,Normal,-0.5354
OVN-EV-002,2026-03-25 09:25:20.232853,11.05,396.65,34.0,39.93,59.76,Charging,Normal,-0.4646
OVN-EV-001,2026-03-25 09:25:21.059460,21.37,415.54,31.53,37.09,50.41,Charging,Normal,-0.4537
OVN-EV-002,2026-03-25 09:25:23.245594,13.81,403.05,31.6,44.7,31.58,Charging,Normal,-0.4901
OVN-EV-003,2026-03-25 09:25:23.245594,23.3,414.14,33.56,44.81,81.22,Charging,Normal,-0.5114
OVN-EV-001,2026-03-25 09:25:24.067352,24.81,409.52,34.66,39.62,58.08,Charging,Normal,-0.4985
OVN-EV-002,2026-03-25 09:25:26.267670,23.27,406.02,28.9,37.41,74.1,Charging,Normal,-0.4694
OVN-EV-003,2026-03-25 09:25:26.267670,10.56,493.35,83.87,73.23,41.96,ANOMALY,ANOMALY,-0.7045
OVN-EV-001,2026-03-25 09:25:27.077702,20.27,383.81,35.96,40.08,87.15,Charging,Normal,-0.5131
OVN-EV-002,2026-03-25 09:25:29.266812,19.28,388.7,33.08,42.09,24.11,Charging,Normal,-0.481
OVN-EV-003,2026-03-25 09:25:29.266812,22.89,395.2,35.1,31.41,58.25,Charging,Normal,-0.4727
OVN-EV-001,2026-03-25 09:25:30.092418,16.88,388.66,30.61,38.32,41.33,Charging,Normal,-0.4383
OVN-EV-002,2026-03-25 09:25:32.278343,15.77,416.36,31.66,33.01,25.35,Charging,Normal,-0.4756
OVN-EV-003,2026-03-25 09:25:32.278343,13.2,408.18,31.87,32.86,76.96,Charging,Normal,-0.4543
OVN-EV-001,2026-03-25 09:25:33.105155,14.71,400.36,31.28,37.22,53.25,Charging,Normal,-0.425
OVN-EV-002,2026-03-25 09:25:35.292017,21.2,405.13,34.2,34.93,47.56,Charging,Normal,-0.4497
OVN-EV-003,2026-03-25 09:25:35.292017,17.83,382.01,30.46,36.49,52.47,Charging,Normal,-0.4477
OVN-EV-001,2026-03-25 09:25:36.118816,17.32,414.24,32.07,41.38,31.45,Charging,Normal,-0.4541
OVN-EV-002,2026-03-25 09:25:38.322620,10.65,400.1,30.36,43.99,64.5,Charging,Normal,-0.4962
OVN-EV-003,2026-03-25 09:25:38.322620,12.95,385.15,35.51,37.84,92.45,Charging,Normal,-0.5097
OVN-EV-001,2026-03-25 09:25:39.116849,14.96,381.93,33.82,40.58,20.6,Charging,Normal,-0.5001
OVN-EV-002,2026-03-25 09:25:41.339336,17.34,400.83,30.76,33.4,73.74,Charging,Normal,-0.4469
OVN-EV-003,2026-03-25 09:25:41.339336,24.5,467.6,88.77,78.67,80.28,ANOMALY,ANOMALY,-0.6862
OVN-EV-001,2026-03-25 09:25:42.114339,19.3,393.19,33.58,35.24,69.98,Charging,Normal,-0.4336
OVN-EV-003,2026-03-25 09:25:44.349993,10.18,461.54,98.62,86.96,82.82,ANOMALY,ANOMALY,-0.7238
OVN-EV-002,2026-03-25 09:25:44.349993,13.07,383.09,32.34,37.21,26.1,Charging,Normal,-0.4845
OVN-EV-001,2026-03-25 09:25:45.125856,21.78,404.04,32.37,44.46,20.6,Charging,Normal,-0.5049
OVN-EV-003,2026-03-25 09:25:47.350958,24.01,382.67,29.76,38.79,21.8,Charging,Normal,-0.517
OVN-EV-002,2026-03-25 09:25:47.350958,22.15,405.54,30.66,38.78,68.68,Charging,Normal,-0.4437
OVN-EV-001,2026-03-25 09:25:48.147724,19.94,405.38,33.99,38.74,61.32,Charging,Normal,-0.4316
OVN-EV-003,2026-03-25 09:25:50.341945,16.18,410.93,31.26,43.71,39.29,Charging,Normal,-0.4487
OVN-EV-002,2026-03-25 09:25:50.341945,15.22,380.06,34.25,30.26,23.64,Charging,Normal,-0.5382
OVN-EV-001,2026-03-25 09:25:51.150950,12.43,386.92,34.96,35.86,92.58,Charging,Normal,-0.5165
OVN-EV-003,2026-03-25 09:25:53.349726,17.48,408.36,29.87,41.23,57.27,Charging,Normal,-0.4236
OVN-EV-002,2026-03-25 09:25:53.349726,24.9,403.72,34.62,35.86,39.77,Charging,Normal,-0.5053
OVN-EV-001,2026-03-25 09:25:54.174952,18.34,399.07,29.76,35.19,87.36,Charging,Normal,-0.4469
OVN-EV-003,2026-03-25 09:25:56.362191,14.79,416.0,35.91,36.75,44.57,Charging,Normal,-0.4916
OVN-EV-002,2026-03-25 09:25:56.362191,15.26,413.53,29.44,32.78,57.64,Charging,Normal,-0.4577
OVN-EV-001,2026-03-25 09:25:57.188627,24.13,414.87,30.47,40.61,85.41,Charging,Normal,-0.5023
OVN-EV-003,2026-03-25 09:25:59.376705,17.42,403.49,33.28,41.18,62.51,Charging,Normal,-0.4222
OVN-EV-002,2026-03-25 09:25:59.376705,15.64,403.4,33.55,34.83,89.08,Charging,Normal,-0.4574
OVN-EV-001,2026-03-25 09:26:00.195905,23.79,391.51,32.5,39.41,53.4,Charging,Normal,-0.4583
OVN-EV-003,2026-03-25 09:26:02.387075,15.68,386.36,30.28,44.42,53.06,Charging,Normal,-0.4582
OVN-EV-002,2026-03-25 09:26:02.387075,12.43,391.27,29.24,44.64,47.87,Charging,Normal,-0.4896
OVN-EV-001,2026-03-25 09:26:03.194258,20.38,405.41,29.5,43.45,49.08,Charging,Normal,-0.4522
OVN-EV-003,2026-03-25 09:26:05.404977,17.92,413.83,35.36,36.16,29.25,Charging,Normal,-0.4873
OVN-EV-002,2026-03-25 09:26:05.404977,22.32,405.72,32.12,33.71,68.77,Charging,Normal,-0.4461
OVN-EV-001,2026-03-25 09:26:06.203580,13.03,382.78,30.99,38.66,77.92,Charging,Normal,-0.4747
OVN-EV-003,2026-03-25 09:26:08.405098,24.97,406.82,35.43,38.43,88.78,Charging,Normal,-0.5317
OVN-EV-002,2026-03-25 09:26:08.405098,19.87,407.62,35.31,44.54,36.09,Charging,Normal,-0.4922
OVN-EV-001,2026-03-25 09:26:09.213540,20.73,411.41,31.27,36.36,56.84,Charging,Normal,-0.4309
OVN-EV-003,2026-03-25 09:26:11.417048,14.32,400.9,32.9,32.06,28.92,Charging,Normal,-0.4677
OVN-EV-002,2026-03-25 09:26:11.417048,21.39,405.03,33.66,41.76,65.0,Charging,Normal,-0.4359
OVN-EV-001,2026-03-25 09:26:12.228949,17.65,392.4,30.7,43.5,82.27,Charging,Normal,-0.4618
OVN-EV-003,2026-03-25 09:26:14.429757,20.46,406.43,34.75,43.33,31.14,Charging,Normal,-0.4835
OVN-EV-002,2026-03-25 09:26:14.429757,17.22,386.26,32.53,34.83,79.39,Charging,Normal,-0.4411
OVN-EV-001,2026-03-25 09:26:15.244362,24.21,388.95,35.38,32.44,36.2,Charging,Normal,-0.5222
OVN-EV-003,2026-03-25 09:26:17.432685,24.92,387.35,28.5,36.12,49.15,Charging,Normal,-0.509
OVN-EV-002,2026-03-25 09:26:17.432685,24.7,406.81,29.64,41.29,92.12,Charging,Normal,-0.5326
OVN-EV-001,2026-03-25 09:26:18.257316,22.72,413.12,31.99,32.59,49.17,Charging,Normal,-0.469
OVN-EV-003,2026-03-25 09:26:20.456330,13.22,392.1,32.13,42.28,24.78,Charging,Normal,-0.4777
OVN-EV-002,2026-03-25 09:26:20.456330,17.78,391.89,31.67,44.62,80.31,Charging,Normal,-0.4717
OVN-EV-001,2026-03-25 09:26:21.266835,21.87,412.2,28.39,35.79,33.84,Charging,Normal,-0.4775
OVN-EV-002,2026-03-25 09:26:23.449871,12.85,414.55,34.59,31.3,39.48,Charging,Normal,-0.4972
OVN-EV-003,2026-03-25 09:26:23.449871,19.37,414.09,29.04,34.45,57.31,Charging,Normal,-0.4482
OVN-EV-001,2026-03-25 09:26:24.277314,10.7,412.6,32.08,39.82,69.21,Charging,Normal,-0.4703
OVN-EV-002,2026-03-25 09:26:26.462770,18.44,389.61,31.36,32.63,57.69,Charging,Normal,-0.4443
OVN-EV-003,2026-03-25 09:26:26.462770,22.66,401.89,29.15,36.01,75.74,Charging,Normal,-0.4545
OVN-EV-001,2026-03-25 09:26:27.289608,13.44,389.84,34.53,39.83,35.74,Charging,Normal,-0.4644
OVN-EV-002,2026-03-25 09:26:29.475489,21.71,414.59,30.47,40.03,86.27,Charging,Normal,-0.471
OVN-EV-003,2026-03-25 09:26:29.475489,14.06,396.12,34.41,38.59,74.4,Charging,Normal,-0.4553
OVN-EV-001,2026-03-25 09:26:30.296876,13.19,418.73,31.67,36.8,94.72,Charging,Normal,-0.5132
OVN-EV-002,2026-03-25 09:26:32.471714,22.32,414.46,34.71,31.05,52.66,Charging,Normal,-0.4912
OVN-EV-003,2026-03-25 09:26:32.471714,23.8,460.95,85.01,85.2,28.82,ANOMALY,ANOMALY,-0.7078
OVN-EV-001,2026-03-25 09:26:33.310385,23.42,418.84,32.27,35.28,41.75,Charging,Normal,-0.4837
OVN-EV-002,2026-03-25 09:26:35.478745,17.58,483.55,91.01,79.45,55.61,ANOMALY,Normal,-0.6538
OVN-EV-003,2026-03-25 09:26:35.478745,19.08,400.36,34.72,39.81,91.09,Charging,Normal,-0.4647
OVN-EV-001,2026-03-25 09:26:36.316488,23.36,393.67,29.85,32.87,49.26,Charging,Normal,-0.4665
OVN-EV-002,2026-03-25 09:26:38.502945,13.76,399.98,33.0,33.44,44.24,Charging,Normal,-0.4407
OVN-EV-003,2026-03-25 09:26:38.502945,23.44,384.12,31.05,34.29,58.66,Charging,Normal,-0.4693
OVN-EV-001,2026-03-25 09:26:39.331133,11.87,405.11,33.57,35.4,85.82,Charging,Normal,-0.4681
OVN-EV-002,2026-03-25 09:26:41.517380,13.42,413.44,31.78,39.58,21.5,Charging,Normal,-0.479
OVN-EV-003,2026-03-25 09:26:41.517380,21.9,385.34,31.44,40.25,68.79,Charging,Normal,-0.4477
OVN-EV-001,2026-03-25 09:26:42.347347,17.02,401.36,32.89,41.21,51.04,Charging,Normal,-0.4287
OVN-EV-003,2026-03-25 09:26:44.539403,22.2,385.77,33.72,42.88,33.83,Charging,Normal,-0.4808
OVN-EV-002,2026-03-25 09:26:44.539403,20.71,381.65,35.91,37.6,38.44,Charging,Normal,-0.4991
OVN-EV-001,2026-03-25 09:26:45.364259,17.1,404.13,29.71,43.13,73.61,Charging,Normal,-0.4467
OVN-EV-003,2026-03-25 09:26:47.538772,13.28,380.39,28.8,34.05,32.34,Charging,Normal,-0.4989
OVN-EV-002,2026-03-25 09:26:47.538772,12.7,383.89,31.17,43.73,24.39,Charging,Normal,-0.5124
OVN-EV-001,2026-03-25 09:26:48.370987,10.08,389.07,30.45,34.19,37.7,Charging,Normal,-0.5131
OVN-EV-003,2026-03-25 09:26:50.536637,12.18,482.5,83.08,78.94,40.72,ANOMALY,ANOMALY,-0.6767
OVN-EV-002,2026-03-25 09:26:50.536637,12.13,394.28,31.39,33.8,44.26,Charging,Normal,-0.4592
OVN-EV-001,2026-03-25 09:26:51.392276,20.95,384.96,30.39,39.57,32.45,Charging,Normal,-0.4634
OVN-EV-003,2026-03-25 09:26:53.543216,22.93,391.94,33.36,44.19,36.36,Charging,Normal,-0.4765
OVN-EV-002,2026-03-25 09:26:53.543216,24.79,413.49,32.26,41.71,40.95,Charging,Normal,-0.4986
OVN-EV-001,2026-03-25 09:26:54.398172,15.66,403.33,33.21,42.9,94.86,Charging,Normal,-0.4778
OVN-EV-003,2026-03-25 09:26:56.571360,21.18,386.8,32.37,36.75,83.68,Charging,Normal,-0.4658
OVN-EV-002,2026-03-25 09:26:56.571360,23.87,409.58,30.73,34.27,38.71,Charging,Normal,-0.4666
OVN-EV-001,2026-03-25 09:26:57.402853,22.87,394.3,33.08,40.25,51.01,Charging,Normal,-0.4463
OVN-EV-003,2026-03-25 09:26:59.575751,20.36,381.38,35.55,43.95,63.43,Charging,Normal,-0.5047
OVN-EV-002,2026-03-25 09:26:59.575751,24.71,409.57,30.45,34.46,65.46,Charging,Normal,-0.4936
OVN-EV-001,2026-03-25 09:27:00.410929,23.74,459.98,83.66,73.95,27.53,ANOMALY,ANOMALY,-0.6879
OVN-EV-003,2026-03-25 09:27:02.591868,20.51,406.48,32.78,36.2,81.41,Charging,Normal,-0.4483
OVN-EV-002,2026-03-25 09:27:02.591868,18.86,400.15,33.09,40.24,70.47,Charging,Normal,-0.4242
OVN-EV-001,2026-03-25 09:27:03.428360,13.33,416.28,28.99,35.7,77.07,Charging,Normal,-0.4794
OVN-EV-003,2026-03-25 09:27:05.610223,10.09,385.65,29.58,30.69,39.08,Charging,Normal,-0.5524
OVN-EV-002,2026-03-25 09:27:05.610223,23.33,410.23,29.94,30.48,92.81,Charging,Normal,-0.533
OVN-EV-001,2026-03-25 09:27:06.432664,15.48,413.45,33.82,34.27,55.89,Charging,Normal,-0.4494
OVN-EV-003,2026-03-25 09:27:08.613562,14.2,404.39,30.89,34.64,23.67,Charging,Normal,-0.4819
OVN-EV-002,2026-03-25 09:27:08.613562,14.98,394.5,29.25,36.05,90.93,Charging,Normal,-0.4801
OVN-EV-001,2026-03-25 09:27:09.448467,11.81,469.38,96.52,86.19,29.05,ANOMALY,ANOMALY,-0.7093
OVN-EV-003,2026-03-25 09:27:11.615974,13.26,399.08,30.08,31.19,88.1,Charging,Normal,-0.4975
OVN-EV-002,2026-03-25 09:27:11.615974,17.14,398.1,32.46,34.36,41.81,Charging,Normal,-0.4346
OVN-EV-001,2026-03-25 09:27:12.470317,16.22,402.95,29.85,37.92,70.16,Charging,Normal,-0.428
OVN-EV-003,2026-03-25 09:27:14.629462,11.58,396.16,34.59,39.71,46.55,Charging,Normal,-0.4707
OVN-EV-002,2026-03-25 09:27:14.633492,23.55,412.84,35.07,44.78,79.98,Charging,Normal,-0.5121
OVN-EV-001,2026-03-25 09:27:15.478109,14.49,389.34,29.48,39.59,94.22,Charging,Normal,-0.4972
OVN-EV-003,2026-03-25 09:27:17.636773,10.56,398.25,34.2,35.39,73.35,Charging,Normal,-0.4876
OVN-EV-002,2026-03-25 09:27:17.637794,20.42,392.84,33.54,43.58,86.29,Charging,Normal,-0.4766
OVN-EV-001,2026-03-25 09:27:18.470212,23.65,383.38,33.62,39.24,84.54,Charging,Normal,-0.4933
OVN-EV-003,2026-03-25 09:27:20.657108,18.24,408.91,29.73,38.59,41.9,Charging,Normal,-0.4321
OVN-EV-002,2026-03-25 09:27:20.657108,20.77,402.92,34.04,43.02,90.74,Charging,Normal,-0.4837
OVN-EV-001,2026-03-25 09:27:21.481092,24.47,396.4,35.33,34.37,45.62,Charging,Normal,-0.4914
OVN-EV-002,2026-03-25 09:27:23.673369,22.84,459.63,98.03,73.73,46.13,ANOMALY,ANOMALY,-0.6783
OVN-EV-003,2026-03-25 09:27:23.673369,24.81,413.48,33.57,32.43,93.11,Charging,Normal,-0.5514
OVN-EV-001,2026-03-25 09:27:24.488215,21.22,398.6,32.02,40.16,83.76,Charging,Normal,-0.4474
OVN-EV-002,2026-03-25 09:27:26.686783,10.15,391.43,35.09,43.87,58.9,Charging,Normal,-0.5339
OVN-EV-003,2026-03-25 09:27:26.686783,17.79,394.94,33.17,33.24,40.24,Charging,Normal,-0.4375
OVN-EV-001,2026-03-25 09:27:27.489626,12.81,384.67,35.97,32.0,65.64,Charging,Normal,-0.5088
OVN-EV-002,2026-03-25 09:27:29.688589,16.0,390.44,30.58,40.27,50.55,Charging,Normal,-0.4245
OVN-EV-003,2026-03-25 09:27:29.688589,12.55,396.99,31.45,43.71,54.12,Charging,Normal,-0.4464
OVN-EV-001,2026-03-25 09:27:30.499371,21.4,386.3,28.12,43.74,89.63,Charging,Normal,-0.5333
OVN-EV-002,2026-03-25 09:27:32.691318,23.31,383.1,31.26,30.02,64.36,Charging,Normal,-0.5121
OVN-EV-003,2026-03-25 09:27:32.691318,20.0,394.43,28.61,37.23,86.41,Charging,Normal,-0.4753
OVN-EV-001,2026-03-25 09:27:33.520327,16.32,407.4,32.79,42.93,27.8,Charging,Normal,-0.4639
OVN-EV-002,2026-03-25 09:27:35.706063,19.34,415.32,32.17,38.52,89.2,Charging,Normal,-0.4766
OVN-EV-003,2026-03-25 09:27:35.706063,11.21,394.56,30.91,41.71,85.1,Charging,Normal,-0.4819
OVN-EV-001,2026-03-25 09:27:36.520911,10.78,416.82,34.32,44.95,83.12,Charging,Normal,-0.5328
OVN-EV-002,2026-03-25 09:27:38.719143,11.24,393.28,28.95,39.17,92.92,Charging,Normal,-0.5053
OVN-EV-003,2026-03-25 09:27:38.719143,11.19,400.61,31.48,42.17,50.51,Charging,Normal,-0.461
OVN-EV-001,2026-03-25 09:27:39.528135,10.92,391.89,30.33,41.72,32.33,Charging,Normal,-0.4953
OVN-EV-002,2026-03-25 09:27:41.720964,16.93,419.43,31.79,35.91,22.0,Charging,Normal,-0.5028
OVN-EV-003,2026-03-25 09:27:41.720964,11.42,387.51,28.47,41.17,59.44,Charging,Normal,-0.4839
OVN-EV-001,2026-03-25 09:27:42.547353,15.57,470.04,95.28,84.2,56.76,ANOMALY,ANOMALY,-0.6605
OVN-EV-003,2026-03-25 09:27:44.730613,15.24,381.24,32.43,34.65,61.31,Charging,Normal,-0.459
OVN-EV-002,2026-03-25 09:27:44.730613,17.64,413.94,32.68,34.58,89.78,Charging,Normal,-0.4622
OVN-EV-001,2026-03-25 09:27:45.555609,12.84,383.78,31.28,32.04,51.38,Charging,Normal,-0.4852
OVN-EV-003,2026-03-25 09:27:47.750701,10.41,400.64,35.94,39.27,67.05,Charging,Normal,-0.5119
OVN-EV-002,2026-03-25 09:27:47.750701,22.2,387.06,34.48,38.5,65.44,Charging,Normal,-0.4474
OVN-EV-001,2026-03-25 09:27:48.548816,11.62,409.54,35.03,36.84,72.09,Charging,Normal,-0.4792
OVN-EV-003,2026-03-25 09:27:50.762276,14.27,411.99,30.24,43.12,82.39,Charging,Normal,-0.4624
OVN-EV-002,2026-03-25 09:27:50.762276,12.12,407.51,34.15,41.51,40.12,Charging,Normal,-0.454
OVN-EV-001,2026-03-25 09:27:51.549044,24.95,408.29,35.46,34.14,90.76,Charging,Normal,-0.5525
OVN-EV-003,2026-03-25 09:27:53.781219,23.01,391.77,30.93,30.12,64.14,Charging,Normal,-0.4926
OVN-EV-002,2026-03-25 09:27:53.781219,22.81,399.0,29.18,41.35,40.08,Charging,Normal,-0.454
OVN-EV-001,2026-03-25 09:27:54.558071,11.95,416.36,28.4,38.42,87.38,Charging,Normal,-0.5105
OVN-EV-003,2026-03-25 09:27:56.784816,16.48,412.87,29.35,38.14,47.76,Charging,Normal,-0.4424
OVN-EV-002,2026-03-25 09:27:56.784816,21.51,385.02,30.84,37.69,92.34,Charging,Normal,-0.5045
OVN-EV-001,2026-03-25 09:27:57.581788,23.7,419.85,28.39,33.3,57.77,Charging,Normal,-0.5218
OVN-EV-003,2026-03-25 09:27:59.798610,16.83,391.67,33.42,37.67,70.92,Charging,Normal,-0.434
OVN-EV-002,2026-03-25 09:27:59.798610,10.01,382.19,28.46,41.54,62.35,Charging,Normal,-0.5325
OVN-EV-001,2026-03-25 09:28:00.592536,16.98,464.59,88.99,87.34,33.68,ANOMALY,ANOMALY,-0.6883
OVN-EV-003,2026-03-25 09:28:02.798223,20.28,384.47,30.87,39.02,52.01,Charging,Normal,-0.4558
OVN-EV-002,2026-03-25 09:28:02.798223,14.92,401.2,32.9,37.2,33.25,Charging,Normal,-0.4368
OVN-EV-001,2026-03-25 09:28:03.605272,10.28,452.95,95.2,78.46,56.2,ANOMALY,ANOMALY,-0.6839
OVN-EV-003,2026-03-25 09:28:05.800169,16.23,411.2,30.39,39.79,51.52,Charging,Normal,-0.4361
OVN-EV-002,2026-03-25 09:28:05.800169,23.55,418.61,30.77,31.26,51.42,Charging,Normal,-0.4987
OVN-EV-001,2026-03-25 09:28:06.621753,14.97,386.94,31.67,44.39,90.57,Charging,Normal,-0.4932
OVN-EV-003,2026-03-25 09:28:08.814014,19.19,399.68,28.0,35.64,66.81,Charging,Normal,-0.4605
OVN-EV-002,2026-03-25 09:28:08.814014,24.74,410.78,31.07,41.11,25.53,Charging,Normal,-0.5162
OVN-EV-001,2026-03-25 09:28:09.638035,19.71,392.37,32.82,30.87,32.52,Charging,Normal,-0.4808
OVN-EV-003,2026-03-25 09:28:11.817345,21.88,484.28,94.25,78.69,27.71,ANOMALY,ANOMALY,-0.6958
OVN-EV-002,2026-03-25 09:28:11.817345,13.14,403.79,33.32,40.8,62.61,Charging,Normal,-0.4378
OVN-EV-001,2026-03-25 09:28:12.658279,16.85,408.72,31.41,40.21,90.88,Charging,Normal,-0.4706
OVN-EV-003,2026-03-25 09:28:14.821834,10.48,383.77,35.95,30.45,56.69,Charging,Normal,-0.5646
OVN-EV-002,2026-03-25 09:28:14.821834,21.95,408.25,35.9,40.71,43.22,Charging,Normal,-0.4898
OVN-EV-001,2026-03-25 09:28:15.674825,17.73,417.07,32.96,31.93,69.76,Charging,Normal,-0.4681
OVN-EV-003,2026-03-25 09:28:17.821366,11.68,415.06,32.63,41.39,35.31,Charging,Normal,-0.4829
OVN-EV-002,2026-03-25 09:28:17.821366,18.89,410.71,33.5,36.14,92.11,Charging,Normal,-0.4667
OVN-EV-001,2026-03-25 09:28:18.690550,24.79,387.02,28.66,34.81,55.37,Charging,Normal,-0.4977
OVN-EV-003,2026-03-25 09:28:20.823483,24.02,407.19,31.98,33.21,93.55,Charging,Normal,-0.5153
OVN-EV-002,2026-03-25 09:28:20.823483,24.82,467.92,82.42,79.88,79.11,ANOMALY,ANOMALY,-0.6809
OVN-EV-001,2026-03-25 09:28:21.696342,24.36,408.4,35.39,38.97,66.22,Charging,Normal,-0.4858
OVN-EV-002,2026-03-25 09:28:23.844226,14.42,419.57,33.82,44.69,46.95,Charging,Normal,-0.4898
OVN-EV-003,2026-03-25 09:28:23.844226,13.45,410.9,34.43,41.2,56.12,Charging,Normal,-0.4416
OVN-EV-001,2026-03-25 09:28:24.707208,12.86,406.4,29.87,40.35,84.75,Charging,Normal,-0.4655
OVN-EV-002,2026-03-25 09:28:26.852927,21.94,385.31,30.43,36.34,64.23,Charging,Normal,-0.4604
OVN-EV-003,2026-03-25 09:28:26.852927,18.35,407.5,30.43,35.44,72.39,Charging,Normal,-0.4402
OVN-EV-001,2026-03-25 09:28:27.715543,10.8,455.74,92.96,87.76,81.34,ANOMALY,ANOMALY,-0.697
OVN-EV-002,2026-03-25 09:28:29.845080,13.34,414.51,35.49,40.32,68.82,Charging,Normal,-0.4787
OVN-EV-003,2026-03-25 09:28:29.845080,11.64,392.35,35.53,42.42,94.14,Charging,Normal,-0.534
OVN-EV-001,2026-03-25 09:28:30.733774,17.07,380.03,31.76,36.17,25.75,Charging,Normal,-0.4819
OVN-EV-002,2026-03-25 09:28:32.848386,11.21,419.23,33.97,39.57,54.36,Charging,Normal,-0.4995
OVN-EV-003,2026-03-25 09:28:32.848386,20.02,390.89,34.59,39.26,66.0,Charging,Normal,-0.4434
OVN-EV-001,2026-03-25 09:28:33.743159,15.03,390.29,34.77,42.9,84.18,Charging,Normal,-0.4705
OVN-EV-002,2026-03-25 09:28:35.867899,18.34,403.98,30.08,31.65,32.59,Charging,Normal,-0.4683
OVN-EV-003,2026-03-25 09:28:35.867899,16.84,392.16,33.31,44.28,90.16,Charging,Normal,-0.4824
OVN-EV-001,2026-03-25 09:28:36.753534,24.13,397.97,34.84,33.81,33.67,Charging,Normal,-0.4995
OVN-EV-002,2026-03-25 09:28:38.873101,14.45,410.25,35.47,41.43,25.55,Charging,Normal,-0.4793
OVN-EV-003,2026-03-25 09:28:38.873101,18.55,394.79,33.94,37.19,50.85,Charging,Normal,-0.4278
OVN-EV-001,2026-03-25 09:28:39.759935,12.58,405.9,32.59,37.63,86.88,Charging,Normal,-0.4657
OVN-EV-002,2026-03-25 09:28:41.880795,19.48,386.03,33.59,33.31,43.88,Charging,Normal,-0.4656
OVN-EV-003,2026-03-25 09:28:41.880795,24.63,416.05,29.3,37.01,69.12,Charging,Normal,-0.4996
OVN-EV-001,2026-03-25 09:28:42.776866,11.94,403.98,29.5,37.07,45.16,Charging,Normal,-0.4433
OVN-EV-003,2026-03-25 09:28:44.880828,17.03,383.47,30.83,38.71,81.81,Charging,Normal,-0.4549
OVN-EV-002,2026-03-25 09:28:44.880828,10.12,394.36,31.41,33.01,37.6,Charging,Normal,-0.508
OVN-EV-001,2026-03-25 09:28:45.790539,18.59,417.01,28.24,40.32,61.96,Charging,Normal,-0.4635
OVN-EV-003,2026-03-25 09:28:47.891922,20.38,397.47,34.99,42.63,39.88,Charging,Normal,-0.4634
OVN-EV-002,2026-03-25 09:28:47.891922,16.17,401.95,30.49,33.45,81.22,Charging,Normal,-0.4435
OVN-EV-001,2026-03-25 09:28:48.792365,15.87,391.08,32.7,37.72,53.94,Charging,Normal,-0.4321
OVN-EV-003,2026-03-25 09:28:50.892690,12.02,399.33,31.86,43.91,40.27,Charging,Normal,-0.4737
OVN-EV-002,2026-03-25 09:28:50.892690,18.19,383.92,29.4,30.77,57.92,Charging,Normal,-0.4734
OVN-EV-001,2026-03-25 09:28:51.812366,24.98,388.51,35.59,38.89,56.92,Charging,Normal,-0.5087
OVN-EV-003,2026-03-25 09:28:53.900376,18.86,385.01,34.9,41.76,49.4,Charging,Normal,-0.4661
OVN-EV-002,2026-03-25 09:28:53.900376,10.96,410.04,29.0,31.72,78.41,Charging,Normal,-0.5057
OVN-EV-001,2026-03-25 09:28:54.809948,16.2,394.28,30.94,43.29,30.17,Charging,Normal,-0.4644
OVN-EV-003,2026-03-25 09:28:56.905005,20.29,417.66,34.27,33.3,59.48,Charging,Normal,-0.4712
OVN-EV-002,2026-03-25 09:28:56.905005,12.21,397.71,33.77,40.48,26.95,Charging,Normal,-0.4755
OVN-EV-001,2026-03-25 09:28:57.813800,14.71,393.77,29.58,43.47,24.46,Charging,Normal,-0.4849
OVN-EV-003,2026-03-25 09:28:59.910397,22.48,408.62,34.27,42.62,65.63,Charging,Normal,-0.4615
OVN-EV-002,2026-03-25 09:28:59.910397,21.08,409.64,31.88,33.86,55.55,Charging,Normal,-0.4463
OVN-EV-001,2026-03-25 09:29:00.831698,19.93,386.04,32.17,39.55,58.75,Charging,Normal,-0.4408
OVN-EV-003,2026-03-25 09:29:02.914822,22.16,412.35,30.35,40.18,46.83,Charging,Normal,-0.4561
OVN-EV-002,2026-03-25 09:29:02.914822,21.28,413.09,31.07,36.42,68.11,Charging,Normal,-0.4509
OVN-EV-001,2026-03-25 09:29:03.832678,12.12,392.78,30.38,37.29,94.18,Charging,Normal,-0.4993
OVN-EV-003,2026-03-25 09:29:05.914125,11.96,404.9,30.9,36.82,61.58,Charging,Normal,-0.4447
OVN-EV-002,2026-03-25 09:29:05.914125,11.96,413.81,34.13,38.22,51.02,Charging,Normal,-0.4693
OVN-EV-001,2026-03-25 09:29:06.850686,24.91,402.73,34.76,43.87,39.66,Charging,Normal,-0.5204
OVN-EV-003,2026-03-25 09:29:08.916917,22.25,398.48,35.63,43.85,50.19,Charging,Normal,-0.4793
OVN-EV-002,2026-03-25 09:29:08.916917,12.13,411.78,34.87,40.63,39.12,Charging,Normal,-0.4747
OVN-EV-001,2026-03-25 09:29:09.852935,16.23,411.71,34.2,33.45,88.64,Charging,Normal,-0.4744
OVN-EV-003,2026-03-25 09:29:11.937530,11.27,394.29,35.57,44.74,39.65,Charging,Normal,-0.516
OVN-EV-002,2026-03-25 09:29:11.937530,11.23,416.02,32.5,40.48,51.14,Charging,Normal,-0.4926
OVN-EV-001,2026-03-25 09:29:12.856840,23.89,401.08,35.79,33.18,90.32,Charging,Normal,-0.512
OVN-EV-003,2026-03-25 09:29:14.940739,12.22,419.91,35.38,42.12,46.97,Charging,Normal,-0.5056
OVN-EV-002,2026-03-25 09:29:14.940739,16.89,411.8,28.17,40.06,39.9,Charging,Normal,-0.4793
OVN-EV-001,2026-03-25 09:29:15.868259,22.91,456.58,89.73,79.84,53.85,ANOMALY,Normal,-0.644
OVN-EV-003,2026-03-25 09:29:17.948225,16.05,387.56,31.64,42.76,58.92,Charging,Normal,-0.4502
OVN-EV-002,2026-03-25 09:29:17.948225,16.5,412.25,31.64,35.82,80.2,Charging,Normal,-0.4444
OVN-EV-001,2026-03-25 09:29:18.857029,24.56,390.5,30.0,40.91,30.11,Charging,Normal,-0.4958
OVN-EV-003,2026-03-25 09:29:20.954589,17.3,417.82,30.6,39.3,28.26,Charging,Normal,-0.4827
OVN-EV-002,2026-03-25 09:29:20.954589,10.32,406.34,29.17,39.51,29.57,Charging,Normal,-0.5038
OVN-EV-001,2026-03-25 09:29:21.871927,11.21,418.87,35.32,37.83,77.54,Charging,Normal,-0.5066
OVN-EV-002,2026-03-25 09:29:23.971886,18.19,386.85,34.77,38.36,49.22,Charging,Normal,-0.4566
OVN-EV-003,2026-03-25 09:29:23.971886,11.77,392.03,33.17,34.25,91.29,Charging,Normal,-0.4864
OVN-EV-001,2026-03-25 09:29:24.892006,12.57,419.41,32.63,41.6,40.3,Charging,Normal,-0.4883
OVN-EV-002,2026-03-25 09:29:26.975536,10.96,380.31,35.13,30.58,51.76,Charging,Normal,-0.5456
OVN-EV-003,2026-03-25 09:29:26.975536,18.61,401.33,30.93,31.59,48.8,Charging,Normal,-0.4435
OVN-EV-001,2026-03-25 09:29:27.910404,17.61,400.8,35.37,39.1,47.66,Charging,Normal,-0.4418
OVN-EV-002,2026-03-25 09:29:29.990628,15.91,413.76,29.09,34.21,65.44,Charging,Normal,-0.4441
OVN-EV-003,2026-03-25 09:29:29.990628,10.29,391.74,34.89,44.91,49.97,Charging,Normal,-0.5218
OVN-EV-001,2026-03-25 09:29:30.918205,17.96,482.32,95.55,86.17,25.96,ANOMALY,ANOMALY,-0.6885
OVN-EV-002,2026-03-25 09:29:32.990085,18.83,392.79,33.65,44.85,69.38,Charging,Normal,-0.4638
OVN-EV-003,2026-03-25 09:29:32.990085,13.39,406.16,32.66,40.78,28.72,Charging,Normal,-0.4614
OVN-EV-001,2026-03-25 09:29:33.934597,10.2,451.52,94.49,83.75,85.75,ANOMALY,ANOMALY,-0.6937
OVN-EV-002,2026-03-25 09:29:35.996756,10.67,406.79,34.44,30.72,49.43,Charging,Normal,-0.5172
OVN-EV-003,2026-03-25 09:29:35.996756,21.86,404.24,28.6,42.14,86.98,Charging,Normal,-0.489
OVN-EV-001,2026-03-25 09:29:36.948288,16.12,397.56,31.68,44.43,46.13,Charging,Normal,-0.4508
OVN-EV-002,2026-03-25 09:29:39.004150,16.47,408.26,33.02,34.93,80.99,Charging,Normal,-0.4447
OVN-EV-003,2026-03-25 09:29:39.004150,13.36,411.6,33.84,35.06,67.29,Charging,Normal,-0.4441
OVN-EV-001,2026-03-25 09:29:39.973553,23.12,388.28,35.79,38.54,65.85,Charging,Normal,-0.4834
OVN-EV-002,2026-03-25 09:29:42.008634,24.06,403.4,31.47,36.24,20.21,Charging,Normal,-0.4997
OVN-EV-003,2026-03-25 09:29:42.008634,16.44,385.54,28.15,43.08,72.5,Charging,Normal,-0.4916
OVN-EV-001,2026-03-25 09:29:42.974895,13.4,414.67,33.17,44.07,81.86,Charging,Normal,-0.4982
OVN-EV-002,2026-03-25 09:29:45.008508,13.91,406.46,33.59,40.78,81.67,Charging,Normal,-0.4558
OVN-EV-003,2026-03-25 09:29:45.008508,21.21,403.38,35.06,37.23,28.59,Charging,Normal,-0.4864
OVN-EV-001,2026-03-25 09:29:45.982853,21.26,382.33,29.56,42.3,30.19,Charging,Normal,-0.4811
OVN-EV-002,2026-03-25 09:29:48.001101,23.1,499.7,80.49,84.55,80.11,ANOMALY,ANOMALY,-0.7043
OVN-EV-003,2026-03-25 09:29:48.001101,24.25,395.47,34.93,31.86,26.48,Charging,Normal,-0.5263
OVN-EV-001,2026-03-25 09:29:48.997010,14.28,409.52,33.7,30.0,63.34,Charging,Normal,-0.4786
OVN-EV-002,2026-03-25 09:29:51.002969,17.27,396.39,30.95,44.59,26.79,Charging,Normal,-0.4797
OVN-EV-003,2026-03-25 09:29:51.002969,24.75,407.01,29.73,38.83,81.5,Charging,Normal,-0.5016
OVN-EV-001,2026-03-25 09:29:52.018727,17.03,412.5,28.37,34.11,23.84,Charging,Normal,-0.5001
OVN-EV-002,2026-03-25 09:29:54.004307,24.16,385.23,34.0,30.53,24.13,Charging,Normal,-0.5457
OVN-EV-003,2026-03-25 09:29:54.004307,12.41,392.11,30.11,36.78,62.88,Charging,Normal,-0.4567
OVN-EV-001,2026-03-25 09:29:55.025801,24.96,414.69,29.31,43.39,23.79,Charging,Normal,-0.5415
OVN-EV-002,2026-03-25 09:29:57.000123,21.08,402.05,29.4,33.7,36.8,Charging,Normal,-0.4657
OVN-EV-003,2026-03-25 09:29:57.000123,15.4,392.38,34.26,34.01,64.18,Charging,Normal,-0.4355
OVN-EV-001,2026-03-25 09:29:58.033583,13.4,416.29,30.32,42.85,52.06,Charging,Normal,-0.4714
OVN-EV-002,2026-03-25 09:30:00.007863,18.2,395.06,28.21,30.88,38.77,Charging,Normal,-0.4941
OVN-EV-003,2026-03-25 09:30:00.007863,14.0,383.73,35.9,34.74,69.04,Charging,Normal,-0.4965
OVN-EV-001,2026-03-25 09:30:01.043050,17.85,417.83,32.29,36.04,56.83,Charging,Normal,-0.4493
OVN-EV-002,2026-03-25 09:30:02.996719,11.86,386.79,32.49,32.83,93.4,Charging,Normal,-0.5184
OVN-EV-003,2026-03-25 09:30:02.996719,18.35,385.49,35.11,38.26,39.63,Charging,Normal,-0.4764
OVN-EV-001,2026-03-25 09:30:04.049136,10.46,414.98,31.11,37.15,65.07,Charging,Normal,-0.487
OVN-EV-003,2026-03-25 09:30:06.017727,23.8,407.16,29.52,30.2,22.74,Charging,Normal,-0.5392
OVN-EV-002,2026-03-25 09:30:06.017727,14.58,399.67,30.09,36.07,26.27,Charging,Normal,-0.4633
OVN-EV-001,2026-03-25 09:30:07.051341,19.32,405.73,35.24,44.92,22.7,Charging,Normal,-0.5338
OVN-EV-003,2026-03-25 09:30:09.023649,13.12,394.29,28.92,34.6,26.32,Charging,Normal,-0.4813
OVN-EV-002,2026-03-25 09:30:09.023649,16.23,417.56,34.93,31.51,58.99,Charging,Normal,-0.4987
OVN-EV-001,2026-03-25 09:30:10.058253,15.28,404.86,30.17,36.73,66.46,Charging,Normal,-0.4213
OVN-EV-003,2026-03-25 09:30:12.015955,16.07,470.03,85.91,87.32,30.51,ANOMALY,ANOMALY,-0.6738
OVN-EV-002,2026-03-25 09:30:12.015955,19.72,398.05,30.56,38.11,50.61,Charging,Normal,-0.4242
OVN-EV-001,2026-03-25 09:30:13.065373,14.06,380.85,30.63,44.75,92.34,Charging,Normal,-0.528
OVN-EV-003,2026-03-25 09:30:15.035624,23.6,382.92,31.87,35.99,23.36,Charging,Normal,-0.4919
OVN-EV-002,2026-03-25 09:30:15.035624,16.52,393.37,30.23,30.15,40.81,Charging,Normal,-0.4879
OVN-EV-001,2026-03-25 09:30:16.071212,19.09,468.29,91.57,76.0,48.84,ANOMALY,Normal,-0.6497
OVN-EV-003,2026-03-25 09:30:18.042186,21.37,393.14,29.61,30.26,32.55,Charging,Normal,-0.521
OVN-EV-002,2026-03-25 09:30:18.042186,13.74,385.73,35.94,32.17,24.9,Charging,Normal,-0.5298
OVN-EV-001,2026-03-25 09:30:19.061610,11.57,403.24,28.91,33.61,89.91,Charging,Normal,-0.5084
OVN-EV-003,2026-03-25 09:30:21.053325,22.02,402.23,35.11,37.05,76.03,Charging,Normal,-0.4624
OVN-EV-002,2026-03-25 09:30:21.053325,22.46,489.31,98.16,83.16,66.11,ANOMALY,ANOMALY,-0.6896
OVN-EV-001,2026-03-25 09:30:22.073033,20.12,393.07,30.29,38.46,92.34,Charging,Normal,-0.475
OVN-EV-002,2026-03-25 09:30:24.057242,19.43,469.71,87.34,79.94,46.69,ANOMALY,Normal,-0.645
OVN-EV-003,2026-03-25 09:30:24.057242,18.05,382.42,34.9,37.28,65.74,Charging,Normal,-0.4619
OVN-EV-001,2026-03-25 09:30:25.089582,18.04,383.27,35.91,42.59,25.03,Charging,Normal,-0.5344
OVN-EV-002,2026-03-25 09:30:27.059513,16.64,408.95,35.99,31.55,94.52,Charging,Normal,-0.5491
OVN-EV-003,2026-03-25 09:30:27.059513,17.44,415.32,35.16,33.39,90.04,Charging,Normal,-0.512
OVN-EV-001,2026-03-25 09:30:28.107535,11.32,384.3,35.01,34.93,41.24,Charging,Normal,-0.5028
OVN-EV-002,2026-03-25 09:30:30.080174,15.07,414.59,30.71,36.35,69.97,Charging,Normal,-0.4305
OVN-EV-003,2026-03-25 09:30:30.080174,12.12,412.32,28.11,42.92,92.3,Charging,Normal,-0.5268
OVN-EV-001,2026-03-25 09:30:31.117444,18.63,417.57,29.22,32.74,84.79,Charging,Normal,-0.4791
OVN-EV-002,2026-03-25 09:30:33.097893,14.21,494.5,90.37,74.97,30.41,ANOMALY,ANOMALY,-0.6891
OVN-EV-003,2026-03-25 09:30:33.097893,11.64,409.41,31.19,37.71,51.87,Charging,Normal,-0.4609
OVN-EV-001,2026-03-25 09:30:34.120427,14.65,386.06,29.38,40.93,62.8,Charging,Normal,-0.4596
OVN-EV-002,2026-03-25 09:30:36.097859,22.86,399.11,35.43,38.0,93.42,Charging,Normal,-0.5063
OVN-EV-003,2026-03-25 09:30:36.097859,10.79,397.85,35.6,38.75,64.49,Charging,Normal,-0.4976
OVN-EV-001,2026-03-25 09:30:37.143180,13.33,401.93,33.13,44.66,56.3,Charging,Normal,-0.4581
OVN-EV-002,2026-03-25 09:30:39.097738,14.37,392.57,29.64,42.26,62.38,Charging,Normal,-0.4471
OVN-EV-003,2026-03-25 09:30:39.097738,19.07,416.52,31.46,40.17,37.5,Charging,Normal,-0.4576
OVN-EV-001,2026-03-25 09:30:40.158512,16.35,384.39,35.77,31.76,81.86,Charging,Normal,-0.5094
OVN-EV-002,2026-03-25 09:30:42.107258,20.09,410.79,34.51,35.08,67.48,Charging,Normal,-0.4377
OVN-EV-003,2026-03-25 09:30:42.107258,21.32,384.34,33.2,40.07,85.97,Charging,Normal,-0.4669
OVN-EV-001,2026-03-25 09:30:43.170303,20.78,387.76,29.02,30.61,67.35,Charging,Normal,-0.4857
OVN-EV-002,2026-03-25 09:30:45.118262,18.61,390.61,29.92,39.96,37.79,Charging,Normal,-0.4398
OVN-EV-003,2026-03-25 09:30:45.118262,23.09,456.9,81.9,83.46,90.33,ANOMALY,ANOMALY,-0.6931
OVN-EV-001,2026-03-25 09:30:46.185569,12.94,395.49,35.37,38.12,49.11,Charging,Normal,-0.4659
OVN-EV-002,2026-03-25 09:30:48.111268,14.69,405.12,31.91,30.93,81.38,Charging,Normal,-0.4727
OVN-EV-003,2026-03-25 09:30:48.111268,19.38,405.46,29.0,35.54,40.94,Charging,Normal,-0.4471
OVN-EV-001,2026-03-25 09:30:49.203437,12.23,409.59,35.36,37.58,42.04,Charging,Normal,-0.4716
OVN-EV-002,2026-03-25 09:30:51.123993,15.01,409.65,33.19,34.49,32.32,Charging,Normal,-0.4465
OVN-EV-003,2026-03-25 09:30:51.123993,17.55,392.69,35.17,32.08,36.67,Charging,Normal,-0.4801
OVN-EV-001,2026-03-25 09:30:52.215472,13.74,416.76,32.22,44.32,44.57,Charging,Normal,-0.4831
OVN-EV-002,2026-03-25 09:30:54.128363,19.32,385.84,32.39,36.18,57.99,Charging,Normal,-0.4319
OVN-EV-003,2026-03-25 09:30:54.128363,11.77,417.83,30.14,39.05,57.46,Charging,Normal,-0.4896
OVN-EV-001,2026-03-25 09:30:55.236000,19.49,412.4,30.85,38.27,28.59,Charging,Normal,-0.4653
OVN-EV-002,2026-03-25 09:30:57.135468,19.13,399.47,28.41,31.12,46.17,Charging,Normal,-0.4766
OVN-EV-003,2026-03-25 09:30:57.135468,22.79,382.9,30.83,38.74,81.36,Charging,Normal,-0.4703
OVN-EV-001,2026-03-25 09:30:58.234666,15.47,453.83,84.88,71.28,86.89,ANOMALY,ANOMALY,-0.6849
OVN-EV-002,2026-03-25 09:31:00.150907,23.87,407.45,34.21,30.65,77.54,Charging,Normal,-0.5036
OVN-EV-003,2026-03-25 09:31:00.150907,12.5,471.48,85.79,76.31,76.92,ANOMALY,ANOMALY,-0.6656
OVN-EV-001,2026-03-25 09:31:01.242303,19.99,399.45,28.56,35.72,76.48,Charging,Normal,-0.4599
OVN-EV-003,2026-03-25 09:31:03.156330,15.71,499.22,87.64,76.7,61.67,ANOMALY,ANOMALY,-0.6601
OVN-EV-002,2026-03-25 09:31:03.156330,21.13,403.15,33.01,39.63,44.02,Charging,Normal,-0.4346
OVN-EV-001,2026-03-25 09:31:04.249240,23.84,473.75,83.59,89.34,38.49,ANOMALY,ANOMALY,-0.695
OVN-EV-003,2026-03-25 09:31:06.164386,13.03,408.68,28.19,39.01,94.51,Charging,Normal,-0.5061
OVN-EV-002,2026-03-25 09:31:06.164386,19.99,414.91,34.57,35.24,55.75,Charging,Normal,-0.4547
OVN-EV-001,2026-03-25 09:31:07.263015,14.44,382.43,34.11,39.22,92.73,Charging,Normal,-0.5095
OVN-EV-003,2026-03-25 09:31:09.155087,11.71,475.2,98.5,87.23,46.98,ANOMALY,ANOMALY,-0.6868
OVN-EV-002,2026-03-25 09:31:09.156116,12.37,383.96,29.92,38.82,65.31,Charging,Normal,-0.466
OVN-EV-001,2026-03-25 09:31:10.269504,21.39,417.59,34.52,31.11,37.98,Charging,Normal,-0.5086
OVN-EV-003,2026-03-25 09:31:12.162846,11.44,393.32,34.54,32.59,30.07,Charging,Normal,-0.4993
OVN-EV-002,2026-03-25 09:31:12.162846,11.88,392.05,31.34,33.79,58.38,Charging,Normal,-0.4516
OVN-EV-001,2026-03-25 09:31:13.280926,14.79,389.94,30.53,36.49,61.78,Charging,Normal,-0.4294
OVN-EV-003,2026-03-25 09:31:15.166812,13.89,472.02,92.94,87.07,23.76,ANOMALY,ANOMALY,-0.6911
OVN-EV-002,2026-03-25 09:31:15.166812,21.51,414.32,35.31,41.82,33.01,Charging,Normal,-0.4953
OVN-EV-001,2026-03-25 09:31:16.282120,24.83,408.06,32.46,41.09,57.3,Charging,Normal,-0.4791
OVN-EV-003,2026-03-25 09:31:18.187563,17.28,394.74,33.18,43.08,82.3,Charging,Normal,-0.4491
OVN-EV-002,2026-03-25 09:31:18.188570,16.47,418.35,35.16,31.86,72.8,Charging,Normal,-0.5003
OVN-EV-001,2026-03-25 09:31:19.285346,24.15,381.68,32.6,40.09,57.69,Charging,Normal,-0.4852
OVN-EV-003,2026-03-25 09:31:21.198276,24.72,398.55,35.56,42.32,91.03,Charging,Normal,-0.52
OVN-EV-002,2026-03-25 09:31:21.198276,10.1,450.98,86.89,74.0,67.3,ANOMALY,ANOMALY,-0.6993
OVN-EV-001,2026-03-25 09:31:22.291019,17.05,419.07,33.74,34.47,93.3,Charging,Normal,-0.5061
OVN-EV-002,2026-03-25 09:31:24.208639,21.71,419.89,28.15,41.83,50.9,Charging,Normal,-0.5113
OVN-EV-003,2026-03-25 09:31:24.208639,24.4,383.82,34.58,36.47,25.14,Charging,Normal,-0.5277
OVN-EV-001,2026-03-25 09:31:25.318320,15.69,405.94,29.51,43.95,64.54,Charging,Normal,-0.445
OVN-EV-002,2026-03-25 09:31:27.220963,18.58,405.53,34.95,35.17,27.55,Charging,Normal,-0.4715
OVN-EV-003,2026-03-25 09:31:27.220963,17.51,406.48,30.42,38.37,82.04,Charging,Normal,-0.4484
OVN-EV-001,2026-03-25 09:31:28.316048,10.46,410.89,29.02,38.08,78.15,Charging,Normal,-0.5014
OVN-EV-002,2026-03-25 09:31:30.233389,16.59,384.95,29.45,38.07,93.37,Charging,Normal,-0.4896
OVN-EV-003,2026-03-25 09:31:30.233389,11.41,413.87,34.27,34.95,59.56,Charging,Normal,-0.467
OVN-EV-001,2026-03-25 09:31:31.312772,11.64,413.52,31.89,40.32,57.6,Charging,Normal,-0.4693
OVN-EV-002,2026-03-25 09:31:33.241759,22.86,415.39,35.93,44.09,41.29,Charging,Normal,-0.5381
OVN-EV-003,2026-03-25 09:31:33.241759,22.64,399.22,33.56,37.95,39.1,Charging,Normal,-0.4565
OVN-EV-001,2026-03-25 09:31:34.323807,13.49,391.14,30.29,42.34,84.48,Charging,Normal,-0.46
OVN-EV-002,2026-03-25 09:31:36.234180,21.32,483.54,86.83,83.55,92.12,ANOMALY,ANOMALY,-0.6852
OVN-EV-003,2026-03-25 09:31:36.236193,10.81,419.87,31.07,40.57,63.59,Charging,Normal,-0.5047
OVN-EV-001,2026-03-25 09:31:37.334377,10.13,407.48,32.22,36.47,49.37,Charging,Normal,-0.4945
OVN-EV-002,2026-03-25 09:31:39.244283,20.86,406.95,33.12,41.76,38.25,Charging,Normal,-0.4394
OVN-EV-003,2026-03-25 09:31:39.244283,16.0,386.63,34.52,33.84,75.95,Charging,Normal,-0.4726
OVN-EV-001,2026-03-25 09:31:40.325813,17.98,419.53,35.48,38.82,70.06,Charging,Normal,-0.4799
OVN-EV-002,2026-03-25 09:31:42.261016,18.17,415.94,29.43,33.33,60.77,Charging,Normal,-0.4593
OVN-EV-003,2026-03-25 09:31:42.261016,22.9,418.95,34.07,31.02,63.25,Charging,Normal,-0.5037
OVN-EV-001,2026-03-25 09:31:43.342493,15.06,385.79,29.31,34.05,94.92,Charging,Normal,-0.5129
OVN-EV-002,2026-03-25 09:31:45.274916,19.5,403.84,30.84,40.94,26.04,Charging,Normal,-0.4545
OVN-EV-003,2026-03-25 09:31:45.274916,18.97,415.66,33.73,34.27,66.01,Charging,Normal,-0.4572
OVN-EV-001,2026-03-25 09:31:46.369469,18.74,398.86,32.84,43.21,58.71,Charging,Normal,-0.4417
OVN-EV-002,2026-03-25 09:31:48.276963,23.02,385.72,28.38,32.73,74.92,Charging,Normal,-0.5042
OVN-EV-003,2026-03-25 09:31:48.276963,19.59,491.54,97.68,73.64,24.46,ANOMALY,ANOMALY,-0.6993
OVN-EV-001,2026-03-25 09:31:49.380450,10.48,380.56,30.88,31.6,22.72,Charging,Normal,-0.5623
OVN-EV-002,2026-03-25 09:31:51.285721,18.45,382.71,28.55,34.54,28.05,Charging,Normal,-0.4935
OVN-EV-003,2026-03-25 09:31:51.285721,23.3,415.22,35.59,40.9,39.12,Charging,Normal,-0.484
OVN-EV-001,2026-03-25 09:31:52.396877,19.54,397.0,35.25,38.11,91.29,Charging,Normal,-0.4728
OVN-EV-002,2026-03-25 09:31:54.301478,20.9,456.78,94.98,83.03,54.8,ANOMALY,ANOMALY,-0.6616
OVN-EV-003,2026-03-25 09:31:54.301478,23.77,384.74,28.4,41.06,23.74,Charging,Normal,-0.5323
OVN-EV-001,2026-03-25 09:31:55.399297,10.68,406.08,35.55,32.87,71.94,Charging,Normal,-0.5055
OVN-EV-002,2026-03-25 09:31:57.307682,15.15,416.45,30.35,39.74,64.49,Charging,Normal,-0.4542
OVN-EV-003,2026-03-25 09:31:57.307682,19.53,403.45,28.88,41.08,29.78,Charging,Normal,-0.4682
OVN-EV-001,2026-03-25 09:31:58.391520,19.42,393.57,35.46,42.98,71.72,Charging,Normal,-0.4672
OVN-EV-002,2026-03-25 09:32:00.313619,16.26,399.22,35.07,42.01,89.31,Charging,Normal,-0.4744
OVN-EV-003,2026-03-25 09:32:00.313619,15.15,409.05,28.32,36.98,85.76,Charging,Normal,-0.4702
OVN-EV-001,2026-03-25 09:32:01.397780,14.42,392.06,29.77,43.97,43.69,Charging,Normal,-0.4507
OVN-EV-003,2026-03-25 09:32:03.318915,22.12,417.1,33.41,31.81,59.09,Charging,Normal,-0.4733
OVN-EV-002,2026-03-25 09:32:03.318915,21.23,398.09,29.73,43.0,31.82,Charging,Normal,-0.4597
OVN-EV-001,2026-03-25 09:32:04.402461,11.13,389.15,35.47,39.61,46.9,Charging,Normal,-0.4822
OVN-EV-003,2026-03-25 09:32:06.319221,23.26,403.23,31.57,32.73,66.58,Charging,Normal,-0.4514
OVN-EV-002,2026-03-25 09:32:06.319537,15.67,400.71,34.34,32.88,54.61,Charging,Normal,-0.4361
OVN-EV-001,2026-03-25 09:32:07.431047,24.51,407.99,33.6,36.67,45.12,Charging,Normal,-0.4611
OVN-EV-003,2026-03-25 09:32:09.335084,22.4,402.53,28.25,38.71,85.02,Charging,Normal,-0.4759
OVN-EV-002,2026-03-25 09:32:09.335084,23.49,407.12,28.78,30.74,35.81,Charging,Normal,-0.4964
OVN-EV-001,2026-03-25 09:32:10.427589,24.25,399.98,32.0,35.7,89.15,Charging,Normal,-0.4949
OVN-EV-003,2026-03-25 09:32:12.338991,17.81,402.98,32.94,33.44,44.39,Charging,Normal,-0.4231
OVN-EV-002,2026-03-25 09:32:12.338991,16.03,381.91,30.5,44.58,68.63,Charging,Normal,-0.4804
OVN-EV-001,2026-03-25 09:32:13.434033,14.83,416.75,31.86,42.39,25.67,Charging,Normal,-0.4854
OVN-EV-003,2026-03-25 09:32:15.346858,12.45,397.99,33.99,37.33,20.46,Charging,Normal,-0.4954
OVN-EV-002,2026-03-25 09:32:15.346858,24.94,381.1,34.42,33.18,44.28,Charging,Normal,-0.5141
OVN-EV-001,2026-03-25 09:32:16.452525,20.77,415.63,33.29,40.45,93.66,Charging,Normal,-0.5093
OVN-EV-003,2026-03-25 09:32:18.345799,15.78,405.43,29.43,31.01,22.67,Charging,Normal,-0.501
OVN-EV-002,2026-03-25 09:32:18.345799,23.35,383.09,28.36,30.32,77.16,Charging,Normal,-0.5331
OVN-EV-001,2026-03-25 09:32:19.468981,14.71,383.4,32.69,39.42,21.66,Charging,Normal,-0.4956
OVN-EV-003,2026-03-25 09:32:21.360284,18.71,408.33,34.96,42.54,64.33,Charging,Normal,-0.4402
OVN-EV-002,2026-03-25 09:32:21.360284,17.54,413.17,34.7,37.24,90.54,Charging,Normal,-0.4776
OVN-EV-001,2026-03-25 09:32:22.470350,23.24,385.09,31.7,43.52,50.47,Charging,Normal,-0.4749
OVN-EV-002,2026-03-25 09:32:24.371916,19.8,416.13,30.63,34.27,70.42,Charging,Normal,-0.4433
OVN-EV-003,2026-03-25 09:32:24.373181,20.38,419.65,28.32,30.23,33.27,Charging,Normal,-0.5558
OVN-EV-001,2026-03-25 09:32:25.486781,20.23,411.52,32.02,30.14,71.11,Charging,Normal,-0.4816
OVN-EV-002,2026-03-25 09:32:27.386511,18.56,402.6,28.71,34.57,63.16,Charging,Normal,-0.4493
OVN-EV-003,2026-03-25 09:32:27.386511,21.26,380.85,35.46,40.65,65.88,Charging,Normal,-0.4883
OVN-EV-001,2026-03-25 09:32:28.485322,15.37,380.97,29.49,30.79,81.72,Charging,Normal,-0.5127
OVN-EV-002,2026-03-25 09:32:30.403517,15.59,411.54,29.95,36.37,82.95,Charging,Normal,-0.454
OVN-EV-003,2026-03-25 09:32:30.404395,12.25,405.81,34.95,40.42,25.4,Charging,Normal,-0.4909
OVN-EV-001,2026-03-25 09:32:31.486575,16.74,410.84,31.66,33.97,93.23,Charging,Normal,-0.4813
OVN-EV-002,2026-03-25 09:32:33.423301,12.35,385.29,32.8,40.68,40.56,Charging,Normal,-0.4554
OVN-EV-003,2026-03-25 09:32:33.423301,10.14,412.88,31.42,42.57,88.91,Charging,Normal,-0.5277
OVN-EV-001,2026-03-25 09:32:34.490803,14.23,380.36,32.78,32.63,20.85,Charging,Normal,-0.5135
OVN-EV-002,2026-03-25 09:32:36.435531,11.86,386.12,30.7,37.34,77.19,Charging,Normal,-0.477
OVN-EV-003,2026-03-25 09:32:36.435531,11.15,401.34,34.49,32.49,52.69,Charging,Normal,-0.4789
OVN-EV-001,2026-03-25 09:32:37.487018,11.25,398.54,33.85,30.89,56.37,Charging,Normal,-0.4837
OVN-EV-002,2026-03-25 09:32:39.443111,22.29,380.14,31.36,42.37,21.81,Charging,Normal,-0.5194
OVN-EV-003,2026-03-25 09:32:39.443111,12.33,415.32,34.83,31.28,55.79,Charging,Normal,-0.4914
OVN-EV-001,2026-03-25 09:32:40.494989,20.42,396.07,35.47,39.79,71.53,Charging,Normal,-0.4505
OVN-EV-002,2026-03-25 09:32:42.440045,19.51,388.83,32.05,31.9,85.71,Charging,Normal,-0.4705
OVN-EV-003,2026-03-25 09:32:42.440045,13.16,408.24,32.1,31.56,73.87,Charging,Normal,-0.4667
OVN-EV-001,2026-03-25 09:32:43.507165,13.97,391.15,35.34,43.7,92.82,Charging,Normal,-0.5015
OVN-EV-002,2026-03-25 09:32:45.448927,13.87,399.67,28.58,36.68,66.16,Charging,Normal,-0.4494
OVN-EV-003,2026-03-25 09:32:45.448927,14.34,380.43,32.98,42.07,72.34,Charging,Normal,-0.4806
OVN-EV-001,2026-03-25 09:32:46.496844,22.73,387.62,34.48,33.01,68.66,Charging,Normal,-0.47
OVN-EV-002,2026-03-25 09:32:48.453681,12.6,410.58,30.58,40.86,22.6,Charging,Normal,-0.4885
OVN-EV-003,2026-03-25 09:32:48.454846,15.29,399.69,29.26,39.22,87.49,Charging,Normal,-0.4538
OVN-EV-001,2026-03-25 09:32:49.503414,23.0,396.34,28.63,36.93,56.88,Charging,Normal,-0.4557
OVN-EV-002,2026-03-25 09:32:51.464014,11.51,401.56,29.77,37.1,34.37,Charging,Normal,-0.4676
OVN-EV-003,2026-03-25 09:32:51.464014,15.85,386.79,31.79,30.84,52.16,Charging,Normal,-0.4646
OVN-EV-001,2026-03-25 09:32:52.529431,23.72,381.18,34.75,40.61,31.3,Charging,Normal,-0.5079
OVN-EV-002,2026-03-25 09:32:54.487931,12.1,387.94,32.98,41.42,71.86,Charging,Normal,-0.4616
OVN-EV-003,2026-03-25 09:32:54.488414,18.54,397.22,28.4,37.02,85.76,Charging,Normal,-0.4717
OVN-EV-001,2026-03-25 09:32:55.535686,16.16,407.95,33.54,34.35,53.84,Charging,Normal,-0.4326
OVN-EV-002,2026-03-25 09:32:57.501864,21.39,474.76,83.22,83.72,29.71,ANOMALY,ANOMALY,-0.6811
OVN-EV-003,2026-03-25 09:32:57.503646,10.49,394.18,29.19,31.88,53.43,Charging,Normal,-0.5082
OVN-EV-001,2026-03-25 09:32:58.538457,17.65,398.72,34.07,30.09,34.69,Charging,Normal,-0.494
OVN-EV-002,2026-03-25 09:33:00.517812,22.73,384.53,33.04,41.24,37.08,Charging,Normal,-0.4651
OVN-EV-003,2026-03-25 09:33:00.517812,18.58,409.49,32.52,43.01,66.62,Charging,Normal,-0.4392
OVN-EV-001,2026-03-25 09:33:01.536911,23.91,381.48,33.77,34.07,32.41,Charging,Normal,-0.5081
OVN-EV-003,2026-03-25 09:33:03.536767,20.08,418.11,34.98,30.14,83.76,Charging,Normal,-0.5233
OVN-EV-002,2026-03-25 09:33:03.537464,21.52,398.03,31.7,32.87,90.55,Charging,Normal,-0.4774
OVN-EV-001,2026-03-25 09:33:04.543170,17.13,385.29,35.62,43.76,75.33,Charging,Normal,-0.503
OVN-EV-003,2026-03-25 09:33:06.540872,11.82,389.11,28.43,39.91,63.37,Charging,Normal,-0.4814
OVN-EV-002,2026-03-25 09:33:06.546906,20.96,400.73,32.31,30.15,79.43,Charging,Normal,-0.4679
OVN-EV-001,2026-03-25 09:33:07.552567,17.77,398.6,34.38,42.32,93.38,Charging,Normal,-0.487
OVN-EV-003,2026-03-25 09:33:09.559861,22.43,415.26,30.06,33.14,55.11,Charging,Normal,-0.473
OVN-EV-002,2026-03-25 09:33:09.559861,23.27,406.72,29.75,40.08,78.67,Charging,Normal,-0.4657
OVN-EV-001,2026-03-25 09:33:10.561022,19.55,402.11,32.83,44.67,93.33,Charging,Normal,-0.5113
OVN-EV-003,2026-03-25 09:33:12.576466,16.37,392.95,35.89,33.12,65.49,Charging,Normal,-0.4833
OVN-EV-002,2026-03-25 09:33:12.576466,15.57,415.26,29.05,44.53,56.18,Charging,Normal,-0.4872
OVN-EV-001,2026-03-25 09:33:13.571294,15.66,409.71,32.48,35.32,91.02,Charging,Normal,-0.4754
OVN-EV-003,2026-03-25 09:33:15.583989,10.05,396.9,33.15,38.83,42.41,Charging,Normal,-0.5054
OVN-EV-002,2026-03-25 09:33:15.583989,17.88,403.31,28.76,38.74,27.52,Charging,Normal,-0.4691
OVN-EV-001,2026-03-25 09:33:16.584710,19.14,381.05,31.74,33.31,66.69,Charging,Normal,-0.4543
OVN-EV-003,2026-03-25 09:33:18.587173,21.36,419.29,31.04,33.18,34.7,Charging,Normal,-0.4948
OVN-EV-002,2026-03-25 09:33:18.587173,24.9,398.52,35.91,39.27,77.46,Charging,Normal,-0.5214
OVN-EV-001,2026-03-25 09:33:19.588705,12.79,386.06,33.72,44.19,79.71,Charging,Normal,-0.4895
OVN-EV-003,2026-03-25 09:33:21.583945,10.95,401.38,34.22,34.24,73.37,Charging,Normal,-0.4818
OVN-EV-002,2026-03-25 09:33:21.603055,10.67,382.56,31.05,33.04,66.4,Charging,Normal,-0.5005
OVN-EV-001,2026-03-25 09:33:22.589398,18.55,417.73,31.97,35.88,21.65,Charging,Normal,-0.4837
OVN-EV-003,2026-03-25 09:33:24.588655,20.06,388.29,35.08,43.38,63.92,Charging,Normal,-0.4664
OVN-EV-002,2026-03-25 09:33:24.589649,10.38,400.21,32.88,31.61,41.74,Charging,Normal,-0.507
OVN-EV-001,2026-03-25 09:33:25.603979,22.48,389.67,33.81,44.05,79.68,Charging,Normal,-0.4881
OVN-EV-003,2026-03-25 09:33:27.597023,23.98,402.42,28.57,43.3,85.79,Charging,Normal,-0.5194
OVN-EV-002,2026-03-25 09:33:27.597023,12.08,390.61,30.93,36.93,64.28,Charging,Normal,-0.4523
OVN-EV-001,2026-03-25 09:33:28.616555,18.56,394.31,29.37,38.28,83.4,Charging,Normal,-0.4498
OVN-EV-003,2026-03-25 09:33:30.603932,12.42,401.99,33.4,32.19,80.7,Charging,Normal,-0.4823
OVN-EV-002,2026-03-25 09:33:30.604953,23.6,415.06,34.98,42.12,37.19,Charging,Normal,-0.5048
OVN-EV-001,2026-03-25 09:33:31.606466,10.88,400.83,32.56,37.74,73.41,Charging,Normal,-0.4681
OVN-EV-003,2026-03-25 09:33:33.621297,13.96,399.58,33.35,39.77,24.65,Charging,Normal,-0.4551
OVN-EV-002,2026-03-25 09:33:33.621297,15.11,417.3,34.76,41.47,91.57,Charging,Normal,-0.4944
OVN-EV-001,2026-03-25 09:33:34.608967,19.77,491.73,81.58,86.0,82.06,ANOMALY,ANOMALY,-0.6803
OVN-EV-003,2026-03-25 09:33:36.636024,12.87,415.16,34.17,35.06,32.76,Charging,Normal,-0.4821
OVN-EV-002,2026-03-25 09:33:36.636024,13.84,386.2,28.78,44.07,55.76,Charging,Normal,-0.4755
OVN-EV-001,2026-03-25 09:33:37.621143,16.92,385.55,33.16,39.08,54.34,Charging,Normal,-0.4339
OVN-EV-003,2026-03-25 09:33:39.638489,23.2,393.15,28.31,30.47,50.11,Charging,Normal,-0.5145
OVN-EV-002,2026-03-25 09:33:39.638489,20.5,386.04,31.28,33.5,80.83,Charging,Normal,-0.4515
OVN-EV-001,2026-03-25 09:33:40.625486,12.39,410.22,31.49,42.77,91.69,Charging,Normal,-0.498
OVN-EV-003,2026-03-25 09:33:42.653409,22.41,417.46,28.28,38.36,29.51,Charging,Normal,-0.5187
OVN-EV-002,2026-03-25 09:33:42.653409,17.65,392.45,33.61,32.83,40.0,Charging,Normal,-0.4443
OVN-EV-001,2026-03-25 09:33:43.647958,15.57,398.71,32.41,32.89,67.36,Charging,Normal,-0.4291
OVN-EV-002,2026-03-25 09:33:45.670189,13.69,381.14,35.86,31.02,92.83,Charging,Normal,-0.5549
OVN-EV-003,2026-03-25 09:33:45.670189,21.69,392.42,34.37,33.84,29.25,Charging,Normal,-0.4756
OVN-EV-001,2026-03-25 09:33:46.652400,16.05,380.51,33.67,35.93,38.73,Charging,Normal,-0.4558
OVN-EV-002,2026-03-25 09:33:48.671494,20.12,406.36,28.53,30.31,78.65,Charging,Normal,-0.5024
OVN-EV-003,2026-03-25 09:33:48.672913,10.21,381.47,28.32,35.99,78.11,Charging,Normal,-0.5301
OVN-EV-001,2026-03-25 09:33:49.670526,11.11,380.65,29.61,42.25,80.27,Charging,Normal,-0.5094
OVN-EV-002,2026-03-25 09:33:51.682456,15.75,394.36,28.82,36.91,26.27,Charging,Normal,-0.4675
OVN-EV-003,2026-03-25 09:33:51.682456,14.96,414.13,31.64,36.73,32.23,Charging,Normal,-0.4532
OVN-EV-001,2026-03-25 09:33:52.671004,12.97,388.25,35.91,41.23,41.51,Charging,Normal,-0.494
OVN-EV-002,2026-03-25 09:33:54.687806,20.57,404.43,28.64,37.05,39.96,Charging,Normal,-0.4571
OVN-EV-003,2026-03-25 09:33:54.687806,13.63,419.83,29.95,36.7,80.36,Charging,Normal,-0.4893
OVN-EV-001,2026-03-25 09:33:55.688087,12.02,390.06,35.06,39.24,90.79,Charging,Normal,-0.5111
OVN-EV-002,2026-03-25 09:33:57.702337,19.94,408.0,31.21,35.61,84.38,Charging,Normal,-0.4516
OVN-EV-003,2026-03-25 09:33:57.702337,17.79,396.42,35.29,35.73,80.65,Charging,Normal,-0.474
OVN-EV-001,2026-03-25 09:33:58.689849,23.88,386.09,31.31,38.84,36.9,Charging,Normal,-0.4855
OVN-EV-002,2026-03-25 09:34:00.718376,20.82,415.48,34.72,34.43,65.43,Charging,Normal,-0.4671
OVN-EV-003,2026-03-25 09:34:00.718376,24.84,399.94,31.15,31.81,90.65,Charging,Normal,-0.5294
OVN-EV-001,2026-03-25 09:34:01.686939,12.69,405.36,29.23,37.33,48.51,Charging,Normal,-0.4519
OVN-EV-003,2026-03-25 09:34:03.720016,19.86,405.94,35.57,35.62,34.91,Charging,Normal,-0.4726
OVN-EV-002,2026-03-25 09:34:03.721076,14.98,405.52,28.02,39.39,94.56,Charging,Normal,-0.5173
OVN-EV-001,2026-03-25 09:34:04.703331,23.89,393.16,30.03,37.9,35.98,Charging,Normal,-0.4762
OVN-EV-003,2026-03-25 09:34:06.721824,22.27,398.7,31.51,42.93,81.05,Charging,Normal,-0.4676
OVN-EV-002,2026-03-25 09:34:06.723346,13.97,406.71,32.33,33.81,66.52,Charging,Normal,-0.4324
OVN-EV-001,2026-03-25 09:34:07.721413,23.81,384.78,34.65,44.51,66.0,Charging,Normal,-0.5197
OVN-EV-003,2026-03-25 09:34:09.721427,18.31,381.27,33.46,44.66,85.57,Charging,Normal,-0.5015
OVN-EV-002,2026-03-25 09:34:09.721427,19.72,391.1,31.66,35.81,66.97,Charging,Normal,-0.4372
OVN-EV-001,2026-03-25 09:34:10.721385,22.97,386.94,30.1,30.15,66.7,Charging,Normal,-0.502
OVN-EV-003,2026-03-25 09:34:12.723767,11.18,397.46,30.09,30.78,72.25,Charging,Normal,-0.5005
OVN-EV-002,2026-03-25 09:34:12.724718,11.59,380.54,31.95,31.23,20.01,Charging,Normal,-0.548
OVN-EV-001,2026-03-25 09:34:13.738139,24.92,387.03,31.26,43.26,57.36,Charging,Normal,-0.5101
OVN-EV-003,2026-03-25 09:34:15.737080,20.49,391.73,29.3,35.65,77.97,Charging,Normal,-0.4553
OVN-EV-002,2026-03-25 09:34:15.738273,14.74,397.19,35.52,30.43,68.75,Charging,Normal,-0.4885
OVN-EV-001,2026-03-25 09:34:16.753587,11.77,408.75,29.57,40.14,91.86,Charging,Normal,-0.4958
OVN-EV-003,2026-03-25 09:34:18.739255,18.27,419.84,31.28,43.29,77.7,Charging,Normal,-0.4724
OVN-EV-002,2026-03-25 09:34:18.740614,10.22,406.76,32.85,39.54,40.07,Charging,Normal,-0.4862
OVN-EV-001,2026-03-25 09:34:19.770726,12.24,418.45,31.57,35.65,82.18,Charging,Normal,-0.486
OVN-EV-003,2026-03-25 09:34:21.756782,23.04,384.99,30.93,30.53,76.37,Charging,Normal,-0.5042
OVN-EV-002,2026-03-25 09:34:21.758144,24.33,418.35,30.66,33.19,61.36,Charging,Normal,-0.4961
OVN-EV-001,2026-03-25 09:34:22.786307,14.98,411.6,31.25,35.71,58.72,Charging,Normal,-0.4258
OVN-EV-002,2026-03-25 09:34:24.747602,21.27,395.76,28.62,34.54,36.17,Charging,Normal,-0.4661
OVN-EV-003,2026-03-25 09:34:24.747602,13.64,417.38,31.42,33.76,79.98,Charging,Normal,-0.4853
OVN-EV-001,2026-03-25 09:34:25.783902,21.22,389.48,31.53,40.58,54.95,Charging,Normal,-0.441
OVN-EV-002,2026-03-25 09:34:27.756749,20.33,417.23,34.87,43.84,21.53,Charging,Normal,-0.5274
OVN-EV-003,2026-03-25 09:34:27.756749,17.57,416.01,32.28,39.06,28.11,Charging,Normal,-0.4743
OVN-EV-001,2026-03-25 09:34:28.803134,19.34,403.02,33.05,33.5,32.92,Charging,Normal,-0.4597
OVN-EV-002,2026-03-25 09:34:30.763525,20.58,389.65,32.06,32.37,92.17,Charging,Normal,-0.4925
OVN-EV-003,2026-03-25 09:34:30.763525,17.46,414.21,33.11,31.43,88.21,Charging,Normal,-0.4906
OVN-EV-001,2026-03-25 09:34:31.798909,14.62,384.83,32.33,33.59,27.13,Charging,Normal,-0.4749
OVN-EV-002,2026-03-25 09:34:33.775784,14.23,397.79,28.38,39.84,93.97,Charging,Normal,-0.498
OVN-EV-003,2026-03-25 09:34:33.775784,11.54,407.31,29.1,42.31,36.64,Charging,Normal,-0.4796
OVN-EV-001,2026-03-25 09:34:34.801506,22.25,385.29,34.09,36.94,30.61,Charging,Normal,-0.4776
OVN-EV-002,2026-03-25 09:34:36.787704,21.67,392.61,35.72,39.9,84.49,Charging,Normal,-0.489
OVN-EV-003,2026-03-25 09:34:36.788589,13.17,389.01,28.22,36.51,30.8,Charging,Normal,-0.4907
OVN-EV-001,2026-03-25 09:34:37.807283,16.68,383.79,28.29,31.0,81.62,Charging,Normal,-0.5155
OVN-EV-002,2026-03-25 09:34:39.787534,16.25,413.01,28.29,35.09,23.65,Charging,Normal,-0.494
OVN-EV-003,2026-03-25 09:34:39.787534,10.66,408.87,31.51,31.94,83.61,Charging,Normal,-0.5107
OVN-EV-001,2026-03-25 09:34:40.828420,10.69,456.38,95.49,83.61,32.44,ANOMALY,ANOMALY,-0.6943
OVN-EV-002,2026-03-25 09:34:42.790427,24.61,413.69,28.33,44.47,93.76,Charging,Normal,-0.5732
OVN-EV-003,2026-03-25 09:34:42.790427,12.8,416.73,34.6,32.04,47.95,Charging,Normal,-0.4982
OVN-EV-001,2026-03-25 09:34:43.838139,13.77,388.54,34.18,37.16,57.0,Charging,Normal,-0.4456
OVN-EV-002,2026-03-25 09:34:45.778607,10.01,414.18,30.38,39.23,46.61,Charging,Normal,-0.5015
OVN-EV-003,2026-03-25 09:34:45.810337,20.99,382.78,28.78,40.15,53.29,Charging,Normal,-0.4746
OVN-EV-001,2026-03-25 09:34:46.843525,20.89,382.03,30.11,34.73,63.17,Charging,Normal,-0.4663
OVN-EV-002,2026-03-25 09:34:48.783748,20.88,404.79,28.12,31.29,62.51,Charging,Normal,-0.4877
OVN-EV-003,2026-03-25 09:34:48.815821,23.56,412.12,32.64,38.38,20.9,Charging,Normal,-0.4938
OVN-EV-001,2026-03-25 09:34:49.860774,18.88,409.81,28.13,41.98,94.03,Charging,Normal,-0.5219
OVN-EV-002,2026-03-25 09:34:51.787681,21.48,396.66,32.52,31.64,75.35,Charging,Normal,-0.4648
OVN-EV-003,2026-03-25 09:34:51.819409,24.3,416.94,35.53,34.96,52.2,Charging,Normal,-0.5016
OVN-EV-001,2026-03-25 09:34:52.870441,22.84,408.55,33.24,32.01,42.67,Charging,Normal,-0.4628
OVN-EV-002,2026-03-25 09:34:54.783572,11.68,409.72,28.04,32.02,81.44,Charging,Normal,-0.5158
OVN-EV-003,2026-03-25 09:34:54.815166,19.88,391.71,35.78,32.68,94.09,Charging,Normal,-0.5142
OVN-EV-001,2026-03-25 09:34:55.880920,19.32,410.24,33.47,34.76,45.69,Charging,Normal,-0.435
OVN-EV-002,2026-03-25 09:34:57.788038,13.79,414.3,34.22,34.77,86.45,Charging,Normal,-0.473
OVN-EV-003,2026-03-25 09:34:57.819841,23.62,381.03,33.77,35.09,49.35,Charging,Normal,-0.488
OVN-EV-001,2026-03-25 09:34:58.888985,11.1,400.53,33.15,37.09,29.37,Charging,Normal,-0.4848
OVN-EV-002,2026-03-25 09:35:00.793220,12.15,384.85,35.51,33.56,72.93,Charging,Normal,-0.5034
OVN-EV-003,2026-03-25 09:35:00.793220,17.28,410.86,28.89,42.57,54.88,Charging,Normal,-0.4392
OVN-EV-001,2026-03-25 09:35:01.891348,19.83,390.09,30.26,36.43,61.72,Charging,Normal,-0.4303
OVN-EV-003,2026-03-25 09:35:03.806609,10.0,407.1,31.54,34.84,34.65,Charging,Normal,-0.522
OVN-EV-002,2026-03-25 09:35:03.806609,23.38,406.75,33.35,34.84,83.69,Charging,Normal,-0.4662
OVN-EV-001,2026-03-25 09:35:04.899265,11.63,391.07,28.61,44.97,30.46,Charging,Normal,-0.5263
OVN-EV-003,2026-03-25 09:35:06.833441,21.47,410.39,31.88,44.92,49.86,Charging,Normal,-0.4907
OVN-EV-002,2026-03-25 09:35:06.833441,15.27,414.47,35.03,41.94,84.45,Charging,Normal,-0.4749
OVN-EV-001,2026-03-25 09:35:07.898842,18.14,407.77,33.45,38.1,91.12,Charging,Normal,-0.4581
OVN-EV-003,2026-03-25 09:35:09.846164,15.25,410.07,33.8,40.76,53.37,Charging,Normal,-0.4264
OVN-EV-002,2026-03-25 09:35:09.846164,10.04,407.67,29.69,42.16,93.34,Charging,Normal,-0.5408
OVN-EV-001,2026-03-25 09:35:10.887606,19.57,384.16,34.39,35.24,73.29,Charging,Normal,-0.4631
OVN-EV-003,2026-03-25 09:35:12.855150,22.62,411.52,33.67,32.1,27.87,Charging,Normal,-0.4872
OVN-EV-002,2026-03-25 09:35:12.855150,24.68,389.56,29.07,41.0,87.81,Charging,Normal,-0.5062
OVN-EV-001,2026-03-25 09:35:13.895546,12.59,396.7,34.45,32.05,72.29,Charging,Normal,-0.4668
OVN-EV-003,2026-03-25 09:35:15.871550,22.76,418.66,31.4,34.07,44.62,Charging,Normal,-0.4883
OVN-EV-002,2026-03-25 09:35:15.871550,18.43,391.23,33.92,37.68,73.03,Charging,Normal,-0.437
OVN-EV-001,2026-03-25 09:35:16.889779,24.46,401.56,32.0,36.84,85.2,Charging,Normal,-0.4609
OVN-EV-003,2026-03-25 09:35:18.889662,10.56,418.01,31.89,32.0,62.45,Charging,Normal,-0.5082
OVN-EV-002,2026-03-25 09:35:18.889662,13.83,415.87,30.61,39.52,68.49,Charging,Normal,-0.4431
OVN-EV-001,2026-03-25 09:35:19.890909,16.87,403.38,31.35,31.07,89.48,Charging,Normal,-0.48
OVN-EV-003,2026-03-25 09:35:21.891752,17.85,386.59,33.71,43.68,28.11,Charging,Normal,-0.4891
OVN-EV-002,2026-03-25 09:35:21.891752,24.2,408.39,34.04,39.12,64.28,Charging,Normal,-0.4638
OVN-EV-001,2026-03-25 09:35:22.907073,23.5,383.66,29.88,36.09,71.45,Charging,Normal,-0.4795
OVN-EV-003,2026-03-25 09:35:24.887443,19.07,392.37,31.98,36.96,80.6,Charging,Normal,-0.4302
OVN-EV-002,2026-03-25 09:35:24.887443,23.09,380.97,32.35,39.85,28.84,Charging,Normal,-0.4888
OVN-EV-001,2026-03-25 09:35:25.909723,14.27,392.72,35.13,33.67,55.44,Charging,Normal,-0.4592
OVN-EV-003,2026-03-25 09:35:27.901214,23.33,382.9,34.15,31.8,76.5,Charging,Normal,-0.5041
OVN-EV-002,2026-03-25 09:35:27.901214,10.71,415.71,35.16,31.35,49.72,Charging,Normal,-0.5174
OVN-EV-001,2026-03-25 09:35:28.904321,20.32,403.5,29.28,37.73,87.01,Charging,Normal,-0.4499
OVN-EV-003,2026-03-25 09:35:30.901609,12.2,414.31,28.84,41.28,30.49,Charging,Normal,-0.4883
OVN-EV-002,2026-03-25 09:35:30.901609,24.77,397.24,33.26,32.49,73.28,Charging,Normal,-0.4831
OVN-EV-001,2026-03-25 09:35:31.908643,16.99,382.56,30.7,43.61,45.54,Charging,Normal,-0.4684
OVN-EV-003,2026-03-25 09:35:33.921924,11.08,407.09,35.53,32.06,25.63,Charging,Normal,-0.5444
OVN-EV-002,2026-03-25 09:35:33.921924,22.73,387.66,30.0,39.73,74.78,Charging,Normal,-0.4653
OVN-EV-001,2026-03-25 09:35:34.908300,18.83,383.52,29.14,34.88,71.54,Charging,Normal,-0.4596
OVN-EV-003,2026-03-25 09:35:36.928840,16.41,395.89,35.36,34.61,20.68,Charging,Normal,-0.5097
OVN-EV-002,2026-03-25 09:35:36.928840,10.74,390.53,34.96,36.12,60.26,Charging,Normal,-0.4936
OVN-EV-001,2026-03-25 09:35:37.920413,21.22,419.41,32.34,33.74,25.73,Charging,Normal,-0.5055
OVN-EV-003,2026-03-25 09:35:39.922097,19.08,404.67,33.39,38.44,42.57,Charging,Normal,-0.4285
OVN-EV-002,2026-03-25 09:35:39.923361,19.52,418.25,31.53,40.42,83.38,Charging,Normal,-0.4765
OVN-EV-001,2026-03-25 09:35:40.940192,10.22,405.23,28.86,32.66,85.54,Charging,Normal,-0.5277
OVN-EV-003,2026-03-25 09:35:42.928319,16.95,405.56,28.74,31.55,61.18,Charging,Normal,-0.4647
OVN-EV-002,2026-03-25 09:35:42.929475,17.8,416.22,29.69,32.66,82.88,Charging,Normal,-0.4719
OVN-EV-001,2026-03-25 09:35:43.954860,11.29,400.27,32.82,35.18,51.45,Charging,Normal,-0.4556
OVN-EV-003,2026-03-25 09:35:45.939074,23.84,414.8,28.3,37.95,25.98,Charging,Normal,-0.5189
OVN-EV-002,2026-03-25 09:35:45.939074,10.51,395.0,30.79,39.6,32.24,Charging,Normal,-0.4831
OVN-EV-001,2026-03-25 09:35:46.958465,17.05,407.86,32.05,42.13,92.18,Charging,Normal,-0.4672
OVN-EV-003,2026-03-25 09:35:48.957329,24.81,401.75,33.82,36.6,88.85,Charging,Normal,-0.4843
OVN-EV-002,2026-03-25 09:35:48.957329,12.1,387.09,33.23,31.26,77.06,Charging,Normal,-0.4855
OVN-EV-001,2026-03-25 09:35:49.972266,23.73,399.02,31.11,30.46,20.21,Charging,Normal,-0.5346
OVN-EV-003,2026-03-25 09:35:51.956583,17.75,402.64,30.59,37.01,50.58,Charging,Normal,-0.4212
OVN-EV-002,2026-03-25 09:35:51.956583,16.0,384.77,35.93,33.3,61.09,Charging,Normal,-0.4831
OVN-EV-001,2026-03-25 09:35:52.975800,17.43,390.46,29.88,33.49,47.21,Charging,Normal,-0.434
OVN-EV-003,2026-03-25 09:35:54.956774,17.84,387.73,28.11,40.2,82.65,Charging,Normal,-0.4727
OVN-EV-002,2026-03-25 09:35:54.958373,21.56,399.51,29.28,38.27,40.92,Charging,Normal,-0.4426
OVN-EV-001,2026-03-25 09:35:55.991567,12.48,417.52,28.41,43.35,35.47,Charging,Normal,-0.5195
OVN-EV-003,2026-03-25 09:35:57.974843,10.41,388.76,30.97,42.87,89.4,Charging,Normal,-0.5196
OVN-EV-002,2026-03-25 09:35:57.974843,11.75,402.48,31.44,44.66,51.59,Charging,Normal,-0.4737
OVN-EV-001,2026-03-25 09:35:58.992209,23.78,385.93,29.6,36.37,39.77,Charging,Normal,-0.4901
OVN-EV-003,2026-03-25 09:36:00.990737,20.22,400.97,33.24,32.18,50.64,Charging,Normal,-0.453
OVN-EV-002,2026-03-25 09:36:00.991919,17.9,383.79,29.73,38.22,90.66,Charging,Normal,-0.4857
OVN-EV-001,2026-03-25 09:36:02.007280,18.14,399.57,28.75,36.36,55.78,Charging,Normal,-0.4294
OVN-EV-002,2026-03-25 09:36:03.989270,13.97,413.64,29.92,34.98,26.81,Charging,Normal,-0.4671
OVN-EV-003,2026-03-25 09:36:03.989270,10.18,396.23,28.25,41.53,67.35,Charging,Normal,-0.5103
OVN-EV-001,2026-03-25 09:36:05.020664,21.44,416.33,28.41,35.54,92.61,Charging,Normal,-0.5229
OVN-EV-002,2026-03-25 09:36:06.994952,23.32,380.58,35.33,38.09,57.13,Charging,Normal,-0.4981
OVN-EV-003,2026-03-25 09:36:06.994952,19.39,410.76,31.04,39.29,82.93,Charging,Normal,-0.4485
OVN-EV-001,2026-03-25 09:36:08.017965,10.2,392.92,31.79,31.72,49.7,Charging,Normal,-0.4999
OVN-EV-002,2026-03-25 09:36:10.018925,12.48,396.96,32.82,35.44,52.66,Charging,Normal,-0.4383
OVN-EV-003,2026-03-25 09:36:10.018925,18.08,389.6,32.41,39.33,40.74,Charging,Normal,-0.4294
OVN-EV-001,2026-03-25 09:36:11.015537,12.31,389.33,32.08,38.01,22.11,Charging,Normal,-0.4888
OVN-EV-002,2026-03-25 09:36:13.015620,11.91,390.52,34.94,34.07,63.22,Charging,Normal,-0.4649
OVN-EV-003,2026-03-25 09:36:13.015620,18.17,400.67,32.53,42.51,67.72,Charging,Normal,-0.4266
OVN-EV-001,2026-03-25 09:36:14.028723,15.64,416.73,34.52,30.54,73.55,Charging,Normal,-0.4861
OVN-EV-002,2026-03-25 09:36:16.024339,24.28,390.51,30.9,42.2,54.7,Charging,Normal,-0.4819
OVN-EV-003,2026-03-25 09:36:16.024339,19.95,383.59,31.58,34.07,78.08,Charging,Normal,-0.4657
OVN-EV-001,2026-03-25 09:36:17.028434,16.84,388.62,32.99,34.09,30.69,Charging,Normal,-0.4594
OVN-EV-002,2026-03-25 09:36:19.023437,11.73,412.91,28.56,37.96,80.55,Charging,Normal,-0.4879
OVN-EV-003,2026-03-25 09:36:19.025172,17.61,403.73,32.72,34.95,49.22,Charging,Normal,-0.4283
OVN-EV-001,2026-03-25 09:36:20.040477,10.21,408.5,30.47,35.71,41.07,Charging,Normal,-0.4878
OVN-EV-002,2026-03-25 09:36:22.039343,22.83,384.04,30.43,39.68,94.72,Charging,Normal,-0.5312
OVN-EV-003,2026-03-25 09:36:22.039343,11.76,411.43,33.18,38.89,20.59,Charging,Normal,-0.4929
OVN-EV-001,2026-03-25 09:36:23.053010,14.15,487.4,95.27,70.13,78.64,ANOMALY,ANOMALY,-0.688
OVN-EV-003,2026-03-25 09:36:25.031128,23.21,380.82,28.37,35.52,37.85,Charging,Normal,-0.5171
OVN-EV-002,2026-03-25 09:36:25.031128,13.09,395.08,29.14,44.94,62.63,Charging,Normal,-0.4924
OVN-EV-001,2026-03-25 09:36:26.057102,11.52,381.74,31.33,34.24,34.54,Charging,Normal,-0.4948
OVN-EV-003,2026-03-25 09:36:28.040201,11.78,404.9,28.06,30.38,34.01,Charging,Normal,-0.5379
OVN-EV-002,2026-03-25 09:36:28.041414,10.87,381.21,34.97,34.42,85.26,Charging,Normal,-0.5323
OVN-EV-001,2026-03-25 09:36:29.074572,24.32,402.06,28.86,41.17,38.94,Charging,Normal,-0.4856
OVN-EV-003,2026-03-25 09:36:31.046663,19.83,410.49,28.12,32.31,48.96,Charging,Normal,-0.4848
OVN-EV-002,2026-03-25 09:36:31.046663,21.38,402.8,29.91,35.37,34.38,Charging,Normal,-0.4512
OVN-EV-001,2026-03-25 09:36:32.079654,16.47,413.65,34.59,42.29,66.31,Charging,Normal,-0.4446
OVN-EV-003,2026-03-25 09:36:34.074309,20.5,417.36,33.11,41.54,69.18,Charging,Normal,-0.4612
OVN-EV-002,2026-03-25 09:36:34.076325,14.26,383.28,32.14,33.65,65.75,Charging,Normal,-0.4496
OVN-EV-001,2026-03-25 09:36:35.077908,16.84,381.87,31.22,41.51,37.12,Charging,Normal,-0.4658
OVN-EV-003,2026-03-25 09:36:37.080206,23.03,381.92,29.28,37.36,72.37,Charging,Normal,-0.5012
OVN-EV-002,2026-03-25 09:36:37.081202,19.9,413.93,35.42,40.49,41.93,Charging,Normal,-0.4729
OVN-EV-001,2026-03-25 09:36:38.090142,19.82,390.46,28.52,40.97,69.54,Charging,Normal,-0.4535
OVN-EV-003,2026-03-25 09:36:40.089139,12.7,407.16,29.97,33.51,70.9,Charging,Normal,-0.4529
OVN-EV-002,2026-03-25 09:36:40.089139,14.88,405.85,34.08,35.53,39.33,Charging,Normal,-0.4382
OVN-EV-001,2026-03-25 09:36:41.098567,16.0,490.09,94.13,80.54,20.56,ANOMALY,ANOMALY,-0.6928
OVN-EV-003,2026-03-25 09:36:43.108870,13.39,380.89,33.72,43.6,68.34,Charging,Normal,-0.4843
OVN-EV-002,2026-03-25 09:36:43.109963,14.72,408.97,35.97,41.08,94.13,Charging,Normal,-0.516
OVN-EV-001,2026-03-25 09:36:44.106378,16.18,387.37,35.72,30.0,32.26,Charging,Normal,-0.5304
OVN-EV-003,2026-03-25 09:36:46.118655,24.15,418.79,31.55,39.14,84.12,Charging,Normal,-0.5208
OVN-EV-002,2026-03-25 09:36:46.119794,16.77,383.68,34.42,35.35,42.38,Charging,Normal,-0.4677
OVN-EV-001,2026-03-25 09:36:47.107569,12.41,403.0,31.99,31.96,40.46,Charging,Normal,-0.4638
OVN-EV-003,2026-03-25 09:36:49.123875,20.39,385.8,29.76,31.97,57.0,Charging,Normal,-0.4739
OVN-EV-002,2026-03-25 09:36:49.124881,18.17,384.74,32.42,41.59,86.74,Charging,Normal,-0.4682
OVN-EV-001,2026-03-25 09:36:50.110176,22.91,416.06,33.78,33.96,41.06,Charging,Normal,-0.4727
OVN-EV-003,2026-03-25 09:36:52.121002,17.65,385.29,31.22,41.51,36.26,Charging,Normal,-0.4507
OVN-EV-002,2026-03-25 09:36:52.121002,20.37,395.87,32.43,36.31,68.48,Charging,Normal,-0.429
OVN-EV-001,2026-03-25 09:36:53.108920,17.81,412.67,35.96,34.99,45.39,Charging,Normal,-0.4803
OVN-EV-003,2026-03-25 09:36:55.141784,12.45,394.33,29.09,38.14,42.05,Charging,Normal,-0.4637
OVN-EV-002,2026-03-25 09:36:55.141784,11.49,392.91,28.75,42.51,48.7,Charging,Normal,-0.4776
OVN-EV-001,2026-03-25 09:36:56.127151,23.05,400.54,29.66,43.64,26.67,Charging,Normal,-0.4883
OVN-EV-003,2026-03-25 09:36:58.156187,11.34,408.06,32.41,36.48,52.19,Charging,Normal,-0.4569
OVN-EV-002,2026-03-25 09:36:58.156187,19.24,381.1,28.57,33.45,78.02,Charging,Normal,-0.4907
OVN-EV-001,2026-03-25 09:36:59.133117,21.78,415.56,30.77,42.44,23.73,Charging,Normal,-0.5071
OVN-EV-003,2026-03-25 09:37:01.172688,14.06,401.11,35.36,39.73,94.83,Charging,Normal,-0.5071
OVN-EV-002,2026-03-25 09:37:01.172688,21.57,418.17,31.44,42.63,89.9,Charging,Normal,-0.5109
OVN-EV-001,2026-03-25 09:37:02.125811,23.69,410.9,28.67,44.62,51.6,Charging,Normal,-0.5058
OVN-EV-002,2026-03-25 09:37:04.187206,24.98,386.94,32.68,43.71,82.41,Charging,Normal,-0.5177
OVN-EV-003,2026-03-25 09:37:04.187206,22.86,467.99,96.16,89.52,72.53,ANOMALY,ANOMALY,-0.698
OVN-EV-001,2026-03-25 09:37:05.138499,22.07,380.33,35.76,40.68,74.58,Charging,Normal,-0.5101
OVN-EV-002,2026-03-25 09:37:07.202270,22.74,399.89,31.3,44.14,67.96,Charging,Normal,-0.4714
OVN-EV-003,2026-03-25 09:37:07.202270,24.57,470.56,89.27,79.69,55.3,ANOMALY,ANOMALY,-0.671
OVN-EV-001,2026-03-25 09:37:08.141117,24.79,387.71,34.8,41.39,64.14,Charging,Normal,-0.5154
OVN-EV-002,2026-03-25 09:37:10.208425,18.52,418.78,29.6,31.15,38.12,Charging,Normal,-0.5023
OVN-EV-003,2026-03-25 09:37:10.208425,11.31,402.02,33.89,44.08,68.95,Charging,Normal,-0.4746
OVN-EV-001,2026-03-25 09:37:11.157334,13.31,404.52,29.25,40.6,31.29,Charging,Normal,-0.4649
OVN-EV-002,2026-03-25 09:37:13.218074,20.2,403.8,33.21,35.71,37.63,Charging,Normal,-0.4411
OVN-EV-003,2026-03-25 09:37:13.218074,23.67,404.06,32.86,36.18,85.59,Charging,Normal,-0.4644
OVN-EV-001,2026-03-25 09:37:14.159253,10.6,384.91,30.26,42.99,79.99,Charging,Normal,-0.5097
OVN-EV-002,2026-03-25 09:37:16.233913,12.32,418.08,28.03,34.16,29.53,Charging,Normal,-0.531
OVN-EV-003,2026-03-25 09:37:16.233913,20.33,389.58,29.7,34.05,33.52,Charging,Normal,-0.458
OVN-EV-001,2026-03-25 09:37:17.171278,16.33,407.86,31.5,35.43,83.0,Charging,Normal,-0.4456
OVN-EV-002,2026-03-25 09:37:19.241661,11.97,408.98,31.13,30.78,47.61,Charging,Normal,-0.4764
OVN-EV-003,2026-03-25 09:37:19.242372,20.83,386.88,34.13,41.66,30.12,Charging,Normal,-0.4764
OVN-EV-001,2026-03-25 09:37:20.186284,25.0,393.07,28.18,33.11,70.4,Charging,Normal,-0.5166
OVN-EV-002,2026-03-25 09:37:22.243595,24.06,395.92,30.65,42.05,93.99,Charging,Normal,-0.5116
OVN-EV-003,2026-03-25 09:37:22.244820,15.85,407.9,32.97,39.16,33.17,Charging,Normal,-0.4433
OVN-EV-001,2026-03-25 09:37:23.186721,20.17,402.62,34.25,43.46,90.03,Charging,Normal,-0.4783
OVN-EV-003,2026-03-25 09:37:25.260972,24.26,382.02,33.29,34.56,39.73,Charging,Normal,-0.4945
OVN-EV-002,2026-03-25 09:37:25.260972,24.25,388.69,33.9,42.11,56.63,Charging,Normal,-0.4857
OVN-EV-001,2026-03-25 09:37:26.193130,14.28,406.14,31.54,32.7,50.33,Charging,Normal,-0.4371
OVN-EV-003,2026-03-25 09:37:28.274909,10.91,417.38,33.78,40.76,53.93,Charging,Normal,-0.4898
OVN-EV-002,2026-03-25 09:37:28.276053,22.93,414.27,34.82,43.28,76.3,Charging,Normal,-0.4852
OVN-EV-001,2026-03-25 09:37:29.202657,15.89,412.02,31.06,34.07,50.93,Charging,Normal,-0.4285
OVN-EV-003,2026-03-25 09:37:31.291227,22.85,393.15,31.48,39.78,37.09,Charging,Normal,-0.4486
OVN-EV-002,2026-03-25 09:37:31.292477,11.97,412.7,30.89,35.77,40.1,Charging,Normal,-0.4646
OVN-EV-001,2026-03-25 09:37:32.202403,22.47,413.18,28.93,33.56,72.81,Charging,Normal,-0.466
OVN-EV-003,2026-03-25 09:37:34.313731,20.22,395.33,34.01,37.38,52.86,Charging,Normal,-0.4292
OVN-EV-002,2026-03-25 09:37:34.315890,21.43,406.93,30.26,33.28,63.62,Charging,Normal,-0.447
OVN-EV-001,2026-03-25 09:37:35.218334,10.06,383.82,31.75,34.89,87.65,Charging,Normal,-0.5304
OVN-EV-003,2026-03-25 09:37:37.312851,17.27,389.19,34.13,39.12,62.27,Charging,Normal,-0.4402
OVN-EV-002,2026-03-25 09:37:37.312851,21.83,384.46,33.8,36.39,61.3,Charging,Normal,-0.4557
OVN-EV-001,2026-03-25 09:37:38.224047,14.69,380.86,34.42,34.81,66.16,Charging,Normal,-0.4639
OVN-EV-003,2026-03-25 09:37:40.332151,17.16,494.46,85.4,76.01,91.27,ANOMALY,ANOMALY,-0.6938
OVN-EV-002,2026-03-25 09:37:40.332733,16.25,409.66,30.7,42.98,43.0,Charging,Normal,-0.445
OVN-EV-001,2026-03-25 09:37:41.233230,16.66,404.58,30.31,33.95,93.54,Charging,Normal,-0.4711
OVN-EV-002,2026-03-25 09:37:43.329449,13.04,403.08,34.19,42.14,77.22,Charging,Normal,-0.4561
OVN-EV-003,2026-03-25 09:37:43.329449,17.59,419.02,30.9,32.79,38.95,Charging,Normal,-0.4796
OVN-EV-001,2026-03-25 09:37:44.240324,13.17,398.77,33.06,43.26,30.71,Charging,Normal,-0.4681
OVN-EV-002,2026-03-25 09:37:46.343160,16.86,394.68,34.91,40.3,71.93,Charging,Normal,-0.4479
OVN-EV-003,2026-03-25 09:37:46.343160,22.3,384.51,34.26,39.1,79.32,Charging,Normal,-0.4772
OVN-EV-001,2026-03-25 09:37:47.241470,12.03,411.52,30.58,42.5,80.45,Charging,Normal,-0.4807
OVN-EV-002,2026-03-25 09:37:49.360209,22.91,416.73,33.71,36.02,94.09,Charging,Normal,-0.5143
OVN-EV-003,2026-03-25 09:37:49.360209,18.07,391.24,30.08,30.24,84.47,Charging,Normal,-0.488
OVN-EV-001,2026-03-25 09:37:50.251522,16.07,416.29,28.37,33.76,71.73,Charging,Normal,-0.4836
OVN-EV-002,2026-03-25 09:37:52.361428,24.82,406.46,34.11,37.87,27.6,Charging,Normal,-0.4987
OVN-EV-003,2026-03-25 09:37:52.362779,17.17,465.89,99.22,81.87,35.23,ANOMALY,ANOMALY,-0.6799
OVN-EV-001,2026-03-25 09:37:53.255271,14.32,400.08,33.7,44.29,79.99,Charging,Normal,-0.4638
OVN-EV-002,2026-03-25 09:37:55.374290,21.01,388.15,32.66,34.29,29.88,Charging,Normal,-0.4635
OVN-EV-003,2026-03-25 09:37:55.375287,22.05,390.11,34.64,35.43,74.53,Charging,Normal,-0.4475
OVN-EV-001,2026-03-25 09:37:56.257695,23.13,417.72,33.32,33.87,20.99,Charging,Normal,-0.5189
OVN-EV-002,2026-03-25 09:37:58.390692,12.88,413.85,31.24,42.57,53.0,Charging,Normal,-0.4544
OVN-EV-003,2026-03-25 09:37:58.390692,19.22,409.74,31.82,33.57,87.07,Charging,Normal,-0.4584
OVN-EV-001,2026-03-25 09:37:59.255361,24.45,407.98,29.28,37.43,36.08,Charging,Normal,-0.4726
OVN-EV-002,2026-03-25 09:38:01.406077,22.28,382.82,31.39,35.57,78.62,Charging,Normal,-0.457
OVN-EV-003,2026-03-25 09:38:01.406077,17.28,389.26,35.4,41.54,45.13,Charging,Normal,-0.4713
OVN-EV-001,2026-03-25 09:38:02.254926,16.1,454.18,82.15,74.17,61.09,ANOMALY,Normal,-0.6409
OVN-EV-003,2026-03-25 09:38:04.422962,24.63,418.46,33.3,30.99,51.11,Charging,Normal,-0.5196
OVN-EV-002,2026-03-25 09:38:04.422962,18.45,387.77,28.46,33.04,21.62,Charging,Normal,-0.514
OVN-EV-001,2026-03-25 09:38:05.255954,17.96,390.12,30.45,38.11,23.97,Charging,Normal,-0.4713
OVN-EV-003,2026-03-25 09:38:07.443499,13.28,414.96,33.68,37.69,89.91,Charging,Normal,-0.4897
OVN-EV-002,2026-03-25 09:38:07.443499,15.56,407.49,35.25,41.92,35.13,Charging,Normal,-0.465
OVN-EV-001,2026-03-25 09:38:08.257613,15.68,414.39,34.35,39.89,94.1,Charging,Normal,-0.5163
OVN-EV-003,2026-03-25 09:38:10.456659,15.08,396.57,33.61,31.85,57.58,Charging,Normal,-0.4385
OVN-EV-002,2026-03-25 09:38:10.456659,21.84,392.13,28.21,35.47,83.43,Charging,Normal,-0.4783
OVN-EV-001,2026-03-25 09:38:11.258168,17.99,394.95,30.03,30.02,76.42,Charging,Normal,-0.4772
OVN-EV-003,2026-03-25 09:38:13.469210,14.24,405.89,31.72,34.57,55.83,Charging,Normal,-0.4366
OVN-EV-002,2026-03-25 09:38:13.469210,17.11,419.16,32.07,40.79,81.31,Charging,Normal,-0.4726
OVN-EV-001,2026-03-25 09:38:14.262637,21.04,415.91,33.66,34.44,80.18,Charging,Normal,-0.4684
OVN-EV-003,2026-03-25 09:38:16.468496,20.98,405.88,29.2,44.39,56.31,Charging,Normal,-0.4568
OVN-EV-002,2026-03-25 09:38:16.468496,15.59,399.61,34.84,38.14,48.76,Charging,Normal,-0.4389
OVN-EV-001,2026-03-25 09:38:17.267907,21.31,392.05,28.24,33.76,67.77,Charging,Normal,-0.4684
OVN-EV-003,2026-03-25 09:38:19.474953,16.05,404.13,32.88,41.31,61.56,Charging,Normal,-0.4249
OVN-EV-002,2026-03-25 09:38:19.474953,10.3,405.26,32.89,39.99,35.08,Charging,Normal,-0.4827
OVN-EV-001,2026-03-25 09:38:20.283326,17.05,404.68,33.97,43.43,81.56,Charging,Normal,-0.4614
OVN-EV-003,2026-03-25 09:38:22.487538,23.89,383.07,29.34,30.15,82.2,Charging,Normal,-0.5218
OVN-EV-002,2026-03-25 09:38:22.487538,22.74,406.9,31.42,40.3,94.37,Charging,Normal,-0.5032
OVN-EV-001,2026-03-25 09:38:23.297365,13.54,409.96,31.6,34.82,91.58,Charging,Normal,-0.4879
OVN-EV-002,2026-03-25 09:38:25.494537,20.79,411.42,31.07,39.25,40.9,Charging,Normal,-0.4351
OVN-EV-003,2026-03-25 09:38:25.494537,10.56,383.49,28.54,30.34,63.4,Charging,Normal,-0.547
OVN-EV-001,2026-03-25 09:38:26.296447,20.12,390.09,32.43,44.49,38.79,Charging,Normal,-0.4633
OVN-EV-002,2026-03-25 09:38:28.514189,20.65,403.1,31.58,39.75,30.67,Charging,Normal,-0.4456
OVN-EV-003,2026-03-25 09:38:28.514189,21.06,402.97,28.76,41.43,49.36,Charging,Normal,-0.4454
OVN-EV-001,2026-03-25 09:38:29.298104,23.8,386.99,32.15,42.2,87.85,Charging,Normal,-0.5038
OVN-EV-002,2026-03-25 09:38:31.525691,20.88,391.49,34.53,40.17,93.65,Charging,Normal,-0.4944
OVN-EV-003,2026-03-25 09:38:31.527161,15.83,382.92,30.95,33.42,55.0,Charging,Normal,-0.4553
OVN-EV-001,2026-03-25 09:38:32.297597,22.89,418.87,35.08,33.77,29.31,Charging,Normal,-0.525
OVN-EV-002,2026-03-25 09:38:34.535173,19.05,393.07,33.17,42.23,39.91,Charging,Normal,-0.4449
OVN-EV-003,2026-03-25 09:38:34.536561,13.12,409.76,28.16,40.13,63.32,Charging,Normal,-0.4544
OVN-EV-001,2026-03-25 09:38:35.306503,11.98,405.67,35.64,37.96,27.24,Charging,Normal,-0.5064
OVN-EV-002,2026-03-25 09:38:37.542251,21.59,419.71,35.13,30.13,63.27,Charging,Normal,-0.5413
OVN-EV-003,2026-03-25 09:38:37.542251,18.35,389.92,29.48,40.01,94.99,Charging,Normal,-0.4945
OVN-EV-001,2026-03-25 09:38:38.313705,24.67,413.9,34.91,33.27,29.19,Charging,Normal,-0.5213
OVN-EV-002,2026-03-25 09:38:40.561251,20.99,407.21,33.06,44.87,93.6,Charging,Normal,-0.5244
OVN-EV-003,2026-03-25 09:38:40.561251,20.23,392.51,28.72,32.6,23.66,Charging,Normal,-0.5069
OVN-EV-001,2026-03-25 09:38:41.313507,14.94,405.81,34.54,44.99,87.29,Charging,Normal,-0.5012
OVN-EV-003,2026-03-25 09:38:43.577697,15.62,399.74,33.22,34.38,89.31,Charging,Normal,-0.4594
OVN-EV-002,2026-03-25 09:38:43.577697,23.57,401.09,33.76,37.31,31.78,Charging,Normal,-0.4596
OVN-EV-001,2026-03-25 09:38:44.311759,21.76,415.06,33.47,37.03,35.47,Charging,Normal,-0.4613
OVN-EV-003,2026-03-25 09:38:46.591493,21.11,418.82,35.71,36.58,43.69,Charging,Normal,-0.499
OVN-EV-002,2026-03-25 09:38:46.591493,13.85,396.18,33.25,35.86,81.18,Charging,Normal,-0.4477
OVN-EV-001,2026-03-25 09:38:47.317847,18.11,403.04,32.08,40.36,48.72,Charging,Normal,-0.4242
OVN-EV-003,2026-03-25 09:38:49.610407,13.05,416.15,29.94,37.79,41.47,Charging,Normal,-0.4674
OVN-EV-002,2026-03-25 09:38:49.611406,20.18,395.96,28.92,34.74,93.72,Charging,Normal,-0.4954
OVN-EV-001,2026-03-25 09:38:50.321632,12.86,391.05,29.59,43.28,61.12,Charging,Normal,-0.4674
OVN-EV-003,2026-03-25 09:38:52.610016,22.96,413.1,28.56,32.59,76.75,Charging,Normal,-0.4923
OVN-EV-002,2026-03-25 09:38:52.611220,21.2,416.24,28.45,33.45,23.74,Charging,Normal,-0.5099
OVN-EV-001,2026-03-25 09:38:53.317851,19.79,408.61,29.77,31.09,26.98,Charging,Normal,-0.4835
OVN-EV-003,2026-03-25 09:38:55.624684,12.37,384.34,30.18,43.29,75.85,Charging,Normal,-0.4903
OVN-EV-002,2026-03-25 09:38:55.625875,23.28,393.8,29.99,34.82,51.81,Charging,Normal,-0.4518
OVN-EV-001,2026-03-25 09:38:56.329770,15.69,385.9,31.66,30.8,34.82,Charging,Normal,-0.4831
OVN-EV-003,2026-03-25 09:38:58.630991,15.65,399.15,30.77,36.31,41.1,Charging,Normal,-0.42
OVN-EV-002,2026-03-25 09:38:58.630991,22.59,411.06,35.42,34.33,36.1,Charging,Normal,-0.4975
OVN-EV-001,2026-03-25 09:38:59.346284,12.76,461.59,81.6,83.69,48.44,ANOMALY,ANOMALY,-0.6694
OVN-EV-003,2026-03-25 09:39:01.639507,10.45,381.81,33.26,43.75,40.05,Charging,Normal,-0.5325
OVN-EV-002,2026-03-25 09:39:01.639507,12.73,404.83,28.33,33.79,75.45,Charging,Normal,-0.4831
OVN-EV-001,2026-03-25 09:39:02.345324,23.46,394.41,35.12,44.28,79.31,Charging,Normal,-0.5111
OVN-EV-003,2026-03-25 09:39:04.643147,14.26,380.72,30.96,40.36,67.71,Charging,Normal,-0.4484
OVN-EV-002,2026-03-25 09:39:04.643147,14.25,398.82,35.73,42.84,66.08,Charging,Normal,-0.4545
OVN-EV-001,2026-03-25 09:39:05.347816,23.84,419.68,34.65,33.2,38.96,Charging,Normal,-0.5215
OVN-EV-003,2026-03-25 09:39:07.675389,13.65,418.49,28.21,36.32,21.97,Charging,Normal,-0.5196
OVN-EV-002,2026-03-25 09:39:07.678275,18.6,385.5,29.84,43.27,39.92,Charging,Normal,-0.4678
OVN-EV-001,2026-03-25 09:39:08.360251,12.95,405.65,30.58,43.27,43.37,Charging,Normal,-0.4618
OVN-EV-003,2026-03-25 09:39:10.678014,12.56,384.43,32.4,39.07,39.58,Charging,Normal,-0.4537
OVN-EV-002,2026-03-25 09:39:10.678014,19.02,412.29,34.2,42.22,72.71,Charging,Normal,-0.4567
OVN-EV-001,2026-03-25 09:39:11.376643,13.63,401.35,33.83,38.97,72.73,Charging,Normal,-0.4282
OVN-EV-003,2026-03-25 09:39:13.689716,19.23,411.26,34.38,32.44,90.21,Charging,Normal,-0.4891
OVN-EV-002,2026-03-25 09:39:13.689716,14.43,390.6,32.9,43.52,24.27,Charging,Normal,-0.4844
OVN-EV-001,2026-03-25 09:39:14.394965,22.33,413.47,35.38,44.76,44.16,Charging,Normal,-0.5089
OVN-EV-003,2026-03-25 09:39:16.706818,15.43,383.65,31.65,43.34,34.05,Charging,Normal,-0.4753
OVN-EV-002,2026-03-25 09:39:16.706818,19.84,390.18,33.1,38.93,77.76,Charging,Normal,-0.4295
OVN-EV-001,2026-03-25 09:39:17.407662,21.83,419.52,31.69,43.0,21.5,Charging,Normal,-0.5203
OVN-EV-003,2026-03-25 09:39:19.708681,18.57,411.99,34.77,40.71,43.48,Charging,Normal,-0.4474
OVN-EV-002,2026-03-25 09:39:19.708681,21.34,383.16,30.53,39.34,52.84,Charging,Normal,-0.4376
OVN-EV-001,2026-03-25 09:39:20.424207,15.86,391.23,32.01,31.25,90.37,Charging,Normal,-0.488
OVN-EV-003,2026-03-25 09:39:22.711099,20.55,381.03,33.48,41.5,33.25,Charging,Normal,-0.4788
OVN-EV-002,2026-03-25 09:39:22.712187,18.48,395.9,33.47,36.19,66.52,Charging,Normal,-0.4251
OVN-EV-001,2026-03-25 09:39:23.443741,22.98,404.82,33.82,42.6,81.24,Charging,Normal,-0.4675
OVN-EV-002,2026-03-25 09:39:25.712640,11.2,391.76,28.2,44.58,62.24,Charging,Normal,-0.5124
OVN-EV-003,2026-03-25 09:39:25.712640,18.29,385.48,35.66,32.99,38.15,Charging,Normal,-0.4837
OVN-EV-001,2026-03-25 09:39:26.461040,13.17,400.87,33.37,41.37,25.65,Charging,Normal,-0.4563
OVN-EV-002,2026-03-25 09:39:28.724930,18.7,416.58,29.75,44.49,47.99,Charging,Normal,-0.4908
OVN-EV-003,2026-03-25 09:39:28.726317,17.73,409.98,28.12,33.13,93.38,Charging,Normal,-0.5177
OVN-EV-001,2026-03-25 09:39:29.469583,11.43,416.03,33.46,37.36,76.26,Charging,Normal,-0.4802
OVN-EV-002,2026-03-25 09:39:31.735226,23.18,380.75,34.31,41.8,34.43,Charging,Normal,-0.5008
OVN-EV-003,2026-03-25 09:39:31.735226,12.24,382.96,35.54,31.44,27.23,Charging,Normal,-0.5282
OVN-EV-001,2026-03-25 09:39:32.483676,14.9,402.82,35.58,32.91,85.13,Charging,Normal,-0.485
OVN-EV-002,2026-03-25 09:39:34.744177,11.19,387.77,31.81,35.77,83.58,Charging,Normal,-0.482
OVN-EV-003,2026-03-25 09:39:34.744177,14.0,381.93,31.81,37.14,74.83,Charging,Normal,-0.4534
OVN-EV-001,2026-03-25 09:39:35.494519,24.49,384.29,31.08,43.37,31.49,Charging,Normal,-0.5211
OVN-EV-002,2026-03-25 09:39:37.751611,19.8,408.45,34.64,31.74,54.6,Charging,Normal,-0.4559
OVN-EV-003,2026-03-25 09:39:37.751611,24.7,418.78,35.66,44.54,53.27,Charging,Normal,-0.5606
OVN-EV-001,2026-03-25 09:39:38.516499,22.24,393.02,33.03,42.85,24.5,Charging,Normal,-0.4925
OVN-EV-002,2026-03-25 09:39:40.765524,12.57,416.14,28.51,30.22,58.83,Charging,Normal,-0.529
OVN-EV-003,2026-03-25 09:39:40.765524,12.76,403.73,28.29,40.47,58.93,Charging,Normal,-0.4675
OVN-EV-001,2026-03-25 09:39:41.515584,22.25,404.01,31.52,43.11,80.01,Charging,Normal,-0.4662
OVN-EV-003,2026-03-25 09:39:43.776739,14.89,408.67,31.43,39.91,65.98,Charging,Normal,-0.4222
OVN-EV-002,2026-03-25 09:39:43.776739,16.29,392.35,32.23,35.0,26.25,Charging,Normal,-0.448
OVN-EV-001,2026-03-25 09:39:44.514226,15.99,384.97,34.84,39.95,30.47,Charging,Normal,-0.4681
OVN-EV-003,2026-03-25 09:39:46.781460,22.69,418.32,28.51,42.45,48.73,Charging,Normal,-0.4991
OVN-EV-002,2026-03-25 09:39:46.781460,17.63,410.99,29.39,44.03,30.24,Charging,Normal,-0.4841
OVN-EV-001,2026-03-25 09:39:47.531643,10.22,380.66,29.85,32.91,34.45,Charging,Normal,-0.5354
OVN-EV-003,2026-03-25 09:39:49.795771,11.89,477.75,84.11,87.17,52.83,ANOMALY,ANOMALY,-0.6839
OVN-EV-002,2026-03-25 09:39:49.795771,17.98,411.56,33.98,44.94,46.63,Charging,Normal,-0.4677
OVN-EV-001,2026-03-25 09:39:50.533571,18.61,392.62,32.24,40.47,72.24,Charging,Normal,-0.4335
OVN-EV-003,2026-03-25 09:39:52.801562,20.27,459.46,90.74,88.1,61.01,ANOMALY,ANOMALY,-0.6641
OVN-EV-002,2026-03-25 09:39:52.802693,23.54,387.8,30.73,44.65,84.96,Charging,Normal,-0.5026
OVN-EV-001,2026-03-25 09:39:53.548010,16.66,383.26,28.01,36.7,50.36,Charging,Normal,-0.4752
OVN-EV-003,2026-03-25 09:39:55.811849,12.45,411.17,33.81,34.83,82.42,Charging,Normal,-0.4664
OVN-EV-002,2026-03-25 09:39:55.811849,17.52,417.06,34.02,33.74,41.98,Charging,Normal,-0.4612
OVN-EV-001,2026-03-25 09:39:56.561889,18.51,400.65,29.7,32.68,88.44,Charging,Normal,-0.4771
OVN-EV-003,2026-03-25 09:39:58.814678,17.67,402.81,34.48,40.47,56.8,Charging,Normal,-0.4236
OVN-EV-002,2026-03-25 09:39:58.815714,21.23,409.85,35.65,39.7,28.63,Charging,Normal,-0.5038
OVN-EV-001,2026-03-25 09:39:59.580653,22.92,413.19,29.81,44.9,80.08,Charging,Normal,-0.4957
OVN-EV-003,2026-03-25 09:40:01.823992,18.54,417.07,30.68,41.52,36.25,Charging,Normal,-0.4497
OVN-EV-002,2026-03-25 09:40:01.825171,23.88,403.26,33.4,36.68,20.93,Charging,Normal,-0.493
OVN-EV-001,2026-03-25 09:40:02.578846,12.47,380.03,30.22,38.24,79.83,Charging,Normal,-0.4907
OVN-EV-003,2026-03-25 09:40:04.839443,11.22,397.59,35.52,32.76,79.16,Charging,Normal,-0.5062
OVN-EV-002,2026-03-25 09:40:04.840464,20.49,408.02,31.69,39.58,34.27,Charging,Normal,-0.4546
OVN-EV-001,2026-03-25 09:40:05.580826,15.47,406.23,33.82,38.11,44.74,Charging,Normal,-0.432
OVN-EV-003,2026-03-25 09:40:07.861525,11.24,401.64,31.81,30.36,77.04,Charging,Normal,-0.4956
OVN-EV-002,2026-03-25 09:40:07.862770,22.47,386.52,30.44,37.38,88.75,Charging,Normal,-0.4866
OVN-EV-001,2026-03-25 09:40:08.594714,24.59,390.0,28.74,34.89,41.71,Charging,Normal,-0.4935
OVN-EV-003,2026-03-25 09:40:10.856019,21.18,389.7,31.13,33.72,26.62,Charging,Normal,-0.4825
OVN-EV-002,2026-03-25 09:40:10.857401,11.67,415.52,34.07,43.17,66.14,Charging,Normal,-0.4869
OVN-EV-001,2026-03-25 09:40:11.597205,15.78,413.86,32.58,31.22,39.77,Charging,Normal,-0.4604
OVN-EV-003,2026-03-25 09:40:13.874154,24.12,418.58,30.67,31.57,25.43,Charging,Normal,-0.5412
OVN-EV-002,2026-03-25 09:40:13.874154,17.4,388.0,30.33,32.22,89.34,Charging,Normal,-0.4752
OVN-EV-001,2026-03-25 09:40:14.610225,19.52,392.93,35.31,44.05,76.09,Charging,Normal,-0.4726
OVN-EV-003,2026-03-25 09:40:16.882996,16.07,412.84,34.38,33.88,25.86,Charging,Normal,-0.4778
OVN-EV-002,2026-03-25 09:40:16.884254,23.51,381.08,31.84,32.39,75.05,Charging,Normal,-0.5011
OVN-EV-001,2026-03-25 09:40:17.611730,11.0,395.16,31.43,44.3,37.06,Charging,Normal,-0.488
OVN-EV-003,2026-03-25 09:40:19.882822,15.24,403.31,32.77,38.84,52.59,Charging,Normal,-0.4231
OVN-EV-002,2026-03-25 09:40:19.882822,14.03,402.24,34.59,35.65,51.83,Charging,Normal,-0.4417
OVN-EV-001,2026-03-25 09:40:20.627817,20.74,417.23,33.77,43.4,30.08,Charging,Normal,-0.4868
OVN-EV-003,2026-03-25 09:40:22.883340,22.52,402.65,34.75,36.3,84.45,Charging,Normal,-0.4649
OVN-EV-002,2026-03-25 09:40:22.883340,12.08,418.17,31.85,38.83,54.91,Charging,Normal,-0.4696
OVN-EV-001,2026-03-25 09:40:23.645423,19.84,385.78,29.63,40.39,36.43,Charging,Normal,-0.4488
OVN-EV-002,2026-03-25 09:40:25.895402,16.45,419.0,35.72,36.97,75.3,Charging,Normal,-0.4882
OVN-EV-003,2026-03-25 09:40:25.895402,19.88,399.95,31.57,32.8,87.31,Charging,Normal,-0.4552
OVN-EV-001,2026-03-25 09:40:26.648340,22.64,415.87,32.3,35.86,20.71,Charging,Normal,-0.4975
OVN-EV-002,2026-03-25 09:40:28.911942,15.55,381.9,32.7,32.09,20.31,Charging,Normal,-0.5055
OVN-EV-003,2026-03-25 09:40:28.911942,17.46,405.01,29.8,33.77,71.59,Charging,Normal,-0.4387
OVN-EV-001,2026-03-25 09:40:29.649436,19.9,411.66,30.23,42.82,57.04,Charging,Normal,-0.4568
OVN-EV-002,2026-03-25 09:40:31.911195,10.17,411.75,31.36,36.14,82.85,Charging,Normal,-0.5019
OVN-EV-003,2026-03-25 09:40:31.912849,24.82,417.94,32.24,39.09,22.57,Charging,Normal,-0.5331
OVN-EV-001,2026-03-25 09:40:32.650555,18.22,410.38,31.52,35.82,40.22,Charging,Normal,-0.4326
OVN-EV-002,2026-03-25 09:40:34.900706,14.2,410.31,34.61,37.51,34.82,Charging,Normal,-0.4615
OVN-EV-003,2026-03-25 09:40:34.900706,18.02,403.73,34.59,38.1,68.92,Charging,Normal,-0.4271
OVN-EV-001,2026-03-25 09:40:35.656995,22.71,401.29,34.27,44.88,48.81,Charging,Normal,-0.472
OVN-EV-002,2026-03-25 09:40:37.922207,17.42,492.06,93.31,84.58,26.94,ANOMALY,ANOMALY,-0.6732
OVN-EV-003,2026-03-25 09:40:37.924225,11.77,396.08,29.89,36.91,82.23,Charging,Normal,-0.4617
OVN-EV-001,2026-03-25 09:40:38.659840,11.5,396.2,33.56,31.58,70.45,Charging,Normal,-0.4759
OVN-EV-002,2026-03-25 09:40:40.934059,23.97,406.73,30.89,36.36,56.56,Charging,Normal,-0.4544
OVN-EV-003,2026-03-25 09:40:40.935221,24.91,400.85,29.01,36.97,82.48,Charging,Normal,-0.4996
OVN-EV-001,2026-03-25 09:40:41.669279,13.4,394.21,29.15,41.47,87.86,Charging,Normal,-0.475
OVN-EV-003,2026-03-25 09:40:43.958875,25.0,396.02,31.37,37.41,81.83,Charging,Normal,-0.4939
OVN-EV-002,2026-03-25 09:40:43.958875,13.9,399.55,35.2,32.41,24.84,Charging,Normal,-0.4985
OVN-EV-001,2026-03-25 09:40:44.693070,12.27,390.98,29.05,30.18,20.46,Charging,Normal,-0.5508
OVN-EV-003,2026-03-25 09:40:46.967504,14.3,419.52,35.46,37.41,70.79,Charging,Normal,-0.4881
OVN-EV-002,2026-03-25 09:40:46.967504,14.22,485.82,83.22,76.23,32.32,ANOMALY,ANOMALY,-0.6701
OVN-EV-001,2026-03-25 09:40:47.697126,17.24,398.74,35.14,36.26,32.05,Charging,Normal,-0.4651
OVN-EV-003,2026-03-25 09:40:49.963755,15.38,398.13,31.21,37.14,23.9,Charging,Normal,-0.4526
OVN-EV-002,2026-03-25 09:40:49.965238,24.92,411.67,35.04,30.48,75.21,Charging,Normal,-0.5379
OVN-EV-001,2026-03-25 09:40:50.711156,18.63,414.68,35.45,43.57,64.74,Charging,Normal,-0.472
OVN-EV-003,2026-03-25 09:40:52.978907,22.26,405.1,32.52,35.35,50.2,Charging,Normal,-0.4438
OVN-EV-002,2026-03-25 09:40:52.978907,11.43,418.11,31.39,39.61,39.36,Charging,Normal,-0.4897
OVN-EV-001,2026-03-25 09:40:53.712189,23.42,402.61,34.75,41.89,73.8,Charging,Normal,-0.4731
OVN-EV-003,2026-03-25 09:40:55.982403,15.09,388.22,30.71,41.01,63.29,Charging,Normal,-0.4464
OVN-EV-002,2026-03-25 09:40:55.983547,10.33,380.99,32.41,38.67,35.98,Charging,Normal,-0.5261
OVN-EV-001,2026-03-25 09:40:56.710950,20.28,387.28,33.99,34.78,49.13,Charging,Normal,-0.4545
OVN-EV-003,2026-03-25 09:40:58.996248,24.97,417.0,30.81,36.94,49.72,Charging,Normal,-0.4993
OVN-EV-002,2026-03-25 09:40:58.996248,17.56,399.42,28.76,42.29,61.17,Charging,Normal,-0.4438
OVN-EV-001,2026-03-25 09:40:59.711956,11.94,401.1,32.64,34.85,94.71,Charging,Normal,-0.4981
OVN-EV-003,2026-03-25 09:41:01.995136,13.37,384.78,30.81,44.28,74.95,Charging,Normal,-0.4834
OVN-EV-002,2026-03-25 09:41:01.995643,12.77,393.26,31.27,31.81,64.85,Charging,Normal,-0.4717
OVN-EV-001,2026-03-25 09:41:02.711048,17.81,411.1,29.9,30.14,37.14,Charging,Normal,-0.4828
OVN-EV-003,2026-03-25 09:41:05.012459,22.45,407.22,30.41,36.92,82.17,Charging,Normal,-0.4589
OVN-EV-002,2026-03-25 09:41:05.012459,18.64,413.49,28.97,41.7,38.26,Charging,Normal,-0.453
OVN-EV-001,2026-03-25 09:41:05.709966,13.82,417.08,34.74,32.74,49.96,Charging,Normal,-0.4806
OVN-EV-003,2026-03-25 09:41:08.029297,12.55,401.11,34.99,30.67,79.33,Charging,Normal,-0.5041
OVN-EV-002,2026-03-25 09:41:08.029297,21.86,392.78,30.65,44.31,65.26,Charging,Normal,-0.4623
OVN-EV-001,2026-03-25 09:41:08.705348,10.22,415.49,32.17,32.03,40.51,Charging,Normal,-0.532
OVN-EV-003,2026-03-25 09:41:11.042324,15.63,393.61,30.19,32.71,90.34,Charging,Normal,-0.4757
OVN-EV-002,2026-03-25 09:41:11.042324,14.74,396.12,31.26,34.06,42.42,Charging,Normal,-0.433
OVN-EV-001,2026-03-25 09:41:11.712168,18.94,387.59,28.09,35.48,70.97,Charging,Normal,-0.4764
OVN-EV-003,2026-03-25 09:41:14.060921,19.8,401.45,32.91,37.28,92.48,Charging,Normal,-0.4582
OVN-EV-002,2026-03-25 09:41:14.060921,21.57,395.44,30.34,38.39,62.99,Charging,Normal,-0.4412
OVN-EV-001,2026-03-25 09:41:14.713622,16.22,383.69,31.82,38.25,81.2,Charging,Normal,-0.4541
OVN-EV-003,2026-03-25 09:41:17.061508,21.36,391.75,34.48,42.18,76.94,Charging,Normal,-0.462
OVN-EV-002,2026-03-25 09:41:17.061508,13.46,407.36,29.39,38.55,48.16,Charging,Normal,-0.4328
OVN-EV-001,2026-03-25 09:41:17.726864,19.96,381.7,34.3,41.31,87.81,Charging,Normal,-0.494
OVN-EV-003,2026-03-25 09:41:20.079036,18.88,408.1,31.71,41.71,39.01,Charging,Normal,-0.4348
OVN-EV-002,2026-03-25 09:41:20.079036,23.9,386.73,30.38,37.58,79.84,Charging,Normal,-0.4796
OVN-EV-001,2026-03-25 09:41:20.728913,23.89,388.42,30.5,32.87,39.26,Charging,Normal,-0.4851
OVN-EV-003,2026-03-25 09:41:23.075998,22.62,405.08,34.78,35.37,93.89,Charging,Normal,-0.501
OVN-EV-002,2026-03-25 09:41:23.075998,11.76,411.48,31.51,43.33,33.26,Charging,Normal,-0.5003
OVN-EV-001,2026-03-25 09:41:23.736407,14.21,386.62,32.68,33.91,63.26,Charging,Normal,-0.4501
OVN-EV-002,2026-03-25 09:41:26.094545,15.73,382.89,32.11,31.63,63.53,Charging,Normal,-0.4653
OVN-EV-003,2026-03-25 09:41:26.094545,13.8,419.48,29.04,31.41,52.58,Charging,Normal,-0.5185
OVN-EV-001,2026-03-25 09:41:26.735624,14.96,400.21,32.57,33.23,54.6,Charging,Normal,-0.4332
OVN-EV-002,2026-03-25 09:41:29.109542,18.72,419.44,30.61,38.76,94.63,Charging,Normal,-0.5177
OVN-EV-003,2026-03-25 09:41:29.109542,10.93,451.51,85.32,83.12,89.9,ANOMALY,ANOMALY,-0.6986
OVN-EV-001,2026-03-25 09:41:29.749994,15.87,495.45,89.48,76.57,85.04,ANOMALY,ANOMALY,-0.6916
OVN-EV-002,2026-03-25 09:41:32.129939,24.38,390.3,28.24,39.71,32.93,Charging,Normal,-0.4957
OVN-EV-003,2026-03-25 09:41:32.131059,22.42,404.61,35.08,39.63,52.77,Charging,Normal,-0.4521
OVN-EV-001,2026-03-25 09:41:32.763285,16.24,396.41,30.25,31.42,88.57,Charging,Normal,-0.4852
OVN-EV-002,2026-03-25 09:41:35.128710,21.56,388.44,33.54,40.39,47.51,Charging,Normal,-0.4477
OVN-EV-003,2026-03-25 09:41:35.129713,10.18,407.36,29.64,30.47,92.03,Charging,Normal,-0.5436
OVN-EV-001,2026-03-25 09:41:35.782132,14.98,407.67,35.51,34.68,38.72,Charging,Normal,-0.4642
OVN-EV-002,2026-03-25 09:41:38.128845,11.69,419.85,28.16,32.11,73.1,Charging,Normal,-0.5306
OVN-EV-003,2026-03-25 09:41:38.128845,19.44,455.05,90.43,82.94,87.95,ANOMALY,ANOMALY,-0.6784
OVN-EV-001,2026-03-25 09:41:38.797884,24.28,391.67,29.68,35.41,66.51,Charging,Normal,-0.4695
OVN-EV-002,2026-03-25 09:41:41.143521,13.18,396.57,34.43,44.8,50.27,Charging,Normal,-0.4687
OVN-EV-003,2026-03-25 09:41:41.143521,17.55,395.18,32.71,33.32,55.94,Charging,Normal,-0.4364
OVN-EV-001,2026-03-25 09:41:41.811924,14.69,456.14,89.63,83.39,52.57,ANOMALY,Normal,-0.661
OVN-EV-003,2026-03-25 09:41:44.145614,11.49,389.47,34.37,32.55,34.6,Charging,Normal,-0.4955
OVN-EV-002,2026-03-25 09:41:44.147127,14.77,419.9,34.11,43.79,34.76,Charging,Normal,-0.4863
OVN-EV-001,2026-03-25 09:41:44.829994,15.05,404.44,28.28,41.9,94.13,Charging,Normal,-0.5143
OVN-EV-003,2026-03-25 09:41:47.157197,24.86,390.89,35.16,38.5,52.74,Charging,Normal,-0.4955
OVN-EV-002,2026-03-25 09:41:47.157197,17.0,390.88,31.48,37.39,77.0,Charging,Normal,-0.4361
OVN-EV-001,2026-03-25 09:41:47.844161,18.18,381.77,34.6,44.07,56.31,Charging,Normal,-0.4795
OVN-EV-003,2026-03-25 09:41:50.159938,15.76,395.22,32.65,39.38,59.36,Charging,Normal,-0.4218
OVN-EV-002,2026-03-25 09:41:50.159938,19.83,388.45,35.04,35.19,61.24,Charging,Normal,-0.4547
OVN-EV-001,2026-03-25 09:41:50.861885,10.62,405.73,33.08,39.13,82.83,Charging,Normal,-0.4791
OVN-EV-003,2026-03-25 09:41:53.157725,24.02,395.73,35.98,42.62,26.83,Charging,Normal,-0.5394
OVN-EV-002,2026-03-25 09:41:53.157725,13.95,410.98,29.4,35.22,90.32,Charging,Normal,-0.4743
OVN-EV-001,2026-03-25 09:41:53.862816,21.7,393.95,32.46,44.36,31.82,Charging,Normal,-0.4913
OVN-EV-003,2026-03-25 09:41:56.187385,13.55,413.31,28.12,40.04,80.84,Charging,Normal,-0.4766
OVN-EV-002,2026-03-25 09:41:56.187385,24.55,400.84,30.69,43.47,64.63,Charging,Normal,-0.4813
OVN-EV-001,2026-03-25 09:41:56.863203,14.2,388.57,34.04,31.4,23.61,Charging,Normal,-0.5009
OVN-EV-003,2026-03-25 09:41:59.205846,24.86,397.63,29.81,30.46,76.55,Charging,Normal,-0.5092
OVN-EV-002,2026-03-25 09:41:59.205846,15.27,393.66,33.37,35.67,73.15,Charging,Normal,-0.4243
OVN-EV-001,2026-03-25 09:41:59.877226,16.57,387.76,29.65,42.35,29.01,Charging,Normal,-0.4673
OVN-EV-003,2026-03-25 09:42:02.219508,13.28,390.31,29.95,41.1,88.34,Charging,Normal,-0.4623
OVN-EV-002,2026-03-25 09:42:02.219508,10.91,402.45,29.05,31.22,92.07,Charging,Normal,-0.537
OVN-EV-001,2026-03-25 09:42:02.879510,13.03,452.48,86.86,85.75,58.16,ANOMALY,ANOMALY,-0.674
OVN-EV-003,2026-03-25 09:42:05.231912,24.65,396.51,28.49,30.57,88.18,Charging,Normal,-0.531
OVN-EV-002,2026-03-25 09:42:05.233149,12.53,413.74,32.25,37.5,69.43,Charging,Normal,-0.4534
OVN-EV-001,2026-03-25 09:42:05.881401,19.84,402.62,34.4,39.3,44.35,Charging,Normal,-0.4474
OVN-EV-003,2026-03-25 09:42:08.245233,16.49,419.05,35.1,31.2,92.79,Charging,Normal,-0.5389
OVN-EV-002,2026-03-25 09:42:08.245233,22.78,384.55,32.06,43.22,25.88,Charging,Normal,-0.4989
OVN-EV-001,2026-03-25 09:42:08.889983,11.11,396.62,30.5,41.45,89.7,Charging,Normal,-0.4855
OVN-EV-003,2026-03-25 09:42:11.252517,22.8,388.68,35.14,37.23,40.94,Charging,Normal,-0.474
OVN-EV-002,2026-03-25 09:42:11.253515,13.78,384.91,28.85,36.22,21.91,Charging,Normal,-0.4913
OVN-EV-001,2026-03-25 09:42:11.909125,23.58,407.3,34.66,37.68,89.94,Charging,Normal,-0.4933
OVN-EV-003,2026-03-25 09:42:14.265351,21.98,388.64,31.31,33.32,22.66,Charging,Normal,-0.4903
OVN-EV-002,2026-03-25 09:42:14.265351,10.13,399.69,33.81,43.8,29.42,Charging,Normal,-0.5334
OVN-EV-001,2026-03-25 09:42:14.921955,13.03,400.83,34.64,37.57,31.67,Charging,Normal,-0.4564
OVN-EV-003,2026-03-25 09:42:17.269224,22.51,419.0,33.66,31.62,63.99,Charging,Normal,-0.4903
OVN-EV-002,2026-03-25 09:42:17.270352,23.45,389.4,33.07,35.23,72.05,Charging,Normal,-0.4582
OVN-EV-001,2026-03-25 09:42:17.951620,10.91,415.01,32.36,32.38,69.96,Charging,Normal,-0.4987
OVN-EV-003,2026-03-25 09:42:20.264499,19.55,389.33,33.53,31.23,63.71,Charging,Normal,-0.4621
OVN-EV-002,2026-03-25 09:42:20.265766,21.43,387.31,32.17,36.68,74.42,Charging,Normal,-0.445
OVN-EV-001,2026-03-25 09:42:20.963039,17.43,418.38,29.8,33.17,37.3,Charging,Normal,-0.4727
OVN-EV-002,2026-03-25 09:42:23.263861,17.21,401.72,28.82,42.49,82.13,Charging,Normal,-0.4546
OVN-EV-003,2026-03-25 09:42:23.265050,20.79,384.92,30.4,32.92,79.73,Charging,Normal,-0.4704
OVN-EV-001,2026-03-25 09:42:23.980038,11.44,393.15,32.34,38.35,45.71,Charging,Normal,-0.4484
OVN-EV-003,2026-03-25 09:42:26.261955,15.56,395.9,28.25,35.66,28.2,Charging,Normal,-0.4735
OVN-EV-002,2026-03-25 09:42:26.261955,11.32,407.15,34.23,42.04,29.38,Charging,Normal,-0.4941
OVN-EV-001,2026-03-25 09:42:26.997709,14.71,409.9,31.94,31.67,80.38,Charging,Normal,-0.4655
OVN-EV-003,2026-03-25 09:42:29.267488,14.89,410.74,29.05,36.51,90.32,Charging,Normal,-0.4774
OVN-EV-002,2026-03-25 09:42:29.267488,14.47,452.42,86.28,80.44,87.05,ANOMALY,ANOMALY,-0.6625
OVN-EV-001,2026-03-25 09:42:30.016870,19.89,388.18,29.37,43.1,72.25,Charging,Normal,-0.4523
OVN-EV-003,2026-03-25 09:42:32.282378,15.94,392.64,34.31,30.72,55.34,Charging,Normal,-0.4596
OVN-EV-002,2026-03-25 09:42:32.282378,10.29,403.49,30.64,33.43,93.75,Charging,Normal,-0.5248
OVN-EV-001,2026-03-25 09:42:33.030677,18.27,394.42,35.89,36.05,56.11,Charging,Normal,-0.4714
OVN-EV-003,2026-03-25 09:42:35.283545,17.33,416.74,34.28,31.37,45.19,Charging,Normal,-0.4834
OVN-EV-002,2026-03-25 09:42:35.283545,24.71,416.8,28.52,31.57,57.64,Charging,Normal,-0.5293
OVN-EV-001,2026-03-25 09:42:36.047573,15.22,392.6,31.32,31.23,49.26,Charging,Normal,-0.4502
OVN-EV-003,2026-03-25 09:42:38.297838,17.94,419.97,32.38,34.38,80.8,Charging,Normal,-0.4742
OVN-EV-002,2026-03-25 09:42:38.297838,15.92,387.68,33.2,41.14,34.8,Charging,Normal,-0.451
OVN-EV-001,2026-03-25 09:42:39.047913,15.85,398.61,33.88,42.03,21.48,Charging,Normal,-0.4767
OVN-EV-003,2026-03-25 09:42:41.298281,24.71,419.8,34.96,38.89,52.59,Charging,Normal,-0.5278
OVN-EV-002,2026-03-25 09:42:41.298281,20.1,402.92,31.2,44.04,20.54,Charging,Normal,-0.4988
OVN-EV-001,2026-03-25 09:42:42.064280,15.02,408.23,30.46,40.96,83.12,Charging,Normal,-0.4498
OVN-EV-002,2026-03-25 09:42:44.294237,24.08,407.19,32.34,37.14,73.91,Charging,Normal,-0.4517
OVN-EV-003,2026-03-25 09:42:44.294237,23.19,399.81,29.55,39.38,52.74,Charging,Normal,-0.449
OVN-EV-001,2026-03-25 09:42:45.093440,10.28,402.28,28.34,35.06,61.84,Charging,Normal,-0.4851
OVN-EV-002,2026-03-25 09:42:47.314553,12.99,416.65,28.52,31.85,91.22,Charging,Normal,-0.5323
OVN-EV-003,2026-03-25 09:42:47.314553,19.74,404.56,31.11,40.14,57.73,Charging,Normal,-0.4196
OVN-EV-001,2026-03-25 09:42:48.098870,18.46,383.33,29.93,43.65,56.4,Charging,Normal,-0.4573
OVN-EV-002,2026-03-25 09:42:50.331217,21.24,408.77,34.67,31.66,52.43,Charging,Normal,-0.4741
OVN-EV-003,2026-03-25 09:42:50.331724,10.13,414.18,32.48,44.48,61.7,Charging,Normal,-0.5241
OVN-EV-001,2026-03-25 09:42:51.098714,17.64,416.55,35.87,33.14,85.12,Charging,Normal,-0.51
OVN-EV-002,2026-03-25 09:42:53.331509,11.31,417.6,32.76,42.56,65.89,Charging,Normal,-0.4857
OVN-EV-003,2026-03-25 09:42:53.331509,10.45,406.18,28.8,35.94,82.94,Charging,Normal,-0.4958
OVN-EV-001,2026-03-25 09:42:54.114020,22.58,394.65,30.0,44.11,41.7,Charging,Normal,-0.473
OVN-EV-002,2026-03-25 09:42:56.339079,16.62,380.85,34.19,34.6,55.13,Charging,Normal,-0.4622
OVN-EV-003,2026-03-25 09:42:56.339079,14.02,476.39,95.86,71.5,36.35,ANOMALY,ANOMALY,-0.6912
OVN-EV-001,2026-03-25 09:42:57.115284,12.58,398.51,32.79,31.19,32.71,Charging,Normal,-0.4792
OVN-EV-002,2026-03-25 09:42:59.353355,16.54,400.41,28.78,40.14,94.83,Charging,Normal,-0.4918
OVN-EV-003,2026-03-25 09:42:59.353355,11.43,385.03,32.94,38.4,83.34,Charging,Normal,-0.4692
OVN-EV-001,2026-03-25 09:43:00.115095,14.84,398.78,35.02,33.49,51.03,Charging,Normal,-0.4596
OVN-EV-002,2026-03-25 09:43:02.376470,21.74,385.63,31.03,34.23,69.12,Charging,Normal,-0.4544
OVN-EV-003,2026-03-25 09:43:02.376470,15.59,404.11,34.97,31.42,62.43,Charging,Normal,-0.4615
OVN-EV-001,2026-03-25 09:43:03.115330,14.44,413.4,29.51,40.96,33.18,Charging,Normal,-0.4712
OVN-EV-003,2026-03-25 09:43:05.386731,20.4,419.57,32.88,43.39,50.58,Charging,Normal,-0.4714
OVN-EV-002,2026-03-25 09:43:05.386731,21.98,400.31,29.16,44.26,33.08,Charging,Normal,-0.4895
OVN-EV-001,2026-03-25 09:43:06.114797,23.21,406.96,31.05,41.77,62.89,Charging,Normal,-0.4441
OVN-EV-003,2026-03-25 09:43:08.404125,11.43,389.41,31.47,41.29,71.87,Charging,Normal,-0.4716
OVN-EV-002,2026-03-25 09:43:08.404125,21.13,389.35,28.6,43.38,57.84,Charging,Normal,-0.4795
OVN-EV-001,2026-03-25 09:43:09.115186,21.07,401.08,32.1,41.54,69.26,Charging,Normal,-0.4343
OVN-EV-003,2026-03-25 09:43:11.415797,12.2,417.81,28.84,42.11,23.03,Charging,Normal,-0.516
OVN-EV-002,2026-03-25 09:43:11.415797,15.3,406.89,28.81,39.84,78.58,Charging,Normal,-0.4542
OVN-EV-001,2026-03-25 09:43:12.114849,19.23,382.11,30.32,35.27,78.82,Charging,Normal,-0.4534
OVN-EV-003,2026-03-25 09:43:14.436007,11.83,398.92,28.68,33.65,43.33,Charging,Normal,-0.4743
OVN-EV-002,2026-03-25 09:43:14.436007,15.8,394.89,30.2,43.6,40.77,Charging,Normal,-0.4482
OVN-EV-001,2026-03-25 09:43:15.114980,17.24,406.06,31.91,32.88,56.11,Charging,Normal,-0.4356
OVN-EV-003,2026-03-25 09:43:17.452468,23.88,382.23,33.21,35.2,46.01,Charging,Normal,-0.4802
OVN-EV-002,2026-03-25 09:43:17.452468,14.23,383.36,29.37,37.99,52.4,Charging,Normal,-0.4595
OVN-EV-001,2026-03-25 09:43:18.114753,17.51,385.36,31.63,42.95,73.91,Charging,Normal,-0.4572
OVN-EV-003,2026-03-25 09:43:20.470590,24.0,410.14,30.16,36.39,33.13,Charging,Normal,-0.48
OVN-EV-002,2026-03-25 09:43:20.470590,17.96,381.53,33.09,37.59,53.71,Charging,Normal,-0.4503
OVN-EV-001,2026-03-25 09:43:21.115108,16.93,406.1,33.02,37.24,78.51,Charging,Normal,-0.4247
OVN-EV-002,2026-03-25 09:43:23.477711,10.03,397.12,34.06,44.83,79.06,Charging,Normal,-0.5292
OVN-EV-003,2026-03-25 09:43:23.477711,18.13,397.91,29.51,44.58,69.16,Charging,Normal,-0.4741
OVN-EV-001,2026-03-25 09:43:24.132093,19.1,405.33,29.42,37.28,73.22,Charging,Normal,-0.4302
OVN-EV-002,2026-03-25 09:43:26.484183,16.9,417.04,35.79,35.15,27.21,Charging,Normal,-0.5079
OVN-EV-003,2026-03-25 09:43:26.484183,23.65,413.58,34.43,30.08,57.39,Charging,Normal,-0.4929
OVN-EV-001,2026-03-25 09:43:27.130837,14.8,413.6,32.46,37.63,27.0,Charging,Normal,-0.4694
OVN-EV-002,2026-03-25 09:43:29.501765,16.5,391.63,30.58,36.5,61.45,Charging,Normal,-0.4339
OVN-EV-003,2026-03-25 09:43:29.501765,22.89,384.17,31.43,31.03,66.98,Charging,Normal,-0.4829
OVN-EV-001,2026-03-25 09:43:30.131448,16.91,382.31,28.42,31.55,79.34,Charging,Normal,-0.4946
OVN-EV-002,2026-03-25 09:43:32.502631,24.29,390.81,33.38,43.1,79.14,Charging,Normal,-0.4781
OVN-EV-003,2026-03-25 09:43:32.502631,20.18,405.92,30.06,36.57,75.47,Charging,Normal,-0.4293
OVN-EV-001,2026-03-25 09:43:33.142846,12.13,399.85,31.62,37.21,88.43,Charging,Normal,-0.4676
OVN-EV-002,2026-03-25 09:43:35.504136,10.43,419.68,29.48,41.66,85.67,Charging,Normal,-0.5364
OVN-EV-003,2026-03-25 09:43:35.504136,19.88,402.45,35.18,31.97,28.02,Charging,Normal,-0.5011
OVN-EV-001,2026-03-25 09:43:36.147799,13.17,386.35,34.23,36.94,62.34,Charging,Normal,-0.4545
OVN-EV-002,2026-03-25 09:43:38.519801,18.58,386.94,35.3,43.19,60.75,Charging,Normal,-0.4802
OVN-EV-003,2026-03-25 09:43:38.519801,19.52,401.38,30.28,41.75,85.47,Charging,Normal,-0.4409
OVN-EV-001,2026-03-25 09:43:39.148181,11.12,418.03,28.24,44.49,74.67,Charging,Normal,-0.5341
OVN-EV-002,2026-03-25 09:43:41.537572,19.56,393.4,33.96,32.26,40.52,Charging,Normal,-0.4637
OVN-EV-003,2026-03-25 09:43:41.537572,21.06,402.5,32.68,41.06,53.05,Charging,Normal,-0.4312
OVN-EV-001,2026-03-25 09:43:42.149284,17.64,384.95,35.49,44.87,71.25,Charging,Normal,-0.5027
OVN-EV-003,2026-03-25 09:43:44.549163,19.22,393.06,28.91,35.08,69.83,Charging,Normal,-0.4521
OVN-EV-002,2026-03-25 09:43:44.549163,24.75,388.95,35.91,32.32,52.52,Charging,Normal,-0.5239
OVN-EV-001,2026-03-25 09:43:45.165848,13.03,391.47,35.32,37.96,80.25,Charging,Normal,-0.4721
OVN-EV-003,2026-03-25 09:43:47.553314,17.09,389.71,30.46,39.54,40.88,Charging,Normal,-0.4375
OVN-EV-002,2026-03-25 09:43:47.553314,15.17,387.06,35.65,42.84,20.69,Charging,Normal,-0.5338
OVN-EV-001,2026-03-25 09:43:48.181719,11.87,460.23,89.01,73.36,42.46,ANOMALY,ANOMALY,-0.6808
OVN-EV-003,2026-03-25 09:43:50.553374,22.19,408.79,28.54,37.74,26.77,Charging,Normal,-0.489
OVN-EV-002,2026-03-25 09:43:50.553374,22.92,395.58,31.63,33.22,34.78,Charging,Normal,-0.4605
OVN-EV-001,2026-03-25 09:43:51.207935,22.48,417.41,29.52,32.09,64.7,Charging,Normal,-0.4859
OVN-EV-003,2026-03-25 09:43:53.552890,17.8,381.29,28.8,44.24,51.75,Charging,Normal,-0.5095
OVN-EV-002,2026-03-25 09:43:53.552890,18.51,394.38,29.02,32.54,81.39,Charging,Normal,-0.4726
OVN-EV-001,2026-03-25 09:43:54.211501,20.15,393.06,30.12,35.71,79.23,Charging,Normal,-0.4401
OVN-EV-003,2026-03-25 09:43:56.570233,21.06,395.16,28.95,36.32,73.47,Charging,Normal,-0.4544
OVN-EV-002,2026-03-25 09:43:56.570233,15.49,392.05,29.47,36.58,76.9,Charging,Normal,-0.4524
OVN-EV-001,2026-03-25 09:43:57.225328,15.8,393.81,29.5,43.58,75.04,Charging,Normal,-0.4641
OVN-EV-003,2026-03-25 09:43:59.569171,10.02,412.04,28.18,37.8,46.59,Charging,Normal,-0.5317
OVN-EV-002,2026-03-25 09:43:59.569171,17.06,400.23,32.9,38.75,47.38,Charging,Normal,-0.4264
OVN-EV-001,2026-03-25 09:44:00.237246,22.58,395.99,30.74,32.14,46.98,Charging,Normal,-0.4714
OVN-EV-003,2026-03-25 09:44:02.572411,14.87,399.75,31.36,37.91,20.51,Charging,Normal,-0.4687
OVN-EV-002,2026-03-25 09:44:02.573489,10.72,396.97,34.94,36.98,57.96,Charging,Normal,-0.4925
OVN-EV-001,2026-03-25 09:44:03.242500,23.16,397.92,34.16,40.96,65.94,Charging,Normal,-0.4547
OVN-EV-002,2026-03-25 09:44:05.588444,20.9,402.49,32.07,37.83,65.44,Charging,Normal,-0.4306
OVN-EV-003,2026-03-25 09:44:05.588444,17.49,407.86,31.97,33.6,83.37,Charging,Normal,-0.4409
OVN-EV-001,2026-03-25 09:44:06.244344,12.55,381.21,30.72,31.54,88.26,Charging,Normal,-0.5141
OVN-EV-002,2026-03-25 09:44:08.602531,15.29,389.58,33.36,36.41,46.34,Charging,Normal,-0.433
OVN-EV-003,2026-03-25 09:44:08.602531,11.09,383.17,29.6,34.72,62.22,Charging,Normal,-0.4949
OVN-EV-001,2026-03-25 09:44:09.255282,23.21,416.92,34.6,41.51,33.38,Charging,Normal,-0.5036
OVN-EV-002,2026-03-25 09:44:11.599603,16.08,394.3,29.45,31.88,27.92,Charging,Normal,-0.4795
OVN-EV-003,2026-03-25 09:44:11.599603,18.4,403.49,28.9,32.33,52.01,Charging,Normal,-0.4657
OVN-EV-001,2026-03-25 09:44:12.256836,10.56,415.93,33.29,44.1,28.72,Charging,Normal,-0.5455
OVN-EV-002,2026-03-25 09:44:14.603656,15.6,415.05,30.95,44.21,51.22,Charging,Normal,-0.4779
OVN-EV-003,2026-03-25 09:44:14.603656,21.71,392.88,35.34,36.96,72.39,Charging,Normal,-0.4816
OVN-EV-001,2026-03-25 09:44:15.245714,22.36,418.29,29.97,34.25,22.46,Charging,Normal,-0.5031
OVN-EV-002,2026-03-25 09:44:17.618911,11.72,382.89,33.33,36.39,44.91,Charging,Normal,-0.4757
OVN-EV-003,2026-03-25 09:44:17.618911,12.27,399.28,29.18,31.58,56.7,Charging,Normal,-0.4744
OVN-EV-001,2026-03-25 09:44:18.253701,23.96,405.51,35.68,33.45,64.77,Charging,Normal,-0.4994
OVN-EV-002,2026-03-25 09:44:20.637220,11.34,387.87,33.78,40.38,85.15,Charging,Normal,-0.4758
OVN-EV-003,2026-03-25 09:44:20.637220,12.03,389.13,34.69,39.24,26.55,Charging,Normal,-0.4811
OVN-EV-001,2026-03-25 09:44:21.255897,18.74,404.74,35.6,39.22,48.19,Charging,Normal,-0.4506
OVN-EV-003,2026-03-25 09:44:23.653490,20.16,486.51,82.13,86.5,55.47,ANOMALY,ANOMALY,-0.6812
OVN-EV-002,2026-03-25 09:44:23.653490,15.22,410.89,30.5,37.47,89.36,Charging,Normal,-0.4535
OVN-EV-001,2026-03-25 09:44:24.254917,15.77,411.84,28.73,33.16,58.4,Charging,Normal,-0.4671
OVN-EV-003,2026-03-25 09:44:26.666507,16.04,499.69,88.28,83.52,94.28,ANOMALY,ANOMALY,-0.7131
OVN-EV-002,2026-03-25 09:44:26.666507,19.49,473.45,96.96,72.16,23.21,ANOMALY,ANOMALY,-0.6953
OVN-EV-001,2026-03-25 09:44:27.254946,18.06,381.42,32.55,32.35,59.31,Charging,Normal,-0.476
OVN-EV-003,2026-03-25 09:44:29.688212,17.5,413.33,33.09,35.42,93.96,Charging,Normal,-0.4788
OVN-EV-002,2026-03-25 09:44:29.688212,14.18,395.78,30.67,33.36,48.52,Charging,Normal,-0.448
OVN-EV-001,2026-03-25 09:44:30.256314,15.85,402.0,32.47,43.16,22.23,Charging,Normal,-0.4739
OVN-EV-003,2026-03-25 09:44:32.702656,17.32,388.93,34.5,37.73,50.42,Charging,Normal,-0.4463
OVN-EV-002,2026-03-25 09:44:32.702656,18.95,398.32,33.16,31.67,52.41,Charging,Normal,-0.4523
OVN-EV-001,2026-03-25 09:44:33.254811,24.76,385.61,34.82,33.7,25.4,Charging,Normal,-0.5298
OVN-EV-003,2026-03-25 09:44:35.718540,19.13,417.88,29.6,44.02,55.18,Charging,Normal,-0.4827
OVN-EV-002,2026-03-25 09:44:35.718540,19.08,415.91,29.5,33.73,66.64,Charging,Normal,-0.464
OVN-EV-001,2026-03-25 09:44:36.258082,16.07,381.85,29.3,36.26,56.13,Charging,Normal,-0.4696
OVN-EV-003,2026-03-25 09:44:38.728263,12.62,391.3,30.95,31.88,43.86,Charging,Normal,-0.465
OVN-EV-002,2026-03-25 09:44:38.729622,14.05,413.28,34.18,44.28,73.99,Charging,Normal,-0.4824
OVN-EV-001,2026-03-25 09:44:39.255387,13.0,408.8,31.56,41.12,78.73,Charging,Normal,-0.4442
OVN-EV-003,2026-03-25 09:44:41.753109,20.23,396.5,33.55,34.69,28.1,Charging,Normal,-0.4703
OVN-EV-002,2026-03-25 09:44:41.753109,23.93,412.95,35.83,38.76,54.28,Charging,Normal,-0.502
OVN-EV-001,2026-03-25 09:44:42.256460,10.34,384.95,33.32,39.73,79.72,Charging,Normal,-0.5034
OVN-EV-002,2026-03-25 09:44:44.766460,13.29,402.97,33.85,36.08,69.09,Charging,Normal,-0.4414
OVN-EV-003,2026-03-25 09:44:44.766460,19.67,398.45,33.79,38.32,91.05,Charging,Normal,-0.4559
OVN-EV-001,2026-03-25 09:44:45.255530,10.93,408.35,32.96,40.12,89.2,Charging,Normal,-0.4839
OVN-EV-002,2026-03-25 09:44:47.780504,14.92,403.09,35.63,32.23,75.75,Charging,Normal,-0.489
OVN-EV-003,2026-03-25 09:44:47.780504,21.14,416.28,34.8,32.12,85.5,Charging,Normal,-0.5009
OVN-EV-001,2026-03-25 09:44:48.265444,10.99,418.34,32.53,32.69,36.41,Charging,Normal,-0.5256
OVN-EV-002,2026-03-25 09:44:50.783345,24.8,399.27,29.84,30.39,87.83,Charging,Normal,-0.5275
OVN-EV-003,2026-03-25 09:44:50.783855,14.73,389.7,30.95,33.1,86.76,Charging,Normal,-0.4656
OVN-EV-001,2026-03-25 09:44:51.282895,24.78,380.69,34.76,32.11,22.84,Charging,Normal,-0.5564
OVN-EV-002,2026-03-25 09:44:53.782706,14.64,405.79,30.59,35.03,60.35,Charging,Normal,-0.4314
OVN-EV-003,2026-03-25 09:44:53.782706,17.64,413.36,32.12,40.68,68.84,Charging,Normal,-0.4405
OVN-EV-001,2026-03-25 09:44:54.296177,12.49,402.46,34.14,34.85,23.16,Charging,Normal,-0.4783
OVN-EV-002,2026-03-25 09:44:56.781248,17.76,411.21,33.24,43.01,58.61,Charging,Normal,-0.4435
OVN-EV-003,2026-03-25 09:44:56.781248,11.77,400.1,34.54,41.03,70.55,Charging,Normal,-0.4661
OVN-EV-001,2026-03-25 09:44:57.301951,10.31,387.44,32.52,30.89,58.77,Charging,Normal,-0.5266
OVN-EV-002,2026-03-25 09:44:59.798000,22.34,409.81,31.89,36.56,52.1,Charging,Normal,-0.4451
OVN-EV-003,2026-03-25 09:44:59.798000,16.93,417.37,28.1,42.7,22.24,Charging,Normal,-0.5161
OVN-EV-001,2026-03-25 09:45:00.312569,22.9,415.93,34.03,40.73,22.36,Charging,Normal,-0.5084
OVN-EV-002,2026-03-25 09:45:02.798920,21.14,403.44,28.52,42.19,33.58,Charging,Normal,-0.4685
OVN-EV-003,2026-03-25 09:45:02.798920,19.9,398.58,33.99,40.88,64.38,Charging,Normal,-0.4345
OVN-EV-001,2026-03-25 09:45:03.311728,15.81,413.53,35.25,32.45,72.88,Charging,Normal,-0.4843
OVN-EV-003,2026-03-25 09:45:05.812765,10.91,414.44,34.39,34.88,35.73,Charging,Normal,-0.5152
OVN-EV-002,2026-03-25 09:45:05.812765,22.83,472.72,97.92,87.6,72.21,ANOMALY,ANOMALY,-0.6993
OVN-EV-001,2026-03-25 09:45:06.326956,13.2,396.16,30.5,39.44,28.32,Charging,Normal,-0.4675
OVN-EV-003,2026-03-25 09:45:08.811486,16.94,403.48,35.52,37.07,84.03,Charging,Normal,-0.48
OVN-EV-002,2026-03-25 09:45:08.814768,10.97,406.45,29.35,34.01,41.11,Charging,Normal,-0.4818
OVN-EV-001,2026-03-25 09:45:09.347714,23.09,393.38,35.01,31.62,39.4,Charging,Normal,-0.5068
OVN-EV-003,2026-03-25 09:45:11.827868,22.13,406.43,34.9,36.99,38.24,Charging,Normal,-0.4741
OVN-EV-002,2026-03-25 09:45:11.827868,11.17,410.77,33.09,30.6,84.78,Charging,Normal,-0.5168
OVN-EV-001,2026-03-25 09:45:12.343982,12.93,395.28,32.33,31.52,21.59,Charging,Normal,-0.4903
OVN-EV-003,2026-03-25 09:45:14.828993,13.83,384.35,28.17,38.54,55.35,Charging,Normal,-0.4839
OVN-EV-002,2026-03-25 09:45:14.830415,24.04,385.58,34.85,42.01,81.3,Charging,Normal,-0.5097
OVN-EV-001,2026-03-25 09:45:15.350869,11.66,415.03,35.84,35.95,25.28,Charging,Normal,-0.5365
OVN-EV-003,2026-03-25 09:45:17.844067,12.94,417.02,33.99,37.39,49.21,Charging,Normal,-0.471
OVN-EV-002,2026-03-25 09:45:17.844067,10.98,380.81,32.47,30.47,90.26,Charging,Normal,-0.5575
OVN-EV-001,2026-03-25 09:45:18.347319,20.42,402.33,28.77,43.43,68.17,Charging,Normal,-0.4638
OVN-EV-003,2026-03-25 09:45:20.858294,22.89,413.19,28.34,42.47,80.09,Charging,Normal,-0.5006
OVN-EV-002,2026-03-25 09:45:20.858294,16.22,382.49,30.68,37.96,60.09,Charging,Normal,-0.443
OVN-EV-001,2026-03-25 09:45:21.350748,12.62,405.95,35.87,37.38,39.84,Charging,Normal,-0.4895
OVN-EV-002,2026-03-25 09:45:23.875231,13.37,405.65,35.58,42.12,70.89,Charging,Normal,-0.481
OVN-EV-003,2026-03-25 09:45:23.875231,24.96,416.21,28.79,43.06,83.81,Charging,Normal,-0.5503
OVN-EV-001,2026-03-25 09:45:24.349134,14.28,384.81,34.62,41.97,26.36,Charging,Normal,-0.4923
OVN-EV-002,2026-03-25 09:45:26.890629,22.15,383.86,32.5,39.1,53.65,Charging,Normal,-0.4611
OVN-EV-003,2026-03-25 09:45:26.890629,15.17,390.47,33.55,44.11,92.79,Charging,Normal,-0.4926
OVN-EV-001,2026-03-25 09:45:27.359040,17.93,406.57,28.92,38.47,83.18,Charging,Normal,-0.4523
OVN-EV-002,2026-03-25 09:45:29.905271,19.93,400.94,31.3,30.92,82.83,Charging,Normal,-0.4567
OVN-EV-003,2026-03-25 09:45:29.905271,11.15,403.26,33.5,31.82,85.66,Charging,Normal,-0.4972
OVN-EV-001,2026-03-25 09:45:30.359437,13.49,419.94,34.31,42.93,47.56,Charging,Normal,-0.4924
OVN-EV-002,2026-03-25 09:45:32.908984,11.8,401.63,28.56,42.33,75.88,Charging,Normal,-0.4757
OVN-EV-003,2026-03-25 09:45:32.908984,15.97,397.6,31.19,33.97,24.98,Charging,Normal,-0.4567
OVN-EV-001,2026-03-25 09:45:33.374362,21.42,410.5,35.98,38.59,36.18,Charging,Normal,-0.4969
OVN-EV-002,2026-03-25 09:45:35.922786,10.35,397.57,28.11,32.97,36.82,Charging,Normal,-0.5262
OVN-EV-003,2026-03-25 09:45:35.922786,12.78,387.82,28.63,40.41,55.67,Charging,Normal,-0.4714
OVN-EV-001,2026-03-25 09:45:36.376270,23.18,395.31,28.59,32.78,45.37,Charging,Normal,-0.4811
OVN-EV-002,2026-03-25 09:45:38.933923,21.34,389.18,32.52,39.41,84.33,Charging,Normal,-0.4617
OVN-EV-003,2026-03-25 09:45:38.933923,10.6,395.41,31.87,40.7,57.83,Charging,Normal,-0.4738
OVN-EV-001,2026-03-25 09:45:39.375225,12.56,396.74,34.58,34.74,30.72,Charging,Normal,-0.4748
OVN-EV-002,2026-03-25 09:45:41.951686,14.67,418.83,34.32,44.26,65.77,Charging,Normal,-0.4782
OVN-EV-003,2026-03-25 09:45:41.952955,23.52,407.15,30.74,31.61,79.54,Charging,Normal,-0.4763
OVN-EV-001,2026-03-25 09:45:42.384374,21.66,398.74,30.86,44.32,89.08,Charging,Normal,-0.49
OVN-EV-003,2026-03-25 09:45:44.966512,10.19,396.1,31.55,35.15,29.5,Charging,Normal,-0.5066
OVN-EV-002,2026-03-25 09:45:44.966512,14.13,409.37,33.46,31.94,90.17,Charging,Normal,-0.4802
OVN-EV-001,2026-03-25 09:45:45.401237,17.32,384.07,28.46,34.67,64.01,Charging,Normal,-0.4691
OVN-EV-003,2026-03-25 09:45:47.966172,18.46,407.3,28.6,34.85,39.41,Charging,Normal,-0.4496
OVN-EV-002,2026-03-25 09:45:47.966172,10.82,418.83,33.68,33.6,45.98,Charging,Normal,-0.51
OVN-EV-001,2026-03-25 09:45:48.416074,24.81,396.63,31.12,33.26,21.3,Charging,Normal,-0.5334
OVN-EV-003,2026-03-25 09:45:50.964006,22.18,387.88,32.01,31.62,45.32,Charging,Normal,-0.4743
OVN-EV-002,2026-03-25 09:45:50.965223,22.59,390.89,32.54,41.79,94.35,Charging,Normal,-0.4948
OVN-EV-001,2026-03-25 09:45:51.433953,18.57,380.77,28.57,44.19,59.35,Charging,Normal,-0.5028
OVN-EV-003,2026-03-25 09:45:53.966767,18.78,414.79,34.57,40.68,63.13,Charging,Normal,-0.4524
OVN-EV-002,2026-03-25 09:45:53.966767,16.42,380.48,30.18,42.65,74.08,Charging,Normal,-0.4739
OVN-EV-001,2026-03-25 09:45:54.446179,10.38,391.78,32.42,44.89,66.67,Charging,Normal,-0.5008
OVN-EV-003,2026-03-25 09:45:56.981247,12.4,385.22,31.76,40.47,48.94,Charging,Normal,-0.458
OVN-EV-002,2026-03-25 09:45:56.982524,14.19,412.08,31.43,37.0,34.92,Charging,Normal,-0.4446
OVN-EV-001,2026-03-25 09:45:57.448993,18.05,380.39,31.21,30.06,81.49,Charging,Normal,-0.5071
OVN-EV-003,2026-03-25 09:45:59.983657,13.5,381.64,33.67,35.28,54.59,Charging,Normal,-0.4567
OVN-EV-002,2026-03-25 09:45:59.983657,10.21,409.53,32.66,30.87,23.96,Charging,Normal,-0.5463
OVN-EV-001,2026-03-25 09:46:00.456530,18.86,408.27,33.67,38.9,25.1,Charging,Normal,-0.4635
OVN-EV-003,2026-03-25 09:46:02.989873,13.76,411.23,33.99,39.76,70.99,Charging,Normal,-0.4394
OVN-EV-002,2026-03-25 09:46:02.989873,10.54,397.37,29.04,37.89,48.5,Charging,Normal,-0.4867
OVN-EV-001,2026-03-25 09:46:03.462109,18.53,410.94,29.84,44.94,73.04,Charging,Normal,-0.4719
OVN-EV-003,2026-03-25 09:46:05.982040,23.08,416.73,28.21,33.02,39.52,Charging,Normal,-0.5236
OVN-EV-002,2026-03-25 09:46:05.982040,22.98,400.53,35.14,32.83,42.87,Charging,Normal,-0.4776
OVN-EV-001,2026-03-25 09:46:06.480355,16.06,381.12,35.7,33.73,50.29,Charging,Normal,-0.5011
OVN-EV-003,2026-03-25 09:46:08.983850,11.74,386.91,33.22,32.04,44.42,Charging,Normal,-0.4821
OVN-EV-002,2026-03-25 09:46:08.985017,15.17,394.55,29.95,35.29,45.46,Charging,Normal,-0.4362
OVN-EV-001,2026-03-25 09:46:09.485307,23.36,411.76,32.27,37.68,42.25,Charging,Normal,-0.4551
OVN-EV-003,2026-03-25 09:46:12.000295,21.04,401.24,32.6,41.43,85.12,Charging,Normal,-0.4475
OVN-EV-002,2026-03-25 09:46:12.000295,17.38,416.37,34.63,43.51,90.36,Charging,Normal,-0.5004
OVN-EV-001,2026-03-25 09:46:12.500300,20.49,407.85,31.38,31.89,62.19,Charging,Normal,-0.465
OVN-EV-003,2026-03-25 09:46:15.000549,21.39,405.71,29.49,37.06,56.36,Charging,Normal,-0.4357
OVN-EV-002,2026-03-25 09:46:15.000549,19.73,397.91,29.85,38.77,80.83,Charging,Normal,-0.4329
OVN-EV-001,2026-03-25 09:46:15.515599,19.29,415.8,34.43,36.19,93.43,Charging,Normal,-0.5063
OVN-EV-003,2026-03-25 09:46:18.001592,19.49,383.4,34.57,31.56,29.48,Charging,Normal,-0.5097
OVN-EV-002,2026-03-25 09:46:18.001592,24.21,412.21,29.79,36.37,21.39,Charging,Normal,-0.5145
OVN-EV-001,2026-03-25 09:46:18.532364,11.09,383.59,31.86,44.41,89.22,Charging,Normal,-0.5266
OVN-EV-003,2026-03-25 09:46:21.015793,20.72,386.71,30.2,44.5,85.07,Charging,Normal,-0.5048
OVN-EV-002,2026-03-25 09:46:21.015793,19.14,388.72,32.05,35.82,55.44,Charging,Normal,-0.435
OVN-EV-001,2026-03-25 09:46:21.533928,20.43,404.07,33.61,42.75,77.27,Charging,Normal,-0.4453
OVN-EV-002,2026-03-25 09:46:24.017275,13.77,411.07,30.55,41.51,21.42,Charging,Normal,-0.4941
OVN-EV-003,2026-03-25 09:46:24.017275,22.62,414.42,31.38,41.16,40.17,Charging,Normal,-0.4634
OVN-EV-001,2026-03-25 09:46:24.547458,10.46,419.62,30.39,44.08,33.03,Charging,Normal,-0.539
OVN-EV-002,2026-03-25 09:46:27.015736,24.05,389.03,29.45,37.15,73.89,Charging,Normal,-0.4849
OVN-EV-003,2026-03-25 09:46:27.015736,17.92,389.95,29.95,41.96,50.3,Charging,Normal,-0.4373
OVN-EV-001,2026-03-25 09:46:27.561896,23.09,413.4,31.02,43.92,68.73,Charging,Normal,-0.4801
OVN-EV-002,2026-03-25 09:46:30.017031,21.34,419.71,30.15,35.5,51.46,Charging,Normal,-0.4707
OVN-EV-003,2026-03-25 09:46:30.017031,18.16,397.47,30.29,39.02,79.59,Charging,Normal,-0.4385
OVN-EV-001,2026-03-25 09:46:30.579118,10.01,419.51,33.84,32.26,71.67,Charging,Normal,-0.5292
OVN-EV-002,2026-03-25 09:46:33.015180,19.92,403.43,31.83,40.58,56.88,Charging,Normal,-0.4241
OVN-EV-003,2026-03-25 09:46:33.016746,10.62,395.39,33.65,35.69,88.68,Charging,Normal,-0.4883
OVN-EV-001,2026-03-25 09:46:33.592943,24.17,390.1,33.57,31.16,77.42,Charging,Normal,-0.5125
OVN-EV-002,2026-03-25 09:46:36.017157,12.94,396.1,35.79,42.24,42.75,Charging,Normal,-0.4798
OVN-EV-003,2026-03-25 09:46:36.017157,17.52,418.52,35.25,35.73,89.66,Charging,Normal,-0.5016
OVN-EV-001,2026-03-25 09:46:36.624539,13.89,405.31,31.82,34.62,28.94,Charging,Normal,-0.4472
OVN-EV-002,2026-03-25 09:46:39.016921,13.23,390.19,33.3,31.57,44.17,Charging,Normal,-0.4727
OVN-EV-003,2026-03-25 09:46:39.016921,18.59,388.8,34.85,41.09,69.66,Charging,Normal,-0.4568
OVN-EV-001,2026-03-25 09:46:39.643397,16.54,405.13,28.49,41.04,31.13,Charging,Normal,-0.4625
OVN-EV-002,2026-03-25 09:46:42.034997,20.51,383.38,34.41,41.52,82.74,Charging,Normal,-0.483
OVN-EV-003,2026-03-25 09:46:42.034997,24.73,403.92,35.37,42.83,22.71,Charging,Normal,-0.537
OVN-EV-001,2026-03-25 09:46:42.656939,20.3,412.16,33.1,36.07,34.28,Charging,Normal,-0.4553
OVN-EV-003,2026-03-25 09:46:45.047703,16.06,380.24,31.12,37.3,94.42,Charging,Normal,-0.4983
OVN-EV-002,2026-03-25 09:46:45.047703,10.49,382.32,31.45,44.91,89.87,Charging,Normal,-0.5479
OVN-EV-001,2026-03-25 09:46:45.658203,19.51,380.47,28.05,41.45,32.33,Charging,Normal,-0.5172
OVN-EV-003,2026-03-25 09:46:48.063088,10.85,395.91,33.2,30.71,23.23,Charging,Normal,-0.5245
OVN-EV-002,2026-03-25 09:46:48.064443,17.55,419.98,29.35,33.42,93.05,Charging,Normal,-0.5157
OVN-EV-001,2026-03-25 09:46:48.673682,10.2,388.07,33.87,34.67,45.37,Charging,Normal,-0.4963
OVN-EV-003,2026-03-25 09:46:51.079459,10.93,400.63,28.89,30.97,94.71,Charging,Normal,-0.5417
OVN-EV-002,2026-03-25 09:46:51.079459,14.17,400.03,32.73,34.08,25.7,Charging,Normal,-0.4552
OVN-EV-001,2026-03-25 09:46:51.687909,14.12,402.55,34.14,30.07,94.04,Charging,Normal,-0.5288
OVN-EV-003,2026-03-25 09:46:54.093547,10.08,387.48,31.71,33.76,76.38,Charging,Normal,-0.4953
OVN-EV-002,2026-03-25 09:46:54.093547,14.28,403.57,31.11,36.28,69.32,Charging,Normal,-0.4259
OVN-EV-001,2026-03-25 09:46:54.689408,21.68,401.88,31.69,42.68,69.1,Charging,Normal,-0.4498
OVN-EV-003,2026-03-25 09:46:57.112007,15.56,384.51,28.27,37.73,58.6,Charging,Normal,-0.4647
OVN-EV-002,2026-03-25 09:46:57.113467,12.23,408.36,29.03,37.92,47.99,Charging,Normal,-0.4637
OVN-EV-001,2026-03-25 09:46:57.705193,14.64,412.74,32.97,37.52,26.98,Charging,Normal,-0.4674
OVN-EV-003,2026-03-25 09:47:00.139999,11.83,386.53,30.74,30.54,53.89,Charging,Normal,-0.4953
OVN-EV-002,2026-03-25 09:47:00.139999,11.49,387.57,29.64,40.19,33.79,Charging,Normal,-0.4836
OVN-EV-001,2026-03-25 09:47:00.705100,24.06,399.17,29.4,37.27,28.97,Charging,Normal,-0.4863
OVN-EV-003,2026-03-25 09:47:03.144281,10.42,384.29,32.09,43.82,25.25,Charging,Normal,-0.5377
OVN-EV-002,2026-03-25 09:47:03.145455,11.89,392.45,30.5,38.14,70.26,Charging,Normal,-0.4454
OVN-EV-001,2026-03-25 09:47:03.719546,13.54,386.78,35.4,34.1,62.3,Charging,Normal,-0.4691
OVN-EV-003,2026-03-25 09:47:06.157081,20.3,418.63,33.31,38.23,94.38,Charging,Normal,-0.5017
OVN-EV-002,2026-03-25 09:47:06.157081,13.27,399.96,30.09,36.46,73.46,Charging,Normal,-0.4358
OVN-EV-001,2026-03-25 09:47:06.735352,17.33,417.47,29.62,43.09,57.88,Charging,Normal,-0.4742
OVN-EV-003,2026-03-25 09:47:09.171213,16.98,404.51,32.06,41.07,70.77,Charging,Normal,-0.4313
OVN-EV-002,2026-03-25 09:47:09.171213,16.79,418.07,31.35,41.48,80.66,Charging,Normal,-0.4748
OVN-EV-001,2026-03-25 09:47:09.749189,10.32,416.63,28.78,44.51,38.61,Charging,Normal,-0.5428
OVN-EV-003,2026-03-25 09:47:12.188411,10.84,418.54,28.69,40.04,23.16,Charging,Normal,-0.5587
OVN-EV-002,2026-03-25 09:47:12.189924,23.37,408.17,30.37,40.13,49.73,Charging,Normal,-0.4585
OVN-EV-001,2026-03-25 09:47:12.780776,19.17,404.61,35.49,33.36,68.09,Charging,Normal,-0.4721
OVN-EV-003,2026-03-25 09:47:15.187483,17.29,381.39,31.6,30.85,66.07,Charging,Normal,-0.4767
OVN-EV-002,2026-03-25 09:47:15.187483,11.55,478.26,89.39,89.92,54.22,ANOMALY,ANOMALY,-0.6814
OVN-EV-001,2026-03-25 09:47:15.783301,11.25,381.08,34.68,41.55,92.49,Charging,Normal,-0.527
OVN-EV-003,2026-03-25 09:47:18.202439,23.17,410.64,31.34,31.79,79.88,Charging,Normal,-0.4793
OVN-EV-002,2026-03-25 09:47:18.202439,20.29,409.1,29.34,38.74,86.91,Charging,Normal,-0.4708
OVN-EV-001,2026-03-25 09:47:18.783476,24.36,386.31,29.39,40.05,36.93,Charging,Normal,-0.4858
OVN-EV-003,2026-03-25 09:47:21.219323,11.67,404.39,29.08,30.92,41.01,Charging,Normal,-0.4947
OVN-EV-002,2026-03-25 09:47:21.219323,21.51,390.27,30.11,35.63,37.21,Charging,Normal,-0.4535
OVN-EV-001,2026-03-25 09:47:21.797194,11.9,384.4,35.27,38.96,52.14,Charging,Normal,-0.4833
OVN-EV-002,2026-03-25 09:47:24.221493,22.52,402.54,32.89,34.39,60.91,Charging,Normal,-0.438
OVN-EV-003,2026-03-25 09:47:24.221493,20.66,406.93,35.1,37.3,86.97,Charging,Normal,-0.4758
OVN-EV-001,2026-03-25 09:47:24.811126,12.45,391.96,35.92,38.99,27.74,Charging,Normal,-0.5055
OVN-EV-002,2026-03-25 09:47:27.234441,15.08,412.94,32.86,31.35,77.69,Charging,Normal,-0.4662
OVN-EV-003,2026-03-25 09:47:27.234441,14.08,413.19,33.71,36.19,37.68,Charging,Normal,-0.458
OVN-EV-001,2026-03-25 09:47:27.824609,14.47,410.97,33.28,40.87,52.2,Charging,Normal,-0.4336
OVN-EV-002,2026-03-25 09:47:30.237874,10.02,409.03,35.73,44.81,31.95,Charging,Normal,-0.5576
OVN-EV-003,2026-03-25 09:47:30.239170,15.32,392.31,31.8,39.43,67.75,Charging,Normal,-0.4161
OVN-EV-001,2026-03-25 09:47:30.844756,23.07,387.75,30.5,31.7,94.07,Charging,Normal,-0.5414
OVN-EV-002,2026-03-25 09:47:33.250656,11.28,477.52,83.89,74.34,54.08,ANOMALY,ANOMALY,-0.6866
OVN-EV-003,2026-03-25 09:47:33.250656,12.62,383.7,32.73,42.12,69.97,Charging,Normal,-0.459
OVN-EV-001,2026-03-25 09:47:33.874857,22.68,418.9,32.63,35.73,30.47,Charging,Normal,-0.4852
OVN-EV-002,2026-03-25 09:47:36.259710,11.98,394.19,28.1,44.83,83.51,Charging,Normal,-0.5298
OVN-EV-003,2026-03-25 09:47:36.259710,13.97,405.37,35.62,32.43,45.16,Charging,Normal,-0.4765
OVN-EV-001,2026-03-25 09:47:36.877256,20.45,403.84,33.82,39.73,79.9,Charging,Normal,-0.4493
OVN-EV-002,2026-03-25 09:47:39.283763,23.67,388.97,35.94,42.04,49.95,Charging,Normal,-0.5133
OVN-EV-003,2026-03-25 09:47:39.284987,14.56,395.6,28.83,38.81,86.79,Charging,Normal,-0.4619
OVN-EV-001,2026-03-25 09:47:39.891471,22.85,387.63,33.04,31.09,35.25,Charging,Normal,-0.4876
OVN-EV-002,2026-03-25 09:47:42.296904,13.96,399.18,35.18,34.93,49.53,Charging,Normal,-0.4554
OVN-EV-003,2026-03-25 09:47:42.296904,21.27,382.9,35.15,30.52,44.17,Charging,Normal,-0.5178
OVN-EV-001,2026-03-25 09:47:42.893073,18.18,394.11,28.11,39.89,65.24,Charging,Normal,-0.4534
OVN-EV-003,2026-03-25 09:47:45.303285,22.32,405.95,28.77,37.28,43.15,Charging,Normal,-0.4522
OVN-EV-002,2026-03-25 09:47:45.303285,22.24,389.6,31.72,43.28,58.99,Charging,Normal,-0.4536
OVN-EV-001,2026-03-25 09:47:45.906753,16.43,383.41,34.31,34.35,36.86,Charging,Normal,-0.4616
OVN-EV-003,2026-03-25 09:47:48.313044,20.39,398.62,31.73,37.71,75.95,Charging,Normal,-0.4303
OVN-EV-002,2026-03-25 09:47:48.313044,24.7,402.68,34.6,30.94,86.59,Charging,Normal,-0.5347
OVN-EV-001,2026-03-25 09:47:48.913854,12.54,401.98,34.26,37.69,33.81,Charging,Normal,-0.4611
OVN-EV-003,2026-03-25 09:47:51.330596,15.91,418.85,35.6,39.05,47.49,Charging,Normal,-0.4887
OVN-EV-002,2026-03-25 09:47:51.331887,21.29,418.32,34.02,30.87,40.23,Charging,Normal,-0.4998
OVN-EV-001,2026-03-25 09:47:51.922234,17.81,390.24,32.92,44.8,67.26,Charging,Normal,-0.4506
OVN-EV-003,2026-03-25 09:47:54.344545,22.28,401.95,28.28,31.0,39.86,Charging,Normal,-0.4777
OVN-EV-002,2026-03-25 09:47:54.344545,21.88,389.7,35.01,42.12,90.39,Charging,Normal,-0.5038
OVN-EV-001,2026-03-25 09:47:54.937220,19.43,417.07,33.23,39.56,20.22,Charging,Normal,-0.4863
OVN-EV-003,2026-03-25 09:47:57.359393,17.11,383.0,32.92,40.2,46.15,Charging,Normal,-0.448
OVN-EV-002,2026-03-25 09:47:57.359393,22.12,418.53,32.52,37.35,83.28,Charging,Normal,-0.4773
OVN-EV-001,2026-03-25 09:47:57.955552,14.22,402.62,29.88,41.15,50.67,Charging,Normal,-0.4324
OVN-EV-003,2026-03-25 09:48:00.381665,17.81,411.67,31.68,32.3,71.22,Charging,Normal,-0.4567
OVN-EV-002,2026-03-25 09:48:00.381665,12.74,391.93,34.42,36.62,35.87,Charging,Normal,-0.4679
OVN-EV-001,2026-03-25 09:48:00.970017,22.71,412.31,31.58,41.73,83.86,Charging,Normal,-0.4795
OVN-EV-003,2026-03-25 09:48:03.392106,10.65,387.45,34.17,32.6,86.46,Charging,Normal,-0.5241
OVN-EV-002,2026-03-25 09:48:03.392106,23.32,390.65,29.84,36.43,57.85,Charging,Normal,-0.4523
OVN-EV-001,2026-03-25 09:48:03.971722,17.31,417.31,30.79,36.31,44.56,Charging,Normal,-0.4371
OVN-EV-003,2026-03-25 09:48:06.406191,22.74,399.12,35.22,31.3,71.01,Charging,Normal,-0.4837
OVN-EV-002,2026-03-25 09:48:06.406191,15.63,417.68,28.65,42.16,91.66,Charging,Normal,-0.5091
OVN-EV-001,2026-03-25 09:48:06.984471,14.38,391.19,35.59,43.93,66.67,Charging,Normal,-0.4711
OVN-EV-003,2026-03-25 09:48:09.407448,13.58,399.21,32.26,30.21,20.24,Charging,Normal,-0.5058
OVN-EV-002,2026-03-25 09:48:09.408683,18.73,404.62,30.86,39.0,67.96,Charging,Normal,-0.4293
OVN-EV-001,2026-03-25 09:48:10.003772,24.03,411.81,29.07,34.64,22.13,Charging,Normal,-0.5086
OVN-EV-003,2026-03-25 09:48:12.419867,23.37,381.98,29.79,35.1,91.76,Charging,Normal,-0.5278
OVN-EV-002,2026-03-25 09:48:12.420411,14.2,410.35,32.64,35.57,71.68,Charging,Normal,-0.4329
OVN-EV-001,2026-03-25 09:48:13.003116,19.32,395.64,34.74,40.22,80.83,Charging,Normal,-0.4527
OVN-EV-003,2026-03-25 09:48:15.435917,22.3,383.4,33.63,35.93,50.83,Charging,Normal,-0.4582
OVN-EV-002,2026-03-25 09:48:15.435917,19.42,400.81,30.97,40.06,77.83,Charging,Normal,-0.4321
OVN-EV-001,2026-03-25 09:48:16.003263,21.55,407.52,31.41,43.92,43.66,Charging,Normal,-0.4504
OVN-EV-003,2026-03-25 09:48:18.453751,21.56,404.57,32.63,38.6,89.8,Charging,Normal,-0.4661
OVN-EV-002,2026-03-25 09:48:18.453751,15.47,400.38,34.53,32.13,87.23,Charging,Normal,-0.4829
OVN-EV-001,2026-03-25 09:48:19.017370,24.62,388.07,29.98,42.44,68.76,Charging,Normal,-0.4946
OVN-EV-003,2026-03-25 09:48:21.463993,10.3,399.73,33.12,41.86,49.73,Charging,Normal,-0.4864
OVN-EV-002,2026-03-25 09:48:21.463993,19.9,383.7,28.89,36.98,53.41,Charging,Normal,-0.4573
OVN-EV-001,2026-03-25 09:48:22.015024,13.49,390.97,28.28,44.09,47.71,Charging,Normal,-0.4752
OVN-EV-002,2026-03-25 09:48:24.471867,12.4,414.32,29.98,30.09,50.01,Charging,Normal,-0.5089
OVN-EV-003,2026-03-25 09:48:24.472388,20.95,400.44,31.77,36.3,86.19,Charging,Normal,-0.4501
OVN-EV-001,2026-03-25 09:48:25.021232,24.52,390.15,35.74,38.91,46.05,Charging,Normal,-0.5114
OVN-EV-002,2026-03-25 09:48:27.487165,15.49,390.59,31.7,44.09,53.47,Charging,Normal,-0.4485
OVN-EV-003,2026-03-25 09:48:27.487165,17.86,419.28,30.64,33.38,59.74,Charging,Normal,-0.4622
OVN-EV-001,2026-03-25 09:48:28.021072,22.37,488.45,80.46,77.33,45.36,ANOMALY,ANOMALY,-0.6883
OVN-EV-002,2026-03-25 09:48:30.502603,16.15,412.35,29.8,37.09,61.73,Charging,Normal,-0.4311
OVN-EV-003,2026-03-25 09:48:30.503658,16.1,398.1,35.04,37.06,91.91,Charging,Normal,-0.4812
OVN-EV-001,2026-03-25 09:48:31.031257,13.65,400.41,28.2,35.12,93.26,Charging,Normal,-0.5042
OVN-EV-002,2026-03-25 09:48:33.516212,16.2,401.41,35.87,43.65,54.98,Charging,Normal,-0.4652
OVN-EV-003,2026-03-25 09:48:33.516212,22.34,385.69,35.22,40.99,20.78,Charging,Normal,-0.5098
OVN-EV-001,2026-03-25 09:48:34.046272,20.12,400.37,33.98,37.79,81.19,Charging,Normal,-0.4443
OVN-EV-002,2026-03-25 09:48:36.517525,20.97,492.42,90.95,79.23,52.38,ANOMALY,ANOMALY,-0.6606
OVN-EV-003,2026-03-25 09:48:36.518589,21.37,408.25,30.68,43.81,66.77,Charging,Normal,-0.4579
OVN-EV-001,2026-03-25 09:48:37.065557,18.6,401.59,32.71,36.47,78.89,Charging,Normal,-0.4343
OVN-EV-002,2026-03-25 09:48:39.531855,13.72,405.71,34.46,44.71,36.56,Charging,Normal,-0.4848
OVN-EV-003,2026-03-25 09:48:39.531855,14.67,386.06,29.94,31.35,38.97,Charging,Normal,-0.4721
OVN-EV-001,2026-03-25 09:48:40.077630,12.45,399.58,32.04,34.72,94.7,Charging,Normal,-0.5043
OVN-EV-002,2026-03-25 09:48:42.531947,24.66,463.32,89.32,86.19,29.8,ANOMALY,ANOMALY,-0.7064
OVN-EV-003,2026-03-25 09:48:42.531947,17.19,480.78,84.1,73.63,58.25,ANOMALY,ANOMALY,-0.6643
OVN-EV-001,2026-03-25 09:48:43.095383,10.77,392.24,28.75,30.59,49.24,Charging,Normal,-0.5239
OVN-EV-003,2026-03-25 09:48:45.530795,12.25,384.75,31.68,30.13,24.49,Charging,Normal,-0.5352
OVN-EV-002,2026-03-25 09:48:45.530795,22.58,390.95,34.12,41.1,77.34,Charging,Normal,-0.4565
OVN-EV-001,2026-03-25 09:48:46.110419,13.74,387.46,33.74,43.04,59.85,Charging,Normal,-0.4581
OVN-EV-003,2026-03-25 09:48:48.548471,23.58,390.16,35.6,36.66,82.78,Charging,Normal,-0.502
OVN-EV-002,2026-03-25 09:48:48.549729,16.15,394.25,30.34,39.41,73.6,Charging,Normal,-0.4351
OVN-EV-001,2026-03-25 09:48:49.115434,14.06,387.38,34.86,41.97,41.76,Charging,Normal,-0.4666
OVN-EV-003,2026-03-25 09:48:51.555089,21.94,416.98,32.71,30.15,92.06,Charging,Normal,-0.5397
OVN-EV-002,2026-03-25 09:48:51.555089,14.64,396.75,34.85,33.53,76.79,Charging,Normal,-0.4606
OVN-EV-001,2026-03-25 09:48:52.126218,22.39,390.45,28.88,39.85,59.4,Charging,Normal,-0.4515
OVN-EV-003,2026-03-25 09:48:54.554703,22.69,395.86,32.53,39.69,30.5,Charging,Normal,-0.452
OVN-EV-002,2026-03-25 09:48:54.555859,23.85,407.82,33.2,33.05,53.14,Charging,Normal,-0.4717
OVN-EV-001,2026-03-25 09:48:55.121614,18.37,392.25,32.81,43.44,63.88,Charging,Normal,-0.4464
OVN-EV-003,2026-03-25 09:48:57.550340,22.17,411.8,30.0,30.79,77.35,Charging,Normal,-0.4846
OVN-EV-002,2026-03-25 09:48:57.550340,23.38,418.7,29.49,33.05,89.2,Charging,Normal,-0.5264
OVN-EV-001,2026-03-25 09:48:58.140347,17.1,399.83,34.39,37.57,90.18,Charging,Normal,-0.4592
OVN-EV-003,2026-03-25 09:49:00.564253,22.65,392.83,32.59,43.2,81.98,Charging,Normal,-0.4655
OVN-EV-002,2026-03-25 09:49:00.564253,13.17,395.75,29.83,37.55,74.72,Charging,Normal,-0.4519
OVN-EV-001,2026-03-25 09:49:01.143472,21.08,395.37,35.29,31.73,59.02,Charging,Normal,-0.4707
OVN-EV-002,2026-03-25 09:49:03.576589,13.53,407.03,31.42,42.69,56.33,Charging,Normal,-0.4432
OVN-EV-003,2026-03-25 09:49:03.576589,18.96,381.24,31.78,32.08,49.68,Charging,Normal,-0.4807
OVN-EV-001,2026-03-25 09:49:04.140326,16.66,398.65,29.71,38.1,32.62,Charging,Normal,-0.456
OVN-EV-002,2026-03-25 09:49:06.595037,16.54,409.09,33.62,35.82,90.06,Charging,Normal,-0.4571
OVN-EV-003,2026-03-25 09:49:06.595037,18.3,402.8,30.73,35.67,27.47,Charging,Normal,-0.4475
OVN-EV-001,2026-03-25 09:49:07.143123,11.88,386.4,33.09,30.34,58.05,Charging,Normal,-0.4953
OVN-EV-002,2026-03-25 09:49:09.609282,23.91,414.53,32.45,36.73,54.27,Charging,Normal,-0.4694
OVN-EV-003,2026-03-25 09:49:09.609282,10.81,407.91,32.87,32.54,29.76,Charging,Normal,-0.5095
OVN-EV-001,2026-03-25 09:49:10.155779,21.26,489.8,84.88,79.11,65.97,ANOMALY,ANOMALY,-0.6696
OVN-EV-002,2026-03-25 09:49:12.611833,19.83,418.06,35.97,40.99,60.88,Charging,Normal,-0.4902
OVN-EV-003,2026-03-25 09:49:12.612914,20.01,418.39,33.14,38.96,91.9,Charging,Normal,-0.4995
OVN-EV-001,2026-03-25 09:49:13.162097,19.74,409.57,28.05,45.0,80.21,Charging,Normal,-0.5171
OVN-EV-002,2026-03-25 09:49:15.639849,15.83,382.92,33.55,40.28,91.34,Charging,Normal,-0.4933
OVN-EV-003,2026-03-25 09:49:15.639849,17.46,413.34,32.66,44.44,33.23,Charging,Normal,-0.4764
OVN-EV-001,2026-03-25 09:49:16.156492,15.34,417.68,35.85,43.16,94.91,Charging,Normal,-0.5489
OVN-EV-002,2026-03-25 09:49:18.655858,22.96,393.01,32.28,38.33,45.69,Charging,Normal,-0.4438
OVN-EV-003,2026-03-25 09:49:18.656490,13.58,382.52,28.55,36.4,83.95,Charging,Normal,-0.487
OVN-EV-001,2026-03-25 09:49:19.187406,23.62,384.9,28.7,41.66,58.45,Charging,Normal,-0.4825
OVN-EV-002,2026-03-25 09:49:21.658070,22.97,476.59,88.92,81.27,38.02,ANOMALY,ANOMALY,-0.6775
OVN-EV-003,2026-03-25 09:49:21.659381,16.28,397.44,30.4,35.01,85.94,Charging,Normal,-0.4491
OVN-EV-001,2026-03-25 09:49:22.202926,10.49,410.69,31.55,37.22,92.36,Charging,Normal,-0.5195
OVN-EV-003,2026-03-25 09:49:24.672472,21.18,394.73,28.38,32.52,78.38,Charging,Normal,-0.4797
OVN-EV-002,2026-03-25 09:49:24.673785,12.33,399.35,28.6,33.92,83.0,Charging,Normal,-0.4877
OVN-EV-001,2026-03-25 09:49:25.206779,22.69,394.46,34.83,35.57,81.62,Charging,Normal,-0.4575
OVN-EV-003,2026-03-25 09:49:27.686056,12.45,418.69,31.35,42.62,94.23,Charging,Normal,-0.5257
OVN-EV-002,2026-03-25 09:49:27.687340,21.32,419.4,33.49,40.86,64.59,Charging,Normal,-0.4833
OVN-EV-001,2026-03-25 09:49:28.205936,23.24,399.21,35.44,40.4,60.83,Charging,Normal,-0.4658
OVN-EV-003,2026-03-25 09:49:30.704774,16.5,403.45,33.18,31.24,53.67,Charging,Normal,-0.4474
OVN-EV-002,2026-03-25 09:49:30.704774,15.84,419.29,30.26,42.65,45.73,Charging,Normal,-0.4825
OVN-EV-001,2026-03-25 09:49:31.218299,15.67,418.57,32.69,43.56,38.27,Charging,Normal,-0.4821
OVN-EV-003,2026-03-25 09:49:33.717787,17.2,387.73,28.62,32.41,70.19,Charging,Normal,-0.4767
OVN-EV-002,2026-03-25 09:49:33.717787,10.61,410.13,30.89,44.52,36.5,Charging,Normal,-0.5207
OVN-EV-001,2026-03-25 09:49:34.222503,12.57,414.1,35.35,35.19,63.51,Charging,Normal,-0.4828
OVN-EV-003,2026-03-25 09:49:36.737733,19.16,409.35,33.1,30.94,77.94,Charging,Normal,-0.4609
OVN-EV-002,2026-03-25 09:49:36.738955,23.22,415.45,28.56,42.49,79.77,Charging,Normal,-0.4936
OVN-EV-001,2026-03-25 09:49:37.235109,13.4,381.14,32.85,33.45,54.81,Charging,Normal,-0.4732
OVN-EV-003,2026-03-25 09:49:39.751102,20.36,410.95,35.26,38.56,91.32,Charging,Normal,-0.4927
OVN-EV-002,2026-03-25 09:49:39.751102,21.3,388.49,29.86,37.65,41.77,Charging,Normal,-0.4493
OVN-EV-001,2026-03-25 09:49:40.253767,24.09,410.78,31.98,36.74,65.87,Charging,Normal,-0.4614
OVN-EV-003,2026-03-25 09:49:42.754032,21.52,384.01,31.55,44.85,44.21,Charging,Normal,-0.4796
OVN-EV-002,2026-03-25 09:49:42.755169,10.69,409.64,30.1,36.57,84.21,Charging,Normal,-0.4939
OVN-EV-001,2026-03-25 09:49:43.256576,10.29,390.79,34.79,42.34,94.63,Charging,Normal,-0.5576
OVN-EV-002,2026-03-25 09:49:45.775073,21.03,486.63,86.7,70.19,51.44,ANOMALY,ANOMALY,-0.6709
OVN-EV-003,2026-03-25 09:49:45.775073,21.9,382.12,32.95,30.69,86.94,Charging,Normal,-0.5026
OVN-EV-001,2026-03-25 09:49:46.266434,12.55,383.1,29.47,41.77,51.73,Charging,Normal,-0.4796
OVN-EV-002,2026-03-25 09:49:48.771625,14.55,406.08,28.81,30.25,42.83,Charging,Normal,-0.4886
OVN-EV-003,2026-03-25 09:49:48.772477,19.61,394.06,30.77,33.6,27.57,Charging,Normal,-0.4625
OVN-EV-001,2026-03-25 09:49:49.281166,17.67,382.68,34.49,38.1,57.34,Charging,Normal,-0.4552
OVN-EV-002,2026-03-25 09:49:51.767067,15.58,469.6,85.26,86.87,59.6,ANOMALY,Normal,-0.6534
OVN-EV-003,2026-03-25 09:49:51.767504,10.43,398.12,34.47,39.56,21.78,Charging,Normal,-0.533
OVN-EV-001,2026-03-25 09:49:52.300840,16.34,383.87,28.59,44.03,42.96,Charging,Normal,-0.4834
OVN-EV-002,2026-03-25 09:49:54.773705,12.23,468.14,81.27,79.33,38.27,ANOMALY,ANOMALY,-0.6779
OVN-EV-003,2026-03-25 09:49:54.774709,24.07,410.05,35.61,31.64,64.97,Charging,Normal,-0.5233
OVN-EV-001,2026-03-25 09:49:55.300199,24.96,414.12,30.07,43.14,64.65,Charging,Normal,-0.5101
OVN-EV-002,2026-03-25 09:49:57.782657,11.18,388.51,29.96,42.7,88.53,Charging,Normal,-0.5092
OVN-EV-003,2026-03-25 09:49:57.782657,22.82,412.99,35.49,31.73,40.21,Charging,Normal,-0.5118
OVN-EV-001,2026-03-25 09:49:58.312649,13.18,416.64,33.58,42.64,94.09,Charging,Normal,-0.5073
OVN-EV-002,2026-03-25 09:50:00.787764,20.68,402.83,35.32,40.89,58.76,Charging,Normal,-0.4614
OVN-EV-003,2026-03-25 09:50:00.787764,20.3,402.14,33.02,30.47,57.91,Charging,Normal,-0.4612
OVN-EV-001,2026-03-25 09:50:01.320282,21.44,405.76,29.5,33.91,80.44,Charging,Normal,-0.4641
OVN-EV-003,2026-03-25 09:50:03.797964,12.61,396.01,29.79,31.74,85.77,Charging,Normal,-0.4735
OVN-EV-002,2026-03-25 09:50:03.797964,13.05,394.43,29.47,38.06,82.5,Charging,Normal,-0.4531
OVN-EV-001,2026-03-25 09:50:04.330002,15.55,393.02,29.39,40.31,40.46,Charging,Normal,-0.448
OVN-EV-003,2026-03-25 09:50:06.813183,15.7,393.1,28.81,34.72,79.2,Charging,Normal,-0.4527
OVN-EV-002,2026-03-25 09:50:06.813183,20.39,389.0,35.01,39.85,78.63,Charging,Normal,-0.4739
OVN-EV-001,2026-03-25 09:50:07.330880,10.22,392.78,31.33,38.84,30.8,Charging,Normal,-0.5021
OVN-EV-003,2026-03-25 09:50:09.827740,20.22,400.22,35.25,39.08,72.78,Charging,Normal,-0.4622
OVN-EV-002,2026-03-25 09:50:09.827740,16.62,419.6,34.83,33.39,71.24,Charging,Normal,-0.4897
OVN-EV-001,2026-03-25 09:50:10.328324,22.71,411.09,34.66,40.76,42.88,Charging,Normal,-0.4731
OVN-EV-003,2026-03-25 09:50:12.839225,21.22,395.69,30.99,42.54,93.07,Charging,Normal,-0.4758
OVN-EV-002,2026-03-25 09:50:12.839225,20.97,388.33,34.07,35.01,82.31,Charging,Normal,-0.4666
OVN-EV-001,2026-03-25 09:50:13.331005,13.73,388.23,35.82,32.07,39.95,Charging,Normal,-0.4919
OVN-EV-003,2026-03-25 09:50:15.860435,20.86,384.34,35.65,41.68,40.75,Charging,Normal,-0.4882
OVN-EV-002,2026-03-25 09:50:15.860435,23.79,403.9,33.11,39.62,91.63,Charging,Normal,-0.4983
OVN-EV-001,2026-03-25 09:50:16.330994,21.86,404.64,31.56,41.1,49.25,Charging,Normal,-0.441
OVN-EV-003,2026-03-25 09:50:18.877773,19.54,405.32,29.62,32.51,72.35,Charging,Normal,-0.4533
OVN-EV-002,2026-03-25 09:50:18.879026,18.21,408.72,28.44,31.36,47.12,Charging,Normal,-0.4721
OVN-EV-001,2026-03-25 09:50:19.344259,15.15,410.04,34.78,38.83,73.9,Charging,Normal,-0.4593
OVN-EV-003,2026-03-25 09:50:21.889395,14.9,401.86,29.29,32.44,48.22,Charging,Normal,-0.4654
OVN-EV-002,2026-03-25 09:50:21.889395,22.86,406.98,34.48,39.56,31.88,Charging,Normal,-0.4722
OVN-EV-001,2026-03-25 09:50:22.354909,12.72,383.08,28.38,36.89,33.47,Charging,Normal,-0.4909
OVN-EV-002,2026-03-25 09:50:24.906388,16.16,386.1,34.2,31.29,44.07,Charging,Normal,-0.4715
OVN-EV-003,2026-03-25 09:50:24.906388,23.71,415.84,35.64,39.47,39.96,Charging,Normal,-0.521
OVN-EV-001,2026-03-25 09:50:25.375008,19.81,479.52,82.02,87.16,87.21,ANOMALY,ANOMALY,-0.6918
OVN-EV-002,2026-03-25 09:50:27.908256,18.04,390.55,32.17,38.47,32.07,Charging,Normal,-0.4459
OVN-EV-003,2026-03-25 09:50:27.908256,22.23,397.38,29.23,30.71,90.57,Charging,Normal,-0.5284
OVN-EV-001,2026-03-25 09:50:28.390481,23.36,386.72,30.44,36.47,21.33,Charging,Normal,-0.5129
OVN-EV-002,2026-03-25 09:50:30.922574,10.22,404.66,31.65,38.95,40.54,Charging,Normal,-0.4759
OVN-EV-003,2026-03-25 09:50:30.922574,12.79,394.46,28.44,42.35,75.65,Charging,Normal,-0.4625
OVN-EV-001,2026-03-25 09:50:31.405378,19.03,398.76,29.42,42.14,72.77,Charging,Normal,-0.4379
OVN-EV-002,2026-03-25 09:50:33.935957,18.54,405.51,31.54,35.59,60.4,Charging,Normal,-0.4165
OVN-EV-003,2026-03-25 09:50:33.935957,23.97,387.54,31.42,31.97,68.77,Charging,Normal,-0.4901
OVN-EV-001,2026-03-25 09:50:34.421356,10.9,406.1,31.53,42.19,68.59,Charging,Normal,-0.469
OVN-EV-002,2026-03-25 09:50:36.937528,12.41,406.55,31.27,42.26,49.9,Charging,Normal,-0.4514
OVN-EV-003,2026-03-25 09:50:36.937528,12.23,405.59,28.26,42.04,38.54,Charging,Normal,-0.482
OVN-EV-001,2026-03-25 09:50:37.436148,22.46,392.46,34.28,37.19,57.45,Charging,Normal,-0.461
OVN-EV-002,2026-03-25 09:50:39.937368,20.88,384.38,29.13,33.08,33.35,Charging,Normal,-0.4965
OVN-EV-003,2026-03-25 09:50:39.937368,15.26,400.9,31.75,44.43,38.9,Charging,Normal,-0.4517
OVN-EV-001,2026-03-25 09:50:40.437689,14.19,395.69,28.38,41.92,91.03,Charging,Normal,-0.487
OVN-EV-002,2026-03-25 09:50:42.938958,13.68,403.47,29.06,33.28,23.09,Charging,Normal,-0.4935
OVN-EV-003,2026-03-25 09:50:42.938958,10.52,417.54,32.2,34.31,47.16,Charging,Normal,-0.4983
OVN-EV-001,2026-03-25 09:50:43.441735,12.75,412.4,31.64,35.1,31.65,Charging,Normal,-0.4752
OVN-EV-003,2026-03-25 09:50:45.953189,19.84,401.91,34.63,34.52,30.72,Charging,Normal,-0.4631
OVN-EV-002,2026-03-25 09:50:45.953189,13.52,419.6,32.75,44.26,48.25,Charging,Normal,-0.4922
OVN-EV-001,2026-03-25 09:50:46.439852,20.19,419.3,30.59,35.86,53.37,Charging,Normal,-0.465
OVN-EV-003,2026-03-25 09:50:48.970749,19.31,410.53,32.38,38.4,69.91,Charging,Normal,-0.437
OVN-EV-002,2026-03-25 09:50:48.971891,21.15,391.15,35.93,42.41,77.14,Charging,Normal,-0.4952
OVN-EV-001,2026-03-25 09:50:49.454202,21.15,404.91,33.87,32.02,48.41,Charging,Normal,-0.4595
OVN-EV-003,2026-03-25 09:50:51.984245,11.82,400.88,33.5,39.4,52.99,Charging,Normal,-0.4498
OVN-EV-002,2026-03-25 09:50:51.984245,20.3,399.36,28.23,35.52,89.95,Charging,Normal,-0.4811
OVN-EV-001,2026-03-25 09:50:52.466145,11.31,419.69,34.5,32.93,75.28,Charging,Normal,-0.5159
OVN-EV-003,2026-03-25 09:50:54.984871,14.08,418.83,30.93,33.56,70.62,Charging,Normal,-0.4665
OVN-EV-002,2026-03-25 09:50:54.985926,15.57,400.78,30.1,43.8,26.91,Charging,Normal,-0.4642
OVN-EV-001,2026-03-25 09:50:55.484354,12.92,399.52,33.58,33.6,79.45,Charging,Normal,-0.4546
OVN-EV-003,2026-03-25 09:50:57.991495,14.06,388.93,33.6,41.06,20.24,Charging,Normal,-0.4856
OVN-EV-002,2026-03-25 09:50:57.991495,11.34,390.78,29.35,33.89,68.14,Charging,Normal,-0.4701
OVN-EV-001,2026-03-25 09:50:58.505658,17.59,399.19,33.38,33.87,38.2,Charging,Normal,-0.4289
OVN-EV-003,2026-03-25 09:51:01.006225,21.6,419.89,34.35,30.21,74.73,Charging,Normal,-0.5154
OVN-EV-002,2026-03-25 09:51:01.007595,12.36,416.76,29.74,41.28,20.71,Charging,Normal,-0.5144
OVN-EV-001,2026-03-25 09:51:01.515021,10.86,416.23,34.17,44.43,82.13,Charging,Normal,-0.5168
OVN-EV-002,2026-03-25 09:51:04.014808,24.09,412.1,32.77,42.76,66.28,Charging,Normal,-0.4703
OVN-EV-003,2026-03-25 09:51:04.014808,10.74,397.54,34.94,32.12,73.9,Charging,Normal,-0.5062
OVN-EV-001,2026-03-25 09:51:04.517637,13.48,380.79,34.43,31.62,72.11,Charging,Normal,-0.5095
OVN-EV-002,2026-03-25 09:51:07.023249,10.85,392.72,31.78,37.74,35.72,Charging,Normal,-0.4794
OVN-EV-003,2026-03-25 09:51:07.023249,12.03,415.63,28.59,35.78,29.12,Charging,Normal,-0.4969
OVN-EV-001,2026-03-25 09:51:07.532670,16.95,397.73,29.35,44.42,75.79,Charging,Normal,-0.4576
OVN-EV-002,2026-03-25 09:51:10.031870,22.26,400.98,31.0,32.83,76.32,Charging,Normal,-0.4639
OVN-EV-003,2026-03-25 09:51:10.033229,12.43,380.47,29.05,30.2,53.16,Charging,Normal,-0.534
OVN-EV-001,2026-03-25 09:51:10.548667,22.21,409.57,35.33,36.41,28.14,Charging,Normal,-0.4824
OVN-EV-002,2026-03-25 09:51:13.032208,14.93,386.27,28.02,30.83,87.7,Charging,Normal,-0.5245
OVN-EV-003,2026-03-25 09:51:13.032208,23.32,414.83,30.77,41.47,51.62,Charging,Normal,-0.4508
OVN-EV-001,2026-03-25 09:51:13.572904,10.18,391.26,28.99,41.6,90.84,Charging,Normal,-0.5361
OVN-EV-002,2026-03-25 09:51:16.028056,12.16,419.59,35.23,32.74,82.8,Charging,Normal,-0.5244
OVN-EV-003,2026-03-25 09:51:16.028056,11.93,386.87,32.41,32.22,50.08,Charging,Normal,-0.4759
OVN-EV-001,2026-03-25 09:51:16.590570,20.09,396.38,30.44,30.96,82.74,Charging,Normal,-0.4626
OVN-EV-002,2026-03-25 09:51:19.031657,19.84,403.56,29.19,39.99,82.73,Charging,Normal,-0.4446
OVN-EV-003,2026-03-25 09:51:19.031657,14.93,382.18,31.39,41.48,72.0,Charging,Normal,-0.4635
OVN-EV-001,2026-03-25 09:51:19.610587,18.16,418.81,31.26,44.83,38.15,Charging,Normal,-0.4845
OVN-EV-002,2026-03-25 09:51:22.040067,24.23,386.32,35.14,44.86,85.37,Charging,Normal,-0.5458
OVN-EV-003,2026-03-25 09:51:22.040067,13.64,382.26,30.26,33.46,93.75,Charging,Normal,-0.5145
OVN-EV-001,2026-03-25 09:51:22.622284,14.19,414.09,28.08,32.01,77.75,Charging,Normal,-0.4942
OVN-EV-003,2026-03-25 09:51:25.048354,22.24,415.11,34.98,42.36,70.32,Charging,Normal,-0.4644
OVN-EV-002,2026-03-25 09:51:25.048354,20.28,418.98,30.54,40.58,52.84,Charging,Normal,-0.471
OVN-EV-001,2026-03-25 09:51:25.639453,10.63,403.01,34.93,37.26,30.65,Charging,Normal,-0.502
OVN-EV-003,2026-03-25 09:51:28.049035,11.87,401.18,34.02,42.37,51.07,Charging,Normal,-0.4453
OVN-EV-002,2026-03-25 09:51:28.050332,20.42,381.8,33.64,37.36,41.28,Charging,Normal,-0.4599
OVN-EV-001,2026-03-25 09:51:28.655767,11.22,417.62,35.71,40.42,82.19,Charging,Normal,-0.5132
OVN-EV-003,2026-03-25 09:51:31.062873,17.1,398.59,31.71,30.95,26.86,Charging,Normal,-0.4765
OVN-EV-002,2026-03-25 09:51:31.062873,13.6,398.23,33.23,44.26,46.42,Charging,Normal,-0.4421
OVN-EV-001,2026-03-25 09:51:31.673518,15.25,409.77,29.38,30.01,36.64,Charging,Normal,-0.487
OVN-EV-003,2026-03-25 09:51:34.069078,16.48,411.79,29.12,41.38,69.19,Charging,Normal,-0.4404
OVN-EV-002,2026-03-25 09:51:34.070477,19.29,392.95,31.3,37.22,43.75,Charging,Normal,-0.4281
OVN-EV-001,2026-03-25 09:51:34.687134,18.05,399.97,34.66,41.51,93.22,Charging,Normal,-0.4796
OVN-EV-003,2026-03-25 09:51:37.072574,23.26,381.38,31.76,35.72,66.94,Charging,Normal,-0.4606
OVN-EV-002,2026-03-25 09:51:37.072574,21.4,407.27,34.96,33.83,28.04,Charging,Normal,-0.4891
OVN-EV-001,2026-03-25 09:51:37.688349,17.81,413.11,35.4,43.26,33.58,Charging,Normal,-0.4844
OVN-EV-003,2026-03-25 09:51:40.093034,19.47,404.7,35.97,32.67,91.54,Charging,Normal,-0.5
OVN-EV-002,2026-03-25 09:51:40.093034,17.56,405.51,32.82,32.1,42.88,Charging,Normal,-0.442
OVN-EV-001,2026-03-25 09:51:40.689356,14.18,384.74,33.64,37.71,79.15,Charging,Normal,-0.4634
OVN-EV-003,2026-03-25 09:51:43.098540,21.26,392.72,33.69,41.92,62.88,Charging,Normal,-0.4452
OVN-EV-002,2026-03-25 09:51:43.099684,16.34,407.91,31.26,35.09,70.59,Charging,Normal,-0.4182
OVN-EV-001,2026-03-25 09:51:43.690219,21.79,396.3,33.0,30.71,89.86,Charging,Normal,-0.5049
OVN-EV-003,2026-03-25 09:51:46.111366,10.41,411.78,33.15,39.06,89.43,Charging,Normal,-0.5144
OVN-EV-002,2026-03-25 09:51:46.112710,21.27,419.03,31.43,30.14,80.65,Charging,Normal,-0.5161
OVN-EV-001,2026-03-25 09:51:46.703605,10.35,412.0,35.32,33.68,83.58,Charging,Normal,-0.5297
OVN-EV-003,2026-03-25 09:51:49.124361,10.41,400.9,28.44,33.32,58.6,Charging,Normal,-0.4994
OVN-EV-002,2026-03-25 09:51:49.125284,21.81,417.51,28.89,39.69,34.4,Charging,Normal,-0.4992
OVN-EV-001,2026-03-25 09:51:49.735179,16.44,414.45,33.65,38.47,75.38,Charging,Normal,-0.4305
OVN-EV-003,2026-03-25 09:51:52.137945,20.87,411.73,31.45,36.35,86.33,Charging,Normal,-0.4531
OVN-EV-002,2026-03-25 09:51:52.137945,12.97,392.36,31.79,41.55,88.37,Charging,Normal,-0.4763
OVN-EV-001,2026-03-25 09:51:52.756399,24.47,403.72,28.81,41.97,58.55,Charging,Normal,-0.4869
OVN-EV-003,2026-03-25 09:51:55.158308,13.78,496.28,91.27,83.35,37.12,ANOMALY,ANOMALY,-0.6801
OVN-EV-002,2026-03-25 09:51:55.158308,24.82,414.93,28.26,44.46,68.06,Charging,Normal,-0.5355
OVN-EV-001,2026-03-25 09:51:55.757040,11.51,395.74,32.39,35.37,77.62,Charging,Normal,-0.4564
OVN-EV-003,2026-03-25 09:51:58.174153,19.21,386.28,30.0,36.02,45.38,Charging,Normal,-0.4462
OVN-EV-002,2026-03-25 09:51:58.175106,10.42,382.18,35.76,33.91,88.78,Charging,Normal,-0.557
OVN-EV-001,2026-03-25 09:51:58.754565,16.49,413.8,33.9,41.12,81.09,Charging,Normal,-0.4553
OVN-EV-003,2026-03-25 09:52:01.188553,15.29,410.31,34.72,40.59,46.58,Charging,Normal,-0.4414
OVN-EV-002,2026-03-25 09:52:01.188553,18.19,387.14,28.97,33.51,29.32,Charging,Normal,-0.4773
OVN-EV-001,2026-03-25 09:52:01.756937,13.54,394.6,33.82,36.58,37.75,Charging,Normal,-0.4423
OVN-EV-002,2026-03-25 09:52:04.189907,22.55,399.94,33.66,42.77,92.39,Charging,Normal,-0.484
OVN-EV-003,2026-03-25 09:52:04.189907,22.29,416.5,35.43,35.53,70.84,Charging,Normal,-0.4838
OVN-EV-001,2026-03-25 09:52:04.757511,22.52,396.41,29.81,33.27,22.17,Charging,Normal,-0.4908
OVN-EV-002,2026-03-25 09:52:07.207679,13.26,400.0,28.52,32.55,25.56,Charging,Normal,-0.4977
OVN-EV-003,2026-03-25 09:52:07.207679,20.42,410.73,33.65,39.81,20.11,Charging,Normal,-0.482
OVN-EV-001,2026-03-25 09:52:07.758328,21.81,385.9,34.49,44.77,53.37,Charging,Normal,-0.4899
OVN-EV-002,2026-03-25 09:52:10.224884,12.22,385.0,29.88,37.27,22.62,Charging,Normal,-0.5056
OVN-EV-003,2026-03-25 09:52:10.224884,18.94,412.44,31.14,32.63,94.48,Charging,Normal,-0.4905
OVN-EV-001,2026-03-25 09:52:10.757350,11.53,391.45,32.03,35.96,46.69,Charging,Normal,-0.4643
OVN-EV-002,2026-03-25 09:52:13.223366,23.33,403.05,28.01,37.14,50.39,Charging,Normal,-0.485
OVN-EV-003,2026-03-25 09:52:13.223366,11.37,399.38,35.25,31.26,90.96,Charging,Normal,-0.5338
OVN-EV-001,2026-03-25 09:52:13.756216,14.27,409.51,34.26,31.45,58.14,Charging,Normal,-0.4537
OVN-EV-002,2026-03-25 09:52:16.239726,24.22,413.64,32.92,39.09,57.58,Charging,Normal,-0.4622
OVN-EV-003,2026-03-25 09:52:16.239726,24.59,388.01,32.61,37.91,61.95,Charging,Normal,-0.4647
OVN-EV-001,2026-03-25 09:52:16.758563,11.94,410.02,30.56,32.12,64.78,Charging,Normal,-0.4646
OVN-EV-002,2026-03-25 09:52:19.248314,10.4,407.53,34.51,36.47,77.35,Charging,Normal,-0.4902
OVN-EV-003,2026-03-25 09:52:19.248314,18.11,410.67,33.99,39.92,45.66,Charging,Normal,-0.437
OVN-EV-001,2026-03-25 09:52:19.750979,18.82,385.8,33.71,34.79,22.33,Charging,Normal,-0.4892
OVN-EV-002,2026-03-25 09:52:22.265581,12.67,392.81,32.58,32.39,29.15,Charging,Normal,-0.4743
OVN-EV-003,2026-03-25 09:52:22.265581,14.6,399.4,31.11,44.71,58.85,Charging,Normal,-0.4521
OVN-EV-001,2026-03-25 09:52:22.751392,16.87,411.02,32.11,35.71,81.2,Charging,Normal,-0.4489
OVN-EV-003,2026-03-25 09:52:25.273141,16.16,403.63,29.02,30.88,26.48,Charging,Normal,-0.4863
OVN-EV-002,2026-03-25 09:52:25.274235,23.03,405.45,29.22,31.83,74.23,Charging,Normal,-0.4765
OVN-EV-001,2026-03-25 09:52:25.759798,23.95,417.07,34.7,32.39,48.54,Charging,Normal,-0.4883
OVN-EV-003,2026-03-25 09:52:28.265375,21.22,404.48,33.54,38.54,52.66,Charging,Normal,-0.4228
OVN-EV-002,2026-03-25 09:52:28.297152,16.91,383.1,29.89,43.01,66.94,Charging,Normal,-0.4688
OVN-EV-001,2026-03-25 09:52:28.780359,17.98,413.47,33.94,40.61,81.75,Charging,Normal,-0.446
OVN-EV-003,2026-03-25 09:52:31.268402,23.8,404.6,30.78,37.37,62.08,Charging,Normal,-0.4404
OVN-EV-002,2026-03-25 09:52:31.311997,24.97,405.57,31.79,30.94,52.06,Charging,Normal,-0.4965
OVN-EV-001,2026-03-25 09:52:31.783215,11.88,416.86,32.68,30.77,32.48,Charging,Normal,-0.5154
OVN-EV-003,2026-03-25 09:52:34.276862,22.12,416.52,29.61,33.29,27.76,Charging,Normal,-0.4976
OVN-EV-002,2026-03-25 09:52:34.322562,21.59,384.26,32.82,40.29,45.22,Charging,Normal,-0.4511
OVN-EV-001,2026-03-25 09:52:34.782324,23.36,395.49,28.07,42.99,33.37,Charging,Normal,-0.5176
OVN-EV-003,2026-03-25 09:52:37.296767,19.07,386.43,32.91,32.04,85.91,Charging,Normal,-0.4831
OVN-EV-002,2026-03-25 09:52:37.328713,24.41,412.27,28.19,40.6,76.66,Charging,Normal,-0.5118
OVN-EV-001,2026-03-25 09:52:37.782817,15.0,418.55,32.55,40.95,39.23,Charging,Normal,-0.4625
OVN-EV-003,2026-03-25 09:52:40.314989,13.63,414.81,35.58,36.72,75.0,Charging,Normal,-0.475
OVN-EV-002,2026-03-25 09:52:40.342508,19.33,384.51,33.53,34.25,35.39,Charging,Normal,-0.4614
OVN-EV-001,2026-03-25 09:52:40.781187,21.45,409.91,33.49,35.73,37.74,Charging,Normal,-0.4441
OVN-EV-003,2026-03-25 09:52:43.312978,21.35,392.39,33.58,35.06,91.41,Charging,Normal,-0.4679
OVN-EV-002,2026-03-25 09:52:43.361072,16.23,382.95,30.89,32.41,57.63,Charging,Normal,-0.4546
OVN-EV-001,2026-03-25 09:52:43.798969,12.46,411.43,32.14,42.93,50.76,Charging,Normal,-0.4579
OVN-EV-003,2026-03-25 09:52:46.343788,22.43,410.08,34.48,36.01,93.74,Charging,Normal,-0.4852
OVN-EV-002,2026-03-25 09:52:46.345807,12.41,395.76,28.97,39.31,32.04,Charging,Normal,-0.472
OVN-EV-001,2026-03-25 09:52:46.800547,21.8,390.68,35.43,44.98,29.91,Charging,Normal,-0.5291
OVN-EV-003,2026-03-25 09:52:49.362044,14.67,416.89,30.42,40.96,32.84,Charging,Normal,-0.4628
OVN-EV-002,2026-03-25 09:52:49.362044,17.59,386.88,29.65,30.28,20.79,Charging,Normal,-0.5181
OVN-EV-001,2026-03-25 09:52:49.813602,24.71,414.85,35.92,31.77,88.18,Charging,Normal,-0.5538
OVN-EV-003,2026-03-25 09:52:52.375981,19.97,417.23,35.94,44.65,32.44,Charging,Normal,-0.5292
OVN-EV-002,2026-03-25 09:52:52.375981,10.25,405.86,34.38,33.29,84.99,Charging,Normal,-0.5091
OVN-EV-001,2026-03-25 09:52:52.825617,10.42,395.97,35.92,35.23,91.68,Charging,Normal,-0.5341
OVN-EV-003,2026-03-25 09:52:55.390498,12.8,404.65,31.84,41.11,30.36,Charging,Normal,-0.4545
OVN-EV-002,2026-03-25 09:52:55.390498,20.94,403.86,31.25,30.63,60.35,Charging,Normal,-0.4527
OVN-EV-001,2026-03-25 09:52:55.844597,23.26,392.67,33.25,40.46,69.03,Charging,Normal,-0.4437
OVN-EV-003,2026-03-25 09:52:58.393198,17.85,387.5,33.3,35.9,53.09,Charging,Normal,-0.4327
OVN-EV-002,2026-03-25 09:52:58.393198,10.12,407.6,31.29,40.64,84.01,Charging,Normal,-0.5015
OVN-EV-001,2026-03-25 09:52:58.862781,22.4,415.16,30.38,38.76,53.69,Charging,Normal,-0.4518
OVN-EV-003,2026-03-25 09:53:01.406179,21.99,418.91,34.81,44.88,82.38,Charging,Normal,-0.5163
OVN-EV-002,2026-03-25 09:53:01.406179,23.44,395.18,31.77,40.04,79.6,Charging,Normal,-0.4591
OVN-EV-001,2026-03-25 09:53:01.874924,17.31,395.33,28.99,33.06,85.51,Charging,Normal,-0.4611
OVN-EV-002,2026-03-25 09:53:04.408339,13.67,414.73,34.54,41.3,65.92,Charging,Normal,-0.4431
OVN-EV-003,2026-03-25 09:53:04.408339,10.24,387.76,35.02,41.0,71.39,Charging,Normal,-0.5139
OVN-EV-001,2026-03-25 09:53:04.887045,14.75,407.67,28.81,43.39,53.1,Charging,Normal,-0.461
OVN-EV-002,2026-03-25 09:53:07.406241,20.36,411.17,30.78,31.03,27.33,Charging,Normal,-0.485
OVN-EV-003,2026-03-25 09:53:07.406241,21.11,398.15,31.39,44.37,27.72,Charging,Normal,-0.4819
OVN-EV-001,2026-03-25 09:53:07.897620,15.68,414.81,31.85,41.84,84.07,Charging,Normal,-0.4675
OVN-EV-002,2026-03-25 09:53:10.421467,17.9,398.94,30.1,36.29,37.5,Charging,Normal,-0.4257
OVN-EV-003,2026-03-25 09:53:10.421467,23.94,381.89,34.0,31.24,58.65,Charging,Normal,-0.5066
OVN-EV-001,2026-03-25 09:53:10.890366,22.41,414.2,34.28,36.96,78.35,Charging,Normal,-0.4666
OVN-EV-002,2026-03-25 09:53:13.437788,24.3,389.3,29.62,44.53,82.77,Charging,Normal,-0.5221
OVN-EV-003,2026-03-25 09:53:13.437788,13.24,409.41,31.14,39.35,38.83,Charging,Normal,-0.4372
OVN-EV-001,2026-03-25 09:53:13.893678,17.36,416.27,31.42,39.23,33.11,Charging,Normal,-0.4627
OVN-EV-002,2026-03-25 09:53:16.453679,18.31,389.82,34.88,30.08,39.37,Charging,Normal,-0.5039
OVN-EV-003,2026-03-25 09:53:16.453679,11.32,381.44,29.5,34.14,30.47,Charging,Normal,-0.5046
OVN-EV-001,2026-03-25 09:53:16.891339,22.35,398.13,35.9,41.86,83.96,Charging,Normal,-0.4928
OVN-EV-002,2026-03-25 09:53:19.456046,10.33,416.75,29.54,43.2,27.03,Charging,Normal,-0.5501
OVN-EV-003,2026-03-25 09:53:19.457078,23.91,408.02,29.53,44.34,91.29,Charging,Normal,-0.5132
OVN-EV-001,2026-03-25 09:53:19.921392,16.47,386.01,32.12,41.16,48.19,Charging,Normal,-0.4443
OVN-EV-002,2026-03-25 09:53:22.457608,22.58,391.55,30.77,44.04,94.75,Charging,Normal,-0.5127
OVN-EV-003,2026-03-25 09:53:22.457608,13.17,415.39,35.86,41.89,46.74,Charging,Normal,-0.4841
OVN-EV-001,2026-03-25 09:53:22.936945,19.2,417.21,35.4,37.79,84.57,Charging,Normal,-0.4888
OVN-EV-003,2026-03-25 09:53:25.467530,13.09,410.32,34.73,33.08,76.83,Charging,Normal,-0.467
OVN-EV-002,2026-03-25 09:53:25.467530,16.58,394.3,34.03,33.64,72.41,Charging,Normal,-0.4477
OVN-EV-001,2026-03-25 09:53:25.939849,24.01,393.8,28.18,38.89,73.51,Charging,Normal,-0.4909
OVN-EV-003,2026-03-25 09:53:28.486834,11.15,418.87,32.88,37.87,46.49,Charging,Normal,-0.4892
OVN-EV-002,2026-03-25 09:53:28.487859,14.7,392.4,33.24,39.84,32.75,Charging,Normal,-0.4452
OVN-EV-001,2026-03-25 09:53:28.952183,16.36,388.02,35.47,40.75,61.34,Charging,Normal,-0.4669
OVN-EV-003,2026-03-25 09:53:31.484707,20.22,414.42,31.6,40.13,40.6,Charging,Normal,-0.4406
OVN-EV-002,2026-03-25 09:53:31.484707,10.28,386.65,30.26,38.64,76.97,Charging,Normal,-0.5079
OVN-EV-001,2026-03-25 09:53:31.959935,10.4,385.16,30.21,33.59,93.35,Charging,Normal,-0.5413
OVN-EV-003,2026-03-25 09:53:34.485965,10.64,404.91,30.22,40.48,89.33,Charging,Normal,-0.4938
OVN-EV-002,2026-03-25 09:53:34.487132,21.91,460.96,93.44,74.87,37.51,ANOMALY,ANOMALY,-0.6693
OVN-EV-001,2026-03-25 09:53:34.969103,11.55,403.45,29.13,35.42,39.65,Charging,Normal,-0.4666
OVN-EV-003,2026-03-25 09:53:37.500735,20.51,386.55,29.46,37.86,65.62,Charging,Normal,-0.4531
OVN-EV-002,2026-03-25 09:53:37.500735,17.07,407.51,29.87,44.91,82.37,Charging,Normal,-0.4761
OVN-EV-001,2026-03-25 09:53:37.977748,20.11,467.47,97.54,73.54,65.66,ANOMALY,ANOMALY,-0.6717
OVN-EV-003,2026-03-25 09:53:40.499270,11.14,401.48,29.55,40.83,48.42,Charging,Normal,-0.4539
OVN-EV-002,2026-03-25 09:53:40.499270,19.8,382.65,31.02,37.23,21.94,Charging,Normal,-0.4858
OVN-EV-001,2026-03-25 09:53:40.986620,12.98,404.71,30.79,30.45,22.13,Charging,Normal,-0.5157
OVN-EV-003,2026-03-25 09:53:43.517995,11.48,411.37,28.28,32.03,35.57,Charging,Normal,-0.5165
OVN-EV-002,2026-03-25 09:53:43.517995,24.64,413.2,30.57,32.35,34.18,Charging,Normal,-0.5142
OVN-EV-001,2026-03-25 09:53:43.999930,24.17,411.2,30.1,33.55,61.69,Charging,Normal,-0.4772
OVN-EV-003,2026-03-25 09:53:46.521817,10.8,415.86,33.75,32.86,90.7,Charging,Normal,-0.5161
OVN-EV-002,2026-03-25 09:53:46.525983,11.88,417.77,33.64,38.43,82.19,Charging,Normal,-0.492
OVN-EV-001,2026-03-25 09:53:47.005371,12.86,480.47,82.65,72.72,66.78,ANOMALY,ANOMALY,-0.6726
OVN-EV-003,2026-03-25 09:53:49.547026,11.23,390.26,31.24,43.57,33.76,Charging,Normal,-0.5012
OVN-EV-002,2026-03-25 09:53:49.548636,13.52,392.32,30.62,35.63,61.27,Charging,Normal,-0.4422
OVN-EV-001,2026-03-25 09:53:50.016454,23.69,419.64,35.02,30.98,88.67,Charging,Normal,-0.5432
OVN-EV-003,2026-03-25 09:53:52.554182,11.29,418.73,32.88,37.39,79.61,Charging,Normal,-0.4912
OVN-EV-002,2026-03-25 09:53:52.554182,15.97,390.03,34.45,36.0,32.72,Charging,Normal,-0.4625
OVN-EV-001,2026-03-25 09:53:53.031688,15.98,400.69,29.76,39.96,53.53,Charging,Normal,-0.4293
OVN-EV-003,2026-03-25 09:53:55.564290,18.06,418.74,34.44,31.4,70.98,Charging,Normal,-0.5008
OVN-EV-002,2026-03-25 09:53:55.564290,23.0,385.59,33.48,40.83,74.93,Charging,Normal,-0.4714
OVN-EV-001,2026-03-25 09:53:56.036329,13.18,386.83,32.79,38.11,32.54,Charging,Normal,-0.4634
OVN-EV-003,2026-03-25 09:53:58.576166,17.8,407.08,31.85,35.04,87.98,Charging,Normal,-0.4466
OVN-EV-002,2026-03-25 09:53:58.576166,13.25,384.58,32.59,41.82,61.16,Charging,Normal,-0.4533
OVN-EV-001,2026-03-25 09:53:59.031130,16.21,403.44,31.77,43.06,24.46,Charging,Normal,-0.4724
OVN-EV-003,2026-03-25 09:54:01.580745,15.45,413.63,34.7,42.97,40.02,Charging,Normal,-0.4672
OVN-EV-002,2026-03-25 09:54:01.580745,15.3,474.7,90.89,85.3,35.41,ANOMALY,ANOMALY,-0.6787
OVN-EV-001,2026-03-25 09:54:02.049200,13.28,419.26,35.23,38.5,30.1,Charging,Normal,-0.5064
OVN-EV-002,2026-03-25 09:54:04.594051,14.2,475.32,82.23,80.92,75.49,ANOMALY,ANOMALY,-0.6709
OVN-EV-003,2026-03-25 09:54:04.594051,10.84,393.66,28.23,32.03,90.73,Charging,Normal,-0.5467
OVN-EV-001,2026-03-25 09:54:05.062961,14.88,382.92,32.19,36.43,25.08,Charging,Normal,-0.4722
OVN-EV-002,2026-03-25 09:54:07.605982,24.29,405.8,33.24,37.62,45.49,Charging,Normal,-0.4666
OVN-EV-003,2026-03-25 09:54:07.605982,24.59,385.88,32.84,31.86,85.89,Charging,Normal,-0.5211
OVN-EV-001,2026-03-25 09:54:08.065717,20.42,404.66,30.24,39.37,88.16,Charging,Normal,-0.4634
OVN-EV-002,2026-03-25 09:54:10.631195,11.46,419.8,34.67,39.79,31.33,Charging,Normal,-0.5143
OVN-EV-003,2026-03-25 09:54:10.631195,12.91,391.67,28.39,37.68,52.44,Charging,Normal,-0.4587
OVN-EV-001,2026-03-25 09:54:11.083561,14.67,417.6,33.78,34.47,41.72,Charging,Normal,-0.4672
OVN-EV-002,2026-03-25 09:54:13.643049,19.02,409.16,32.72,30.17,72.74,Charging,Normal,-0.4708
OVN-EV-003,2026-03-25 09:54:13.643049,17.38,396.34,34.48,38.72,22.37,Charging,Normal,-0.4811
OVN-EV-001,2026-03-25 09:54:14.095173,23.9,403.35,35.23,43.21,94.39,Charging,Normal,-0.5346
OVN-EV-002,2026-03-25 09:54:16.644062,21.0,397.47,29.93,30.18,41.38,Charging,Normal,-0.489
OVN-EV-003,2026-03-25 09:54:16.644062,12.98,382.66,30.21,30.29,92.71,Charging,Normal,-0.5376
OVN-EV-001,2026-03-25 09:54:17.109523,16.5,414.14,30.73,41.57,40.84,Charging,Normal,-0.4471
OVN-EV-002,2026-03-25 09:54:19.650455,21.97,410.87,28.32,37.19,41.12,Charging,Normal,-0.481
OVN-EV-003,2026-03-25 09:54:19.650455,11.05,402.96,29.72,33.0,55.49,Charging,Normal,-0.477
OVN-EV-001,2026-03-25 09:54:20.127635,14.0,414.49,31.57,44.89,77.92,Charging,Normal,-0.4879
OVN-EV-002,2026-03-25 09:54:22.662162,10.45,393.12,35.4,34.75,43.98,Charging,Normal,-0.4968
OVN-EV-003,2026-03-25 09:54:22.662162,17.0,411.29,29.42,40.76,56.48,Charging,Normal,-0.4365
OVN-EV-001,2026-03-25 09:54:23.139395,16.2,387.07,34.92,30.9,56.35,Charging,Normal,-0.4914
OVN-EV-003,2026-03-25 09:54:25.671834,17.85,382.75,34.03,44.91,28.85,Charging,Normal,-0.5264
OVN-EV-002,2026-03-25 09:54:25.671834,17.31,384.52,34.57,33.95,78.52,Charging,Normal,-0.466
OVN-EV-001,2026-03-25 09:54:26.143998,18.13,395.51,29.61,30.49,71.82,Charging,Normal,-0.4716
OVN-EV-003,2026-03-25 09:54:28.687359,24.32,406.72,32.33,44.48,20.23,Charging,Normal,-0.5361
OVN-EV-002,2026-03-25 09:54:28.687870,13.62,400.51,31.82,44.57,60.02,Charging,Normal,-0.4506
OVN-EV-001,2026-03-25 09:54:29.144501,22.98,406.42,30.72,34.68,71.03,Charging,Normal,-0.4514
OVN-EV-003,2026-03-25 09:54:31.703614,17.25,410.29,33.55,38.54,56.71,Charging,Normal,-0.4299
OVN-EV-002,2026-03-25 09:54:31.703614,13.03,417.23,35.65,40.69,50.05,Charging,Normal,-0.4933
OVN-EV-001,2026-03-25 09:54:32.157001,24.93,397.93,33.22,39.95,92.36,Charging,Normal,-0.5204
OVN-EV-003,2026-03-25 09:54:34.733639,16.44,409.41,34.82,43.8,66.51,Charging,Normal,-0.4487
OVN-EV-002,2026-03-25 09:54:34.733639,14.38,406.03,31.27,36.75,81.57,Charging,Normal,-0.4367
OVN-EV-001,2026-03-25 09:54:35.171645,17.42,398.49,29.35,39.84,60.47,Charging,Normal,-0.4223
OVN-EV-003,2026-03-25 09:54:37.744365,17.27,387.74,30.14,44.3,89.44,Charging,Normal,-0.495
OVN-EV-002,2026-03-25 09:54:37.744365,15.11,392.2,31.29,35.23,28.38,Charging,Normal,-0.4702
OVN-EV-001,2026-03-25 09:54:38.173854,10.12,388.7,33.09,35.71,42.89,Charging,Normal,-0.4944
OVN-EV-003,2026-03-25 09:54:40.754138,13.01,414.34,32.94,36.57,44.27,Charging,Normal,-0.4564
OVN-EV-002,2026-03-25 09:54:40.754138,15.28,384.66,31.39,35.63,23.71,Charging,Normal,-0.4797
OVN-EV-001,2026-03-25 09:54:41.182554,15.25,380.68,32.51,35.3,67.81,Charging,Normal,-0.4499
OVN-EV-002,2026-03-25 09:54:43.769220,12.92,399.28,31.03,31.16,21.89,Charging,Normal,-0.5096
OVN-EV-003,2026-03-25 09:54:43.769220,20.75,394.85,32.92,39.3,36.9,Charging,Normal,-0.4464
OVN-EV-001,2026-03-25 09:54:44.196658,24.23,410.16,30.69,33.89,70.83,Charging,Normal,-0.4889
OVN-EV-002,2026-03-25 09:54:46.771422,22.96,415.44,33.0,40.65,21.41,Charging,Normal,-0.5072
OVN-EV-003,2026-03-25 09:54:46.772817,22.79,382.98,31.11,31.4,65.5,Charging,Normal,-0.4976
OVN-EV-001,2026-03-25 09:54:47.214160,20.93,486.25,89.32,75.02,54.67,ANOMALY,ANOMALY,-0.657
OVN-EV-002,2026-03-25 09:54:49.776071,20.52,391.02,31.03,42.44,39.64,Charging,Normal,-0.4572
OVN-EV-003,2026-03-25 09:54:49.777872,11.2,411.94,30.16,36.82,64.11,Charging,Normal,-0.4719
OVN-EV-001,2026-03-25 09:54:50.218665,13.29,382.39,33.52,35.49,75.4,Charging,Normal,-0.4579
OVN-EV-002,2026-03-25 09:54:52.787312,13.77,408.46,29.38,33.73,43.46,Charging,Normal,-0.4566
OVN-EV-003,2026-03-25 09:54:52.787312,13.38,413.31,31.25,44.93,39.03,Charging,Normal,-0.4859
OVN-EV-001,2026-03-25 09:54:53.233833,15.85,397.53,28.86,42.0,52.21,Charging,Normal,-0.4407
OVN-EV-002,2026-03-25 09:54:55.794760,22.27,383.58,29.93,39.04,33.63,Charging,Normal,-0.4837
OVN-EV-003,2026-03-25 09:54:55.795214,23.89,403.04,33.13,42.98,56.09,Charging,Normal,-0.459
OVN-EV-001,2026-03-25 09:54:56.240156,24.43,381.67,32.79,39.92,54.73,Charging,Normal,-0.4882
OVN-EV-002,2026-03-25 09:54:58.815055,14.86,409.15,34.69,41.77,35.83,Charging,Normal,-0.4597
OVN-EV-003,2026-03-25 09:54:58.815055,13.6,399.95,33.46,36.83,74.72,Charging,Normal,-0.4361
OVN-EV-001,2026-03-25 09:54:59.243214,23.71,390.45,35.94,31.06,24.31,Charging,Normal,-0.5566
OVN-EV-002,2026-03-25 09:55:01.832156,19.07,484.97,86.88,72.51,28.51,ANOMALY,ANOMALY,-0.6752
OVN-EV-003,2026-03-25 09:55:01.832156,18.3,411.62,33.22,31.28,30.27,Charging,Normal,-0.4846
OVN-EV-001,2026-03-25 09:55:02.253230,22.9,409.46,34.16,39.49,20.24,Charging,Normal,-0.4922
OVN-EV-003,2026-03-25 09:55:04.847840,24.02,403.06,30.96,30.11,33.88,Charging,Normal,-0.5056
OVN-EV-002,2026-03-25 09:55:04.847840,20.31,384.88,34.36,33.18,73.25,Charging,Normal,-0.4709
OVN-EV-001,2026-03-25 09:55:05.266325,16.63,418.22,31.35,35.34,52.84,Charging,Normal,-0.4611
OVN-EV-003,2026-03-25 09:55:07.854062,21.27,396.82,30.21,31.15,67.73,Charging,Normal,-0.4715
OVN-EV-002,2026-03-25 09:55:07.855756,17.67,401.45,32.24,39.23,38.93,Charging,Normal,-0.4276
OVN-EV-001,2026-03-25 09:55:08.274777,20.11,411.46,31.07,36.98,46.77,Charging,Normal,-0.4326
OVN-EV-003,2026-03-25 09:55:10.881033,21.34,407.11,31.29,44.42,60.64,Charging,Normal,-0.4668
OVN-EV-002,2026-03-25 09:55:10.881033,23.16,397.28,29.43,40.09,33.69,Charging,Normal,-0.4744
OVN-EV-001,2026-03-25 09:55:11.285963,20.77,380.3,33.63,37.54,48.43,Charging,Normal,-0.4707
OVN-EV-003,2026-03-25 09:55:13.890281,23.09,413.08,32.63,40.55,86.46,Charging,Normal,-0.4767
OVN-EV-002,2026-03-25 09:55:13.890281,11.97,409.9,29.32,42.02,94.85,Charging,Normal,-0.5155
OVN-EV-001,2026-03-25 09:55:14.288824,21.71,393.61,31.85,44.92,90.16,Charging,Normal,-0.4977
OVN-EV-003,2026-03-25 09:55:16.892845,18.08,416.56,35.19,33.49,28.1,Charging,Normal,-0.5176
OVN-EV-002,2026-03-25 09:55:16.893954,20.23,462.89,89.48,73.96,60.51,ANOMALY,ANOMALY,-0.6738
OVN-EV-001,2026-03-25 09:55:17.296439,22.69,395.07,30.64,33.45,77.65,Charging,Normal,-0.4751
OVN-EV-003,2026-03-25 09:55:19.893430,21.36,410.92,33.35,38.34,56.91,Charging,Normal,-0.4384
OVN-EV-002,2026-03-25 09:55:19.893430,10.08,389.84,32.3,34.63,73.71,Charging,Normal,-0.4956
OVN-EV-001,2026-03-25 09:55:20.319161,15.38,387.8,35.91,30.35,29.06,Charging,Normal,-0.5391
OVN-EV-003,2026-03-25 09:55:22.913848,24.65,410.83,30.57,37.91,72.53,Charging,Normal,-0.4826
OVN-EV-002,2026-03-25 09:55:22.913848,16.33,383.74,35.36,32.01,48.07,Charging,Normal,-0.4956
OVN-EV-001,2026-03-25 09:55:23.329154,21.63,381.07,29.15,30.86,45.46,Charging,Normal,-0.5149
OVN-EV-002,2026-03-25 09:55:25.924317,10.25,412.56,33.22,43.46,51.32,Charging,Normal,-0.4991
OVN-EV-003,2026-03-25 09:55:25.924317,10.48,388.01,28.49,34.43,79.12,Charging,Normal,-0.5131
OVN-EV-001,2026-03-25 09:55:26.338729,17.04,383.27,35.17,40.93,64.68,Charging,Normal,-0.4781
OVN-EV-002,2026-03-25 09:55:28.923071,16.41,419.83,31.19,36.05,55.29,Charging,Normal,-0.456
OVN-EV-003,2026-03-25 09:55:28.923071,12.96,400.68,29.97,30.19,23.29,Charging,Normal,-0.5068
OVN-EV-001,2026-03-25 09:55:29.361370,19.56,416.51,28.6,34.39,37.35,Charging,Normal,-0.4817
OVN-EV-002,2026-03-25 09:55:31.929074,15.51,397.36,33.2,44.85,88.49,Charging,Normal,-0.4855
OVN-EV-003,2026-03-25 09:55:31.929074,24.9,404.04,32.01,31.37,55.99,Charging,Normal,-0.4848
OVN-EV-001,2026-03-25 09:55:32.357354,10.34,386.57,31.67,32.62,88.77,Charging,Normal,-0.5272
OVN-EV-002,2026-03-25 09:55:34.937173,19.38,417.35,33.56,35.29,91.94,Charging,Normal,-0.4833
OVN-EV-003,2026-03-25 09:55:34.937173,10.22,384.14,30.94,36.08,60.87,Charging,Normal,-0.5041
OVN-EV-001,2026-03-25 09:55:35.368925,23.47,417.67,28.21,32.55,44.45,Charging,Normal,-0.5206
OVN-EV-002,2026-03-25 09:55:37.937833,22.67,418.53,28.43,34.03,67.3,Charging,Normal,-0.4921
OVN-EV-003,2026-03-25 09:55:37.937833,16.01,384.98,34.39,41.69,91.12,Charging,Normal,-0.4898
OVN-EV-001,2026-03-25 09:55:38.377938,19.69,407.38,30.44,44.06,44.09,Charging,Normal,-0.456
OVN-EV-002,2026-03-25 09:55:40.942185,12.56,406.18,35.74,30.28,48.73,Charging,Normal,-0.5258
OVN-EV-003,2026-03-25 09:55:40.942185,22.1,401.48,30.12,34.25,42.07,Charging,Normal,-0.4549
OVN-EV-001,2026-03-25 09:55:41.381289,23.53,409.89,32.75,34.81,48.17,Charging,Normal,-0.451
OVN-EV-003,2026-03-25 09:55:43.942854,16.68,392.06,30.61,44.35,27.2,Charging,Normal,-0.4815
OVN-EV-002,2026-03-25 09:55:43.942854,13.56,389.76,34.16,41.51,32.61,Charging,Normal,-0.4685
OVN-EV-001,2026-03-25 09:55:44.396072,19.92,407.07,32.39,41.25,47.94,Charging,Normal,-0.4419
OVN-EV-003,2026-03-25 09:55:46.954059,20.65,391.09,31.58,31.0,30.94,Charging,Normal,-0.4839
OVN-EV-002,2026-03-25 09:55:46.954059,10.69,382.92,31.66,33.79,34.96,Charging,Normal,-0.5035
OVN-EV-001,2026-03-25 09:55:47.393265,10.76,462.06,88.18,89.5,88.84,ANOMALY,ANOMALY,-0.7281
OVN-EV-003,2026-03-25 09:55:49.960087,23.11,391.91,30.7,43.67,43.58,Charging,Normal,-0.4793
OVN-EV-002,2026-03-25 09:55:49.960087,22.05,416.45,28.87,31.97,35.52,Charging,Normal,-0.5055
OVN-EV-001,2026-03-25 09:55:50.407268,15.41,401.36,30.58,42.7,89.82,Charging,Normal,-0.4693
OVN-EV-003,2026-03-25 09:55:52.969020,18.93,411.33,33.06,31.55,45.75,Charging,Normal,-0.4583
OVN-EV-002,2026-03-25 09:55:52.973044,22.25,419.9,30.36,35.11,61.93,Charging,Normal,-0.4789
OVN-EV-001,2026-03-25 09:55:53.424130,24.17,403.41,29.22,37.66,79.65,Charging,Normal,-0.4722
OVN-EV-003,2026-03-25 09:55:55.985913,12.6,412.17,35.99,43.62,32.71,Charging,Normal,-0.5173
OVN-EV-002,2026-03-25 09:55:55.985913,19.58,394.69,35.54,37.37,53.23,Charging,Normal,-0.4614
OVN-EV-001,2026-03-25 09:55:56.426199,16.82,389.26,35.32,35.55,72.5,Charging,Normal,-0.464
OVN-EV-003,2026-03-25 09:55:58.999533,24.51,397.79,34.63,36.3,67.63,Charging,Normal,-0.4633
OVN-EV-002,2026-03-25 09:55:58.999533,18.08,407.94,31.2,32.21,37.67,Charging,Normal,-0.4471
OVN-EV-001,2026-03-25 09:55:59.424522,10.85,418.63,31.88,37.41,60.99,Charging,Normal,-0.4895
OVN-EV-003,2026-03-25 09:56:02.005562,23.5,412.49,34.79,44.26,90.93,Charging,Normal,-0.5214
OVN-EV-002,2026-03-25 09:56:02.005562,10.67,414.81,29.64,37.26,90.38,Charging,Normal,-0.5182
OVN-EV-001,2026-03-25 09:56:02.433887,11.94,484.84,89.75,79.97,51.55,ANOMALY,ANOMALY,-0.6622
OVN-EV-002,2026-03-25 09:56:05.018796,22.52,395.75,34.76,44.6,79.46,Charging,Normal,-0.489
OVN-EV-003,2026-03-25 09:56:05.018796,15.27,400.9,28.8,30.44,30.27,Charging,Normal,-0.5012
OVN-EV-001,2026-03-25 09:56:05.451925,16.46,395.38,28.13,36.22,86.47,Charging,Normal,-0.4632
OVN-EV-002,2026-03-25 09:56:08.014718,11.24,418.09,28.62,37.23,55.72,Charging,Normal,-0.5011
OVN-EV-003,2026-03-25 09:56:08.014718,20.72,473.01,88.49,73.52,74.99,ANOMALY,ANOMALY,-0.6784
OVN-EV-001,2026-03-25 09:56:08.463756,10.16,412.32,32.73,44.59,77.69,Charging,Normal,-0.5217
OVN-EV-002,2026-03-25 09:56:11.031612,18.36,488.34,99.5,76.21,87.01,ANOMALY,ANOMALY,-0.6991
OVN-EV-003,2026-03-25 09:56:11.031612,15.46,387.81,30.21,33.04,65.62,Charging,Normal,-0.4458
OVN-EV-001,2026-03-25 09:56:11.473000,19.7,398.49,31.66,30.3,45.68,Charging,Normal,-0.4726
OVN-EV-002,2026-03-25 09:56:14.046269,14.15,407.44,32.49,40.63,43.86,Charging,Normal,-0.4352
OVN-EV-003,2026-03-25 09:56:14.047315,23.9,418.44,35.34,36.69,57.8,Charging,Normal,-0.4934
OVN-EV-001,2026-03-25 09:56:14.474627,24.26,393.9,30.73,37.08,50.37,Charging,Normal,-0.4605
OVN-EV-002,2026-03-25 09:56:17.068999,19.91,398.72,31.52,41.5,25.31,Charging,Normal,-0.4609
OVN-EV-003,2026-03-25 09:56:17.070363,16.89,389.13,31.32,30.77,79.27,Charging,Normal,-0.4727
OVN-EV-001,2026-03-25 09:56:17.486448,12.66,408.58,31.43,43.76,93.48,Charging,Normal,-0.4988
OVN-EV-002,2026-03-25 09:56:20.073002,20.64,400.75,35.88,34.77,23.37,Charging,Normal,-0.4986
OVN-EV-003,2026-03-25 09:56:20.073002,12.91,400.26,35.9,41.23,20.38,Charging,Normal,-0.517
OVN-EV-001,2026-03-25 09:56:20.489678,18.79,400.36,28.6,35.58,21.16,Charging,Normal,-0.4839
OVN-EV-002,2026-03-25 09:56:23.086522,16.0,412.36,29.99,43.87,41.76,Charging,Normal,-0.4685
OVN-EV-003,2026-03-25 09:56:23.086522,24.59,382.86,34.31,36.72,31.45,Charging,Normal,-0.5055
OVN-EV-001,2026-03-25 09:56:23.496113,16.31,397.57,33.65,36.61,70.98,Charging,Normal,-0.4257
OVN-EV-003,2026-03-25 09:56:26.100541,19.05,406.87,30.61,31.37,89.66,Charging,Normal,-0.4844
OVN-EV-002,2026-03-25 09:56:26.100541,18.9,416.49,29.67,34.84,51.61,Charging,Normal,-0.4508
OVN-EV-001,2026-03-25 09:56:26.522141,23.5,382.1,35.74,38.25,89.18,Charging,Normal,-0.5391
OVN-EV-003,2026-03-25 09:56:29.105672,20.8,395.1,32.59,32.37,34.97,Charging,Normal,-0.4553
OVN-EV-002,2026-03-25 09:56:29.105672,23.83,406.33,28.24,42.91,91.5,Charging,Normal,-0.5357
OVN-EV-001,2026-03-25 09:56:29.524411,23.41,417.39,29.96,42.48,36.4,Charging,Normal,-0.5044
OVN-EV-003,2026-03-25 09:56:32.132984,18.66,410.86,28.65,30.18,91.5,Charging,Normal,-0.5318
OVN-EV-002,2026-03-25 09:56:32.132984,11.72,410.76,34.1,39.15,49.6,Charging,Normal,-0.4671
OVN-EV-001,2026-03-25 09:56:32.531143,23.73,400.04,28.62,36.55,55.84,Charging,Normal,-0.4614
OVN-EV-003,2026-03-25 09:56:35.130677,23.83,403.98,34.25,41.17,71.13,Charging,Normal,-0.4613
OVN-EV-002,2026-03-25 09:56:35.130677,16.18,382.25,30.08,36.31,48.6,Charging,Normal,-0.4521
OVN-EV-001,2026-03-25 09:56:35.546630,14.15,415.87,33.06,37.53,39.82,Charging,Normal,-0.455
OVN-EV-003,2026-03-25 09:56:38.128822,17.51,411.99,31.35,35.49,32.61,Charging,Normal,-0.4494
OVN-EV-002,2026-03-25 09:56:38.128822,17.82,391.51,31.51,39.65,51.14,Charging,Normal,-0.4267
OVN-EV-001,2026-03-25 09:56:38.557072,11.83,477.38,82.36,74.04,86.73,ANOMALY,ANOMALY,-0.7061
OVN-EV-003,2026-03-25 09:56:41.135931,19.53,389.77,30.9,34.92,30.42,Charging,Normal,-0.4644
OVN-EV-002,2026-03-25 09:56:41.135931,13.15,393.1,34.14,30.55,89.21,Charging,Normal,-0.5089
OVN-EV-001,2026-03-25 09:56:41.564220,13.94,396.91,32.48,42.32,87.65,Charging,Normal,-0.4627
OVN-EV-002,2026-03-25 09:56:44.145041,11.31,386.28,32.67,40.01,73.91,Charging,Normal,-0.474
OVN-EV-003,2026-03-25 09:56:44.145041,24.97,401.3,30.92,41.33,86.09,Charging,Normal,-0.4975
OVN-EV-001,2026-03-25 09:56:44.574633,19.55,394.9,28.89,42.99,86.88,Charging,Normal,-0.4826
OVN-EV-002,2026-03-25 09:56:47.140629,18.51,380.09,28.74,44.17,84.09,Charging,Normal,-0.5277
OVN-EV-003,2026-03-25 09:56:47.140629,24.89,400.86,34.98,41.14,25.8,Charging,Normal,-0.5169
OVN-EV-001,2026-03-25 09:56:47.582570,10.24,413.43,32.59,38.49,55.18,Charging,Normal,-0.4833
OVN-EV-002,2026-03-25 09:56:50.152502,23.68,412.62,35.55,31.42,93.34,Charging,Normal,-0.5508
OVN-EV-003,2026-03-25 09:56:50.152502,23.61,416.92,29.49,44.42,43.34,Charging,Normal,-0.5081
OVN-EV-001,2026-03-25 09:56:50.591184,15.9,407.15,33.16,36.99,64.63,Charging,Normal,-0.4149
OVN-EV-002,2026-03-25 09:56:53.163083,10.25,417.67,30.96,36.37,91.23,Charging,Normal,-0.5356
OVN-EV-003,2026-03-25 09:56:53.164885,22.17,419.4,32.13,36.71,93.57,Charging,Normal,-0.498
OVN-EV-001,2026-03-25 09:56:53.592541,17.26,407.86,33.23,42.45,22.34,Charging,Normal,-0.4896
OVN-EV-002,2026-03-25 09:56:56.160390,20.33,411.79,30.45,44.89,20.63,Charging,Normal,-0.5314
OVN-EV-003,2026-03-25 09:56:56.160390,17.75,394.09,31.0,31.68,49.52,Charging,Normal,-0.4462
OVN-EV-001,2026-03-25 09:56:56.607482,12.63,418.07,33.11,32.36,56.47,Charging,Normal,-0.4838
OVN-EV-002,2026-03-25 09:56:59.160734,20.4,417.23,32.07,34.11,92.41,Charging,Normal,-0.5048
OVN-EV-003,2026-03-25 09:56:59.160734,13.37,398.27,29.47,38.3,53.45,Charging,Normal,-0.4315
OVN-EV-001,2026-03-25 09:56:59.615840,14.44,414.04,32.43,43.55,54.73,Charging,Normal,-0.4483
OVN-EV-002,2026-03-25 09:57:02.176896,10.55,388.81,31.07,37.22,44.58,Charging,Normal,-0.4794
OVN-EV-003,2026-03-25 09:57:02.176896,16.93,391.48,28.28,38.15,43.95,Charging,Normal,-0.4503
OVN-EV-001,2026-03-25 09:57:02.617574,16.74,416.62,32.7,39.65,62.02,Charging,Normal,-0.4473
OVN-EV-003,2026-03-25 09:57:05.183022,13.16,403.88,28.14,37.66,53.31,Charging,Normal,-0.4539
OVN-EV-002,2026-03-25 09:57:05.183022,24.56,393.98,31.27,34.96,53.76,Charging,Normal,-0.4636
OVN-EV-001,2026-03-25 09:57:05.612735,17.62,399.79,30.64,30.16,81.12,Charging,Normal,-0.4655
OVN-EV-003,2026-03-25 09:57:08.196345,18.2,483.25,81.63,78.3,33.67,ANOMALY,ANOMALY,-0.6859
OVN-EV-002,2026-03-25 09:57:08.197108,20.65,408.0,34.32,30.84,40.57,Charging,Normal,-0.4736
OVN-EV-001,2026-03-25 09:57:08.612106,23.72,388.56,35.15,32.72,71.65,Charging,Normal,-0.4884
OVN-EV-003,2026-03-25 09:57:11.212975,11.97,380.54,28.61,30.83,91.66,Charging,Normal,-0.5516
OVN-EV-002,2026-03-25 09:57:11.216756,17.91,388.52,32.3,44.69,81.83,Charging,Normal,-0.4664
OVN-EV-001,2026-03-25 09:57:11.622270,17.95,382.78,35.06,37.19,21.67,Charging,Normal,-0.506
OVN-EV-003,2026-03-25 09:57:14.225419,12.98,417.08,32.2,31.73,80.96,Charging,Normal,-0.4951
OVN-EV-002,2026-03-25 09:57:14.225419,16.43,392.9,34.48,31.74,24.14,Charging,Normal,-0.4861
OVN-EV-001,2026-03-25 09:57:14.638161,18.85,395.33,34.18,41.65,34.52,Charging,Normal,-0.4489
OVN-EV-003,2026-03-25 09:57:17.224766,17.23,390.28,34.67,43.05,46.85,Charging,Normal,-0.4524
OVN-EV-002,2026-03-25 09:57:17.224766,23.33,394.56,29.47,40.21,56.67,Charging,Normal,-0.45
OVN-EV-001,2026-03-25 09:57:17.649186,11.66,395.83,31.07,37.99,54.69,Charging,Normal,-0.439
OVN-EV-003,2026-03-25 09:57:20.231744,23.1,389.18,35.16,34.48,51.04,Charging,Normal,-0.4721
OVN-EV-002,2026-03-25 09:57:20.231744,22.38,400.91,34.25,32.89,30.8,Charging,Normal,-0.4744
OVN-EV-001,2026-03-25 09:57:20.648783,22.66,381.5,28.3,44.89,31.96,Charging,Normal,-0.5486
OVN-EV-003,2026-03-25 09:57:23.251957,13.93,464.35,88.92,84.8,34.34,ANOMALY,ANOMALY,-0.6906
OVN-EV-002,2026-03-25 09:57:23.251957,21.9,418.81,34.15,39.46,63.52,Charging,Normal,-0.4725
OVN-EV-001,2026-03-25 09:57:23.656705,12.54,381.93,31.38,30.01,29.73,Charging,Normal,-0.5236
OVN-EV-002,2026-03-25 09:57:26.265522,22.78,385.43,28.76,44.65,86.65,Charging,Normal,-0.5258
OVN-EV-003,2026-03-25 09:57:26.265522,24.16,385.64,35.72,37.18,55.35,Charging,Normal,-0.4951
OVN-EV-001,2026-03-25 09:57:26.661473,22.18,387.18,28.43,36.35,72.67,Charging,Normal,-0.4731
OVN-EV-002,2026-03-25 09:57:29.272596,11.37,380.12,28.55,38.8,77.21,Charging,Normal,-0.4994
OVN-EV-003,2026-03-25 09:57:29.272596,16.79,411.8,30.54,42.84,81.96,Charging,Normal,-0.4456
OVN-EV-001,2026-03-25 09:57:29.673702,16.51,392.07,31.35,33.28,23.43,Charging,Normal,-0.4769
OVN-EV-002,2026-03-25 09:57:32.281714,13.34,399.25,30.9,31.47,24.52,Charging,Normal,-0.4871
OVN-EV-003,2026-03-25 09:57:32.281714,15.11,416.46,31.8,33.7,86.77,Charging,Normal,-0.4806
OVN-EV-001,2026-03-25 09:57:32.687113,23.54,400.9,32.38,33.68,20.05,Charging,Normal,-0.4961
OVN-EV-002,2026-03-25 09:57:35.285658,20.63,405.48,34.66,38.95,77.57,Charging,Normal,-0.4465
OVN-EV-003,2026-03-25 09:57:35.287267,20.3,390.43,31.15,37.14,82.77,Charging,Normal,-0.4396
OVN-EV-001,2026-03-25 09:57:35.701715,22.29,395.01,34.98,40.08,40.7,Charging,Normal,-0.4591
OVN-EV-002,2026-03-25 09:57:38.284664,12.54,381.93,28.86,44.97,87.77,Charging,Normal,-0.5266
OVN-EV-003,2026-03-25 09:57:38.284664,12.44,404.4,28.79,33.82,73.05,Charging,Normal,-0.4641
OVN-EV-001,2026-03-25 09:57:38.708666,16.2,413.13,31.63,33.95,67.04,Charging,Normal,-0.4258
OVN-EV-002,2026-03-25 09:57:41.291554,11.93,410.88,31.43,30.44,25.67,Charging,Normal,-0.5245
OVN-EV-003,2026-03-25 09:57:41.291554,17.83,393.91,32.41,42.56,62.2,Charging,Normal,-0.4303
OVN-EV-001,2026-03-25 09:57:41.706371,14.22,384.75,29.55,35.64,70.06,Charging,Normal,-0.4499
OVN-EV-003,2026-03-25 09:57:44.305848,23.3,404.79,34.57,37.37,78.75,Charging,Normal,-0.4562
OVN-EV-002,2026-03-25 09:57:44.305848,19.5,383.98,31.84,36.92,55.32,Charging,Normal,-0.443
OVN-EV-001,2026-03-25 09:57:44.724097,18.14,398.48,30.24,42.58,41.95,Charging,Normal,-0.4369
OVN-EV-003,2026-03-25 09:57:47.307297,19.52,404.27,34.48,41.14,31.66,Charging,Normal,-0.4609
OVN-EV-002,2026-03-25 09:57:47.307297,19.33,398.34,29.4,36.94,45.09,Charging,Normal,-0.43
OVN-EV-001,2026-03-25 09:57:47.728084,23.24,386.56,29.81,35.88,91.69,Charging,Normal,-0.498
OVN-EV-003,2026-03-25 09:57:50.329543,19.86,417.75,34.23,34.67,74.06,Charging,Normal,-0.4609
OVN-EV-002,2026-03-25 09:57:50.329543,17.56,409.54,31.09,42.06,67.39,Charging,Normal,-0.43
OVN-EV-001,2026-03-25 09:57:50.730263,16.47,391.76,31.78,31.2,55.29,Charging,Normal,-0.4593
OVN-EV-003,2026-03-25 09:57:53.333414,21.08,383.47,29.16,34.86,89.33,Charging,Normal,-0.5004
OVN-EV-002,2026-03-25 09:57:53.333414,10.84,389.51,30.49,35.41,63.48,Charging,Normal,-0.4755
OVN-EV-001,2026-03-25 09:57:53.748523,15.03,418.2,32.8,40.27,63.95,Charging,Normal,-0.4459
OVN-EV-003,2026-03-25 09:57:56.345433,10.74,455.72,97.98,85.92,31.92,ANOMALY,ANOMALY,-0.7226
OVN-EV-002,2026-03-25 09:57:56.345433,11.47,419.64,28.64,44.79,62.02,Charging,Normal,-0.5473
OVN-EV-001,2026-03-25 09:57:56.756448,15.43,419.0,32.12,37.94,90.08,Charging,Normal,-0.4815
OVN-EV-003,2026-03-25 09:57:59.361833,23.31,398.94,29.14,30.58,90.88,Charging,Normal,-0.508
OVN-EV-002,2026-03-25 09:57:59.363420,18.05,395.16,35.68,39.18,79.64,Charging,Normal,-0.4635
OVN-EV-001,2026-03-25 09:57:59.768996,11.22,417.09,33.29,31.74,53.37,Charging,Normal,-0.5107
OVN-EV-003,2026-03-25 09:58:02.373456,15.54,388.1,30.9,33.08,46.82,Charging,Normal,-0.4408
OVN-EV-002,2026-03-25 09:58:02.373456,16.51,413.44,35.71,43.53,92.33,Charging,Normal,-0.5164
OVN-EV-001,2026-03-25 09:58:02.774260,18.58,383.95,34.78,39.48,60.58,Charging,Normal,-0.4525
OVN-EV-002,2026-03-25 09:58:05.378326,17.53,380.14,32.54,41.34,94.27,Charging,Normal,-0.514
OVN-EV-003,2026-03-25 09:58:05.379768,19.35,381.64,32.79,44.52,39.46,Charging,Normal,-0.4787
OVN-EV-001,2026-03-25 09:58:05.777731,10.78,418.83,28.38,43.48,79.59,Charging,Normal,-0.5448
OVN-EV-002,2026-03-25 09:58:08.383188,13.52,405.29,34.6,40.63,55.32,Charging,Normal,-0.444
OVN-EV-003,2026-03-25 09:58:08.383188,19.21,389.07,29.78,43.58,81.92,Charging,Normal,-0.4673
OVN-EV-001,2026-03-25 09:58:08.795176,22.12,407.75,29.29,33.28,36.24,Charging,Normal,-0.4538
OVN-EV-002,2026-03-25 09:58:11.388111,22.72,381.35,29.95,41.89,68.74,Charging,Normal,-0.4839
OVN-EV-003,2026-03-25 09:58:11.388111,22.1,457.88,97.69,81.95,45.16,ANOMALY,ANOMALY,-0.6871
OVN-EV-001,2026-03-25 09:58:11.812503,18.02,380.29,31.37,40.76,83.53,Charging,Normal,-0.4737
OVN-EV-002,2026-03-25 09:58:14.406149,23.53,397.53,35.82,41.3,85.39,Charging,Normal,-0.5173
OVN-EV-003,2026-03-25 09:58:14.406149,20.6,418.04,28.92,40.62,64.19,Charging,Normal,-0.4693
OVN-EV-001,2026-03-25 09:58:14.818309,18.28,388.15,35.71,41.47,45.51,Charging,Normal,-0.4624
OVN-EV-002,2026-03-25 09:58:17.424496,18.78,415.1,28.89,31.1,62.92,Charging,Normal,-0.4892
OVN-EV-003,2026-03-25 09:58:17.424496,12.05,399.57,28.35,35.45,28.72,Charging,Normal,-0.4824
OVN-EV-001,2026-03-25 09:58:17.830830,19.9,415.17,31.48,36.8,69.9,Charging,Normal,-0.4419
OVN-EV-002,2026-03-25 09:58:20.426585,23.34,406.77,33.36,43.34,57.79,Charging,Normal,-0.4562
OVN-EV-003,2026-03-25 09:58:20.426585,15.76,419.93,29.32,38.85,43.8,Charging,Normal,-0.4799
OVN-EV-001,2026-03-25 09:58:20.848516,10.87,393.48,34.0,39.59,67.79,Charging,Normal,-0.4666
OVN-EV-002,2026-03-25 09:58:23.438674,18.42,407.41,32.36,42.17,58.57,Charging,Normal,-0.4267
OVN-EV-003,2026-03-25 09:58:23.438674,16.44,407.88,33.16,39.67,94.27,Charging,Normal,-0.4887
OVN-EV-001,2026-03-25 09:58:23.860641,11.02,491.79,80.4,76.92,88.63,ANOMALY,ANOMALY,-0.7137
OVN-EV-002,2026-03-25 09:58:26.440331,21.74,475.57,93.77,73.72,58.54,ANOMALY,ANOMALY,-0.6747
OVN-EV-003,2026-03-25 09:58:26.440331,19.87,416.68,34.18,32.5,43.2,Charging,Normal,-0.4656
OVN-EV-001,2026-03-25 09:58:26.867762,18.45,386.57,29.52,36.95,60.82,Charging,Normal,-0.4438
OVN-EV-002,2026-03-25 09:58:29.452920,17.18,417.59,33.98,39.61,31.57,Charging,Normal,-0.4683
OVN-EV-003,2026-03-25 09:58:29.454442,19.73,389.76,34.0,35.3,36.59,Charging,Normal,-0.4466
OVN-EV-001,2026-03-25 09:58:29.866193,21.89,418.48,34.91,43.97,73.42,Charging,Normal,-0.5032
OVN-EV-002,2026-03-25 09:58:32.471566,14.56,413.44,29.24,41.45,92.87,Charging,Normal,-0.5038
OVN-EV-003,2026-03-25 09:58:32.471566,21.77,403.06,34.24,42.47,79.02,Charging,Normal,-0.4612
OVN-EV-001,2026-03-25 09:58:32.875546,17.46,404.97,35.21,38.27,84.35,Charging,Normal,-0.4673
OVN-EV-002,2026-03-25 09:58:35.483828,24.69,414.28,33.49,30.98,48.56,Charging,Normal,-0.5181
OVN-EV-003,2026-03-25 09:58:35.483828,16.5,419.68,34.07,35.79,35.42,Charging,Normal,-0.4724
OVN-EV-001,2026-03-25 09:58:35.889178,15.08,391.47,28.24,36.79,94.22,Charging,Normal,-0.4935
OVN-EV-002,2026-03-25 09:58:38.485647,23.19,497.87,89.91,75.54,75.03,ANOMALY,ANOMALY,-0.703
OVN-EV-003,2026-03-25 09:58:38.485647,24.85,399.56,29.01,42.61,31.78,Charging,Normal,-0.4989
OVN-EV-001,2026-03-25 09:58:38.896378,14.86,462.17,82.26,88.81,39.01,ANOMALY,ANOMALY,-0.6898
OVN-EV-002,2026-03-25 09:58:41.494962,11.5,419.75,34.35,39.06,20.63,Charging,Normal,-0.5311
OVN-EV-003,2026-03-25 09:58:41.494962,11.14,382.24,34.18,38.16,53.38,Charging,Normal,-0.4722
OVN-EV-001,2026-03-25 09:58:41.895123,19.23,386.76,28.1,42.55,67.95,Charging,Normal,-0.4894
OVN-EV-003,2026-03-25 09:58:44.512869,20.85,407.07,35.74,44.59,62.22,Charging,Normal,-0.4835
OVN-EV-002,2026-03-25 09:58:44.512869,13.53,406.85,30.46,41.27,91.01,Charging,Normal,-0.4804
OVN-EV-001,2026-03-25 09:58:44.897979,15.72,407.2,29.31,42.44,32.4,Charging,Normal,-0.4535
OVN-EV-003,2026-03-25 09:58:47.538389,23.36,397.14,29.99,35.97,73.39,Charging,Normal,-0.4612
OVN-EV-002,2026-03-25 09:58:47.538389,18.26,381.71,34.48,32.26,23.01,Charging,Normal,-0.5178
OVN-EV-001,2026-03-25 09:58:47.898936,11.55,380.63,32.14,44.34,51.06,Charging,Normal,-0.5092
OVN-EV-003,2026-03-25 09:58:50.546803,22.07,388.41,28.6,30.26,59.64,Charging,Normal,-0.5088
OVN-EV-002,2026-03-25 09:58:50.546803,12.67,395.62,28.09,44.49,82.65,Charging,Normal,-0.4992
OVN-EV-001,2026-03-25 09:58:50.890341,10.11,383.02,28.7,33.3,43.67,Charging,Normal,-0.5317
OVN-EV-003,2026-03-25 09:58:53.552937,22.56,383.15,29.48,42.08,51.47,Charging,Normal,-0.4772
OVN-EV-002,2026-03-25 09:58:53.552937,10.91,393.64,28.71,44.45,46.55,Charging,Normal,-0.5109
OVN-EV-001,2026-03-25 09:58:53.912275,20.9,391.0,30.52,36.02,72.91,Charging,Normal,-0.4406
OVN-EV-003,2026-03-25 09:58:56.564198,16.77,382.27,31.01,38.23,41.56,Charging,Normal,-0.4384
OVN-EV-002,2026-03-25 09:58:56.565241,20.07,394.85,32.58,35.56,27.38,Charging,Normal,-0.4633
OVN-EV-001,2026-03-25 09:58:56.911251,23.0,414.69,33.83,34.1,87.2,Charging,Normal,-0.4824
OVN-EV-003,2026-03-25 09:58:59.581972,10.47,402.46,33.22,41.12,67.89,Charging,Normal,-0.4688
OVN-EV-002,2026-03-25 09:58:59.581972,22.48,410.3,30.5,34.61,64.98,Charging,Normal,-0.4429
OVN-EV-001,2026-03-25 09:58:59.917457,16.12,410.98,28.91,32.54,36.24,Charging,Normal,-0.4689
OVN-EV-003,2026-03-25 09:59:02.579189,14.91,383.41,35.77,34.44,40.44,Charging,Normal,-0.4759
OVN-EV-002,2026-03-25 09:59:02.579189,19.7,380.27,33.35,32.28,30.17,Charging,Normal,-0.5043
OVN-EV-001,2026-03-25 09:59:02.931073,23.43,387.95,31.31,36.29,41.9,Charging,Normal,-0.4626
OVN-EV-002,2026-03-25 09:59:05.579867,14.92,414.98,35.61,38.85,59.84,Charging,Normal,-0.461
OVN-EV-003,2026-03-25 09:59:05.579867,21.72,394.02,30.46,30.98,27.49,Charging,Normal,-0.4976
OVN-EV-001,2026-03-25 09:59:05.925811,14.62,390.35,28.2,34.56,42.33,Charging,Normal,-0.4617
OVN-EV-002,2026-03-25 09:59:08.588319,16.33,409.78,32.2,40.78,34.19,Charging,Normal,-0.4476
OVN-EV-003,2026-03-25 09:59:08.588319,10.08,412.7,29.09,41.26,39.23,Charging,Normal,-0.5194
OVN-EV-001,2026-03-25 09:59:08.927624,18.31,393.17,33.11,30.56,69.45,Charging,Normal,-0.4619
OVN-EV-002,2026-03-25 09:59:11.609636,15.03,381.67,33.47,43.81,78.2,Charging,Normal,-0.4733
OVN-EV-003,2026-03-25 09:59:11.609636,24.79,418.66,34.77,36.33,83.98,Charging,Normal,-0.5143
OVN-EV-001,2026-03-25 09:59:11.926017,16.88,404.02,31.65,31.25,77.28,Charging,Normal,-0.4511
OVN-EV-002,2026-03-25 09:59:14.614457,10.97,482.3,86.21,89.28,60.62,ANOMALY,ANOMALY,-0.6921
OVN-EV-003,2026-03-25 09:59:14.614457,22.11,398.17,34.5,43.3,21.21,Charging,Normal,-0.5164
OVN-EV-001,2026-03-25 09:59:14.936694,12.0,383.28,28.78,30.74,58.18,Charging,Normal,-0.5102
OVN-EV-002,2026-03-25 09:59:17.628853,12.05,382.85,30.88,33.03,93.69,Charging,Normal,-0.5231
OVN-EV-003,2026-03-25 09:59:17.628853,10.8,411.99,34.67,34.38,66.72,Charging,Normal,-0.4948
OVN-EV-001,2026-03-25 09:59:17.944055,21.86,388.31,30.94,32.78,57.31,Charging,Normal,-0.4589
OVN-EV-002,2026-03-25 09:59:20.641526,23.18,384.22,34.71,38.2,91.94,Charging,Normal,-0.5267
OVN-EV-003,2026-03-25 09:59:20.641526,18.2,408.9,35.23,42.55,62.13,Charging,Normal,-0.4663
OVN-EV-001,2026-03-25 09:59:20.949482,15.76,382.35,29.28,35.07,57.32,Charging,Normal,-0.4608
OVN-EV-002,2026-03-25 09:59:23.641998,20.86,401.75,32.71,43.09,72.39,Charging,Normal,-0.4378
OVN-EV-003,2026-03-25 09:59:23.641998,14.15,418.04,35.13,32.38,67.79,Charging,Normal,-0.4924
OVN-EV-001,2026-03-25 09:59:23.955616,24.45,407.59,32.92,36.48,93.79,Charging,Normal,-0.5097
OVN-EV-002,2026-03-25 09:59:26.657143,20.11,400.93,28.38,36.55,23.73,Charging,Normal,-0.4879
OVN-EV-003,2026-03-25 09:59:26.657143,24.22,399.15,31.95,43.92,60.23,Charging,Normal,-0.4773
OVN-EV-001,2026-03-25 09:59:26.964645,24.79,419.26,31.26,40.9,65.24,Charging,Normal,-0.5043
OVN-EV-002,2026-03-25 09:59:29.657990,15.62,404.72,32.4,37.79,72.95,Charging,Normal,-0.4288
OVN-EV-003,2026-03-25 09:59:29.659426,20.08,389.7,35.67,41.45,30.8,Charging,Normal,-0.4871
OVN-EV-001,2026-03-25 09:59:29.977443,20.3,419.05,32.59,32.62,84.23,Charging,Normal,-0.4946
OVN-EV-002,2026-03-25 09:59:32.666966,17.63,392.77,30.85,35.67,24.69,Charging,Normal,-0.4586
OVN-EV-003,2026-03-25 09:59:32.668137,20.65,388.84,33.32,40.9,27.99,Charging,Normal,-0.4623
OVN-EV-001,2026-03-25 09:59:32.966523,13.3,403.78,34.68,36.92,80.14,Charging,Normal,-0.4589
OVN-EV-002,2026-03-25 09:59:35.681929,17.65,388.13,29.67,44.9,25.43,Charging,Normal,-0.5091
OVN-EV-003,2026-03-25 09:59:35.681929,12.16,406.1,28.89,34.27,81.34,Charging,Normal,-0.474
OVN-EV-001,2026-03-25 09:59:35.982939,18.47,410.37,34.45,35.21,68.68,Charging,Normal,-0.4558
OVN-EV-002,2026-03-25 09:59:38.690868,16.64,397.42,35.18,41.7,36.42,Charging,Normal,-0.467
OVN-EV-003,2026-03-25 09:59:38.690868,14.25,396.72,35.05,31.65,69.91,Charging,Normal,-0.4796
OVN-EV-001,2026-03-25 09:59:38.998397,19.73,400.45,33.46,30.75,46.12,Charging,Normal,-0.449
OVN-EV-002,2026-03-25 09:59:41.700080,24.05,415.59,30.76,34.33,41.98,Charging,Normal,-0.4677
OVN-EV-003,2026-03-25 09:59:41.701323,14.17,393.5,31.06,42.22,78.84,Charging,Normal,-0.4458
OVN-EV-001,2026-03-25 09:59:42.008006,21.33,399.17,29.76,30.37,59.67,Charging,Normal,-0.4741
OVN-EV-003,2026-03-25 09:59:44.710898,23.91,480.56,83.62,78.88,21.59,ANOMALY,ANOMALY,-0.6998
OVN-EV-002,2026-03-25 09:59:44.710898,22.47,402.37,33.06,42.76,30.42,Charging,Normal,-0.4608
OVN-EV-001,2026-03-25 09:59:45.016042,22.83,388.07,32.87,33.78,21.16,Charging,Normal,-0.4979
OVN-EV-003,2026-03-25 09:59:47.712043,23.39,387.99,33.13,38.61,70.08,Charging,Normal,-0.4594
OVN-EV-002,2026-03-25 09:59:47.712043,13.19,401.87,34.01,35.44,89.0,Charging,Normal,-0.4718
OVN-EV-001,2026-03-25 09:59:48.026737,24.98,388.2,35.56,41.07,86.13,Charging,Normal,-0.5443
OVN-EV-003,2026-03-25 09:59:50.700140,14.01,405.8,30.78,43.53,54.54,Charging,Normal,-0.4398
OVN-EV-002,2026-03-25 09:59:50.700140,11.12,382.0,29.12,30.83,72.35,Charging,Normal,-0.5339
OVN-EV-001,2026-03-25 09:59:51.044709,12.22,381.64,29.69,41.17,30.66,Charging,Normal,-0.4951
OVN-EV-003,2026-03-25 09:59:53.709603,20.44,397.81,33.1,44.3,74.28,Charging,Normal,-0.4613
OVN-EV-002,2026-03-25 09:59:53.709603,20.68,389.19,29.1,40.82,67.21,Charging,Normal,-0.4609
OVN-EV-001,2026-03-25 09:59:54.077435,18.4,401.11,34.16,34.56,54.13,Charging,Normal,-0.4347
OVN-EV-003,2026-03-25 09:59:56.719063,17.28,406.36,28.26,32.32,76.2,Charging,Normal,-0.4674
OVN-EV-002,2026-03-25 09:59:56.720122,12.66,407.22,28.48,37.9,73.18,Charging,Normal,-0.4449
OVN-EV-001,2026-03-25 09:59:57.089055,23.12,411.0,35.18,36.17,54.1,Charging,Normal,-0.4742
OVN-EV-003,2026-03-25 09:59:59.716461,11.37,403.86,35.98,37.3,76.92,Charging,Normal,-0.4797
OVN-EV-002,2026-03-25 09:59:59.718277,24.06,389.38,34.29,35.6,78.55,Charging,Normal,-0.4788
OVN-EV-001,2026-03-25 10:00:00.096923,21.07,390.26,35.85,41.41,65.92,Charging,Normal,-0.4864
OVN-EV-003,2026-03-25 10:00:02.721961,14.87,404.59,28.58,30.16,78.7,Charging,Normal,-0.4878
OVN-EV-002,2026-03-25 10:00:02.721961,15.56,416.18,30.09,31.21,65.73,Charging,Normal,-0.4796
OVN-EV-001,2026-03-25 10:00:03.109112,14.8,387.82,33.09,42.65,40.54,Charging,Normal,-0.4675
OVN-EV-002,2026-03-25 10:00:05.728139,10.9,392.25,31.16,42.63,71.13,Charging,Normal,-0.4746
OVN-EV-003,2026-03-25 10:00:05.728139,24.35,391.82,30.41,43.34,42.4,Charging,Normal,-0.5044
OVN-EV-001,2026-03-25 10:00:06.122695,13.79,397.64,35.66,33.02,89.98,Charging,Normal,-0.5071
OVN-EV-002,2026-03-25 10:00:08.735800,12.14,389.06,29.01,39.7,80.56,Charging,Normal,-0.47
OVN-EV-003,2026-03-25 10:00:08.735800,13.23,404.21,31.85,40.57,53.42,Charging,Normal,-0.4313
OVN-EV-001,2026-03-25 10:00:09.145455,19.63,409.4,28.34,38.32,93.9,Charging,Normal,-0.493
OVN-EV-002,2026-03-25 10:00:11.747590,19.83,382.61,33.61,41.86,56.37,Charging,Normal,-0.4643
OVN-EV-003,2026-03-25 10:00:11.747590,17.08,389.61,29.58,31.68,26.98,Charging,Normal,-0.4824
OVN-EV-001,2026-03-25 10:00:12.141233,17.75,388.17,34.81,41.55,27.75,Charging,Normal,-0.4902
OVN-EV-002,2026-03-25 10:00:14.751330,10.6,410.83,34.61,34.72,46.91,Charging,Normal,-0.4883
OVN-EV-003,2026-03-25 10:00:14.751330,16.97,410.86,31.64,44.79,42.89,Charging,Normal,-0.4788
OVN-EV-001,2026-03-25 10:00:15.147122,14.2,412.21,28.05,42.6,71.51,Charging,Normal,-0.46
OVN-EV-002,2026-03-25 10:00:17.763831,17.68,395.4,29.39,30.75,33.54,Charging,Normal,-0.4847
OVN-EV-003,2026-03-25 10:00:17.763831,11.97,408.9,30.82,41.06,79.59,Charging,Normal,-0.455
OVN-EV-001,2026-03-25 10:00:18.147510,14.62,395.32,28.35,42.3,62.36,Charging,Normal,-0.4582
OVN-EV-002,2026-03-25 10:00:20.783971,24.52,455.36,97.86,81.79,76.71,ANOMALY,ANOMALY,-0.7011
OVN-EV-003,2026-03-25 10:00:20.783971,15.76,400.82,29.36,38.48,37.23,Charging,Normal,-0.4384
OVN-EV-001,2026-03-25 10:00:21.157801,10.77,384.94,28.49,35.46,45.96,Charging,Normal,-0.5039
OVN-EV-002,2026-03-25 10:00:23.786203,19.0,380.68,28.11,39.72,84.94,Charging,Normal,-0.4985
OVN-EV-003,2026-03-25 10:00:23.786203,24.85,397.4,28.4,43.95,85.54,Charging,Normal,-0.5431
OVN-EV-001,2026-03-25 10:00:24.175011,16.84,394.47,35.28,43.63,45.06,Charging,Normal,-0.4787
OVN-EV-003,2026-03-25 10:00:26.794785,18.99,394.32,34.24,35.67,88.21,Charging,Normal,-0.4623
OVN-EV-002,2026-03-25 10:00:26.796176,17.54,418.2,32.54,42.11,72.91,Charging,Normal,-0.4506
OVN-EV-001,2026-03-25 10:00:27.185076,24.19,391.27,32.58,39.4,20.74,Charging,Normal,-0.5109
OVN-EV-003,2026-03-25 10:00:29.806077,12.0,411.56,34.06,42.51,70.51,Charging,Normal,-0.4663
OVN-EV-002,2026-03-25 10:00:29.806077,22.39,391.51,30.06,36.62,45.46,Charging,Normal,-0.4521
OVN-EV-001,2026-03-25 10:00:30.203364,22.53,408.86,28.1,31.04,64.46,Charging,Normal,-0.5012
OVN-EV-003,2026-03-25 10:00:32.810662,20.74,395.6,29.29,40.29,93.83,Charging,Normal,-0.5026
OVN-EV-002,2026-03-25 10:00:32.810662,14.65,407.64,32.82,36.68,27.44,Charging,Normal,-0.4492
OVN-EV-001,2026-03-25 10:00:33.203017,20.21,408.72,33.98,36.69,62.31,Charging,Normal,-0.4331
OVN-EV-003,2026-03-25 10:00:35.824549,13.17,395.26,31.04,34.99,51.31,Charging,Normal,-0.4394
OVN-EV-002,2026-03-25 10:00:35.824549,22.98,392.19,33.29,44.96,90.45,Charging,Normal,-0.5162
OVN-EV-001,2026-03-25 10:00:36.208002,16.34,390.62,35.41,39.03,55.53,Charging,Normal,-0.4569
OVN-EV-003,2026-03-25 10:00:38.833266,17.2,383.33,32.4,30.23,67.65,Charging,Normal,-0.4774
OVN-EV-002,2026-03-25 10:00:38.833266,13.88,407.98,33.25,39.02,87.31,Charging,Normal,-0.4549
OVN-EV-001,2026-03-25 10:00:39.215976,19.33,381.62,31.25,35.42,20.15,Charging,Normal,-0.4958
OVN-EV-003,2026-03-25 10:00:41.829400,24.15,388.97,33.47,35.23,31.98,Charging,Normal,-0.4955
OVN-EV-002,2026-03-25 10:00:41.829400,18.86,395.4,29.3,36.48,67.18,Charging,Normal,-0.4434
OVN-EV-001,2026-03-25 10:00:42.233813,16.79,407.37,33.08,44.39,49.62,Charging,Normal,-0.4505
OVN-EV-002,2026-03-25 10:00:44.837774,12.92,392.39,32.16,32.51,78.86,Charging,Normal,-0.467
OVN-EV-003,2026-03-25 10:00:44.839113,16.27,419.63,34.15,41.74,68.42,Charging,Normal,-0.4676
OVN-EV-001,2026-03-25 10:00:45.234847,14.81,396.31,34.59,44.53,73.76,Charging,Normal,-0.471
OVN-EV-002,2026-03-25 10:00:47.859737,15.47,408.29,29.08,34.2,86.83,Charging,Normal,-0.4662
OVN-EV-003,2026-03-25 10:00:47.859737,12.36,394.44,29.09,40.95,42.38,Charging,Normal,-0.4671
OVN-EV-001,2026-03-25 10:00:48.251083,16.69,481.62,84.86,75.88,64.4,ANOMALY,ANOMALY,-0.6604
OVN-EV-002,2026-03-25 10:00:50.874509,19.48,392.24,34.9,36.63,94.72,Charging,Normal,-0.4975
OVN-EV-003,2026-03-25 10:00:50.874509,15.46,381.53,32.93,33.98,26.32,Charging,Normal,-0.4782
OVN-EV-001,2026-03-25 10:00:51.252398,24.84,387.25,28.72,33.33,94.57,Charging,Normal,-0.5511
OVN-EV-002,2026-03-25 10:00:53.891396,12.72,408.96,31.83,30.14,32.04,Charging,Normal,-0.4995
OVN-EV-003,2026-03-25 10:00:53.891396,23.61,411.59,33.29,31.22,24.67,Charging,Normal,-0.528
OVN-EV-001,2026-03-25 10:00:54.252921,22.48,414.94,29.39,43.4,72.7,Charging,Normal,-0.492
OVN-EV-002,2026-03-25 10:00:56.891586,10.23,383.2,33.04,32.71,45.0,Charging,Normal,-0.518
OVN-EV-003,2026-03-25 10:00:56.891586,24.97,380.8,34.61,34.11,63.51,Charging,Normal,-0.5292
OVN-EV-001,2026-03-25 10:00:57.252012,24.14,397.28,35.97,32.92,87.45,Charging,Normal,-0.5308
OVN-EV-002,2026-03-25 10:00:59.905459,19.43,393.79,30.03,34.72,68.54,Charging,Normal,-0.4292
OVN-EV-003,2026-03-25 10:00:59.905459,20.86,418.04,35.69,32.6,66.43,Charging,Normal,-0.5023
OVN-EV-001,2026-03-25 10:01:00.250833,11.12,381.82,29.7,38.63,92.61,Charging,Normal,-0.5281
OVN-EV-002,2026-03-25 10:01:02.907154,13.32,412.52,28.57,41.96,61.49,Charging,Normal,-0.4702
OVN-EV-003,2026-03-25 10:01:02.907154,13.99,414.34,30.17,35.23,59.53,Charging,Normal,-0.4479
OVN-EV-001,2026-03-25 10:01:03.252447,15.82,384.89,30.29,41.93,26.8,Charging,Normal,-0.4756
OVN-EV-003,2026-03-25 10:01:05.921527,18.0,380.3,28.55,39.14,56.27,Charging,Normal,-0.4663
OVN-EV-002,2026-03-25 10:01:05.922574,18.69,402.41,31.49,43.2,63.49,Charging,Normal,-0.4303
OVN-EV-001,2026-03-25 10:01:06.264794,17.91,387.5,29.32,37.99,59.96,Charging,Normal,-0.4413
OVN-EV-003,2026-03-25 10:01:08.923625,10.16,380.16,34.21,40.64,52.06,Charging,Normal,-0.5275
OVN-EV-002,2026-03-25 10:01:08.923625,22.13,405.62,33.87,43.99,60.57,Charging,Normal,-0.4621
OVN-EV-001,2026-03-25 10:01:09.267759,24.82,392.61,31.95,36.21,76.43,Charging,Normal,-0.4795
OVN-EV-003,2026-03-25 10:01:11.937118,20.47,407.56,31.6,37.81,89.13,Charging,Normal,-0.446
OVN-EV-002,2026-03-25 10:01:11.937118,23.52,396.6,34.18,30.63,39.95,Charging,Normal,-0.5008
OVN-EV-001,2026-03-25 10:01:12.281907,23.5,402.26,35.73,35.39,43.43,Charging,Normal,-0.5016
OVN-EV-003,2026-03-25 10:01:14.953206,18.51,417.03,30.71,39.44,83.26,Charging,Normal,-0.4573
OVN-EV-002,2026-03-25 10:01:14.954482,21.41,470.05,80.79,76.25,32.01,ANOMALY,ANOMALY,-0.6778
OVN-EV-001,2026-03-25 10:01:15.283849,19.01,381.26,32.42,35.54,94.94,Charging,Normal,-0.4902
OVN-EV-003,2026-03-25 10:01:17.970300,19.98,418.6,30.23,32.39,36.29,Charging,Normal,-0.4871
OVN-EV-002,2026-03-25 10:01:17.970300,12.62,405.09,30.68,41.72,56.89,Charging,Normal,-0.4427
OVN-EV-001,2026-03-25 10:01:18.296794,24.03,386.8,28.01,39.69,61.28,Charging,Normal,-0.495
OVN-EV-003,2026-03-25 10:01:20.970537,10.67,461.02,80.39,89.76,81.54,ANOMALY,ANOMALY,-0.7142
OVN-EV-002,2026-03-25 10:01:20.970537,19.69,398.84,31.24,35.05,29.2,Charging,Normal,-0.455
OVN-EV-001,2026-03-25 10:01:21.301655,22.45,394.84,28.67,30.66,71.73,Charging,Normal,-0.4769
OVN-EV-002,2026-03-25 10:01:23.980751,20.33,405.34,33.21,39.4,92.19,Charging,Normal,-0.4588
OVN-EV-003,2026-03-25 10:01:23.982289,20.3,383.75,31.61,35.18,84.78,Charging,Normal,-0.4539
OVN-EV-001,2026-03-25 10:01:24.312696,15.52,455.98,84.05,88.71,62.1,ANOMALY,ANOMALY,-0.6767
OVN-EV-002,2026-03-25 10:01:26.999425,14.61,413.54,31.66,39.33,40.86,Charging,Normal,-0.4473
OVN-EV-003,2026-03-25 10:01:26.999425,13.17,389.96,34.09,42.47,85.27,Charging,Normal,-0.4674
OVN-EV-001,2026-03-25 10:01:27.319937,23.11,394.15,32.43,35.36,29.24,Charging,Normal,-0.4712
OVN-EV-002,2026-03-25 10:01:30.018068,14.47,389.88,32.41,38.75,69.02,Charging,Normal,-0.4347
OVN-EV-003,2026-03-25 10:01:30.018068,22.82,398.74,32.6,37.65,26.83,Charging,Normal,-0.4791
OVN-EV-001,2026-03-25 10:01:30.329266,16.75,388.35,32.02,39.95,82.94,Charging,Normal,-0.4406
OVN-EV-002,2026-03-25 10:01:33.032190,23.53,408.41,31.16,37.41,33.21,Charging,Normal,-0.4728
OVN-EV-003,2026-03-25 10:01:33.032190,23.01,418.94,30.59,37.32,65.12,Charging,Normal,-0.4682
OVN-EV-001,2026-03-25 10:01:33.344096,13.09,388.57,31.73,44.83,90.38,Charging,Normal,-0.5009
OVN-EV-002,2026-03-25 10:01:36.037516,10.06,407.38,31.66,32.01,61.09,Charging,Normal,-0.5201
OVN-EV-003,2026-03-25 10:01:36.038643,18.71,405.74,32.22,30.32,30.96,Charging,Normal,-0.4828
OVN-EV-001,2026-03-25 10:01:36.363220,22.23,416.28,35.61,43.62,58.25,Charging,Normal,-0.4976
OVN-EV-002,2026-03-25 10:01:39.047273,20.38,406.07,28.82,35.11,27.68,Charging,Normal,-0.4771
OVN-EV-003,2026-03-25 10:01:39.047273,21.72,386.34,28.36,31.84,63.79,Charging,Normal,-0.4876
OVN-EV-001,2026-03-25 10:01:39.369614,20.7,408.59,32.65,36.7,85.77,Charging,Normal,-0.4397
OVN-EV-002,2026-03-25 10:01:42.046675,22.23,397.64,31.01,36.12,44.88,Charging,Normal,-0.4362
OVN-EV-003,2026-03-25 10:01:42.046675,15.09,414.13,33.59,37.13,57.03,Charging,Normal,-0.4412
OVN-EV-001,2026-03-25 10:01:42.387024,19.85,415.85,32.7,33.75,56.33,Charging,Normal,-0.4563
OVN-EV-003,2026-03-25 10:01:45.053960,19.15,383.72,34.78,34.91,38.01,Charging,Normal,-0.467
OVN-EV-002,2026-03-25 10:01:45.054738,18.59,385.03,32.77,42.37,25.43,Charging,Normal,-0.478
OVN-EV-001,2026-03-25 10:01:45.402459,13.06,385.79,28.66,44.21,56.87,Charging,Normal,-0.4885
OVN-EV-003,2026-03-25 10:01:48.047957,15.94,408.45,28.93,44.85,61.38,Charging,Normal,-0.475
OVN-EV-002,2026-03-25 10:01:48.047957,13.11,415.01,31.16,35.71,82.39,Charging,Normal,-0.4662
OVN-EV-001,2026-03-25 10:01:48.412009,23.54,391.0,28.09,39.64,89.69,Charging,Normal,-0.5047
OVN-EV-003,2026-03-25 10:01:51.068893,24.56,455.11,97.47,86.57,40.08,ANOMALY,ANOMALY,-0.7029
OVN-EV-002,2026-03-25 10:01:51.068893,13.14,414.36,34.2,34.89,77.14,Charging,Normal,-0.4692
OVN-EV-001,2026-03-25 10:01:51.416923,16.69,399.17,31.49,44.32,71.03,Charging,Normal,-0.449
OVN-EV-003,2026-03-25 10:01:54.067720,13.04,393.78,28.18,41.15,28.6,Charging,Normal,-0.4945
OVN-EV-002,2026-03-25 10:01:54.067720,17.22,394.09,30.11,34.75,78.57,Charging,Normal,-0.4335
OVN-EV-001,2026-03-25 10:01:54.438603,21.54,419.92,30.76,37.38,69.32,Charging,Normal,-0.4798
OVN-EV-003,2026-03-25 10:01:57.079462,14.04,403.93,31.53,35.04,46.49,Charging,Normal,-0.4328
OVN-EV-002,2026-03-25 10:01:57.079462,18.88,394.02,29.09,30.58,85.69,Charging,Normal,-0.4881
OVN-EV-001,2026-03-25 10:01:57.439645,14.91,392.94,29.46,32.75,32.83,Charging,Normal,-0.4639
OVN-EV-003,2026-03-25 10:02:00.109410,10.75,392.52,28.75,39.75,62.29,Charging,Normal,-0.4885
OVN-EV-002,2026-03-25 10:02:00.109410,21.16,388.47,29.42,44.39,39.03,Charging,Normal,-0.4888
OVN-EV-001,2026-03-25 10:02:00.437660,18.42,403.04,28.76,43.69,67.78,Charging,Normal,-0.4621
OVN-EV-003,2026-03-25 10:02:03.140452,12.16,396.41,29.82,32.71,83.98,Charging,Normal,-0.4788
OVN-EV-002,2026-03-25 10:02:03.140452,23.95,389.4,35.28,30.81,50.27,Charging,Normal,-0.5051
OVN-EV-001,2026-03-25 10:02:03.440887,13.74,407.87,34.29,37.17,66.42,Charging,Normal,-0.4305
OVN-EV-002,2026-03-25 10:02:06.142636,23.1,386.8,28.42,41.84,65.46,Charging,Normal,-0.4915
OVN-EV-003,2026-03-25 10:02:06.142636,23.44,386.54,33.76,44.51,61.7,Charging,Normal,-0.4944
OVN-EV-001,2026-03-25 10:02:06.446441,24.21,387.77,32.42,39.0,36.78,Charging,Normal,-0.4767
OVN-EV-002,2026-03-25 10:02:09.156027,17.74,410.91,29.05,34.56,71.58,Charging,Normal,-0.4422
OVN-EV-003,2026-03-25 10:02:09.156027,15.36,393.49,32.45,42.54,41.79,Charging,Normal,-0.4386
OVN-EV-001,2026-03-25 10:02:09.440245,19.45,394.67,28.97,39.94,39.51,Charging,Normal,-0.4508
OVN-EV-002,2026-03-25 10:02:12.172106,21.46,405.31,28.35,36.58,28.91,Charging,Normal,-0.4819
OVN-EV-003,2026-03-25 10:02:12.173100,19.17,395.84,30.82,31.26,74.07,Charging,Normal,-0.4564
OVN-EV-001,2026-03-25 10:02:12.452665,24.56,404.01,33.34,37.17,53.98,Charging,Normal,-0.4569
OVN-EV-002,2026-03-25 10:02:15.186141,11.23,399.72,29.51,44.85,52.49,Charging,Normal,-0.5056
OVN-EV-003,2026-03-25 10:02:15.187171,13.82,396.7,28.66,36.82,39.46,Charging,Normal,-0.4539
OVN-EV-001,2026-03-25 10:02:15.468795,12.83,416.36,34.62,44.22,26.68,Charging,Normal,-0.5167
OVN-EV-002,2026-03-25 10:02:18.186054,22.92,381.63,34.31,32.89,61.11,Charging,Normal,-0.4835
OVN-EV-003,2026-03-25 10:02:18.186984,16.36,411.24,33.96,41.65,83.01,Charging,Normal,-0.4541
OVN-EV-001,2026-03-25 10:02:18.470889,14.09,387.05,28.75,30.39,38.47,Charging,Normal,-0.5018
OVN-EV-002,2026-03-25 10:02:21.205070,22.26,393.93,29.84,30.21,50.79,Charging,Normal,-0.4836
OVN-EV-003,2026-03-25 10:02:21.205070,23.24,410.78,33.0,30.59,66.93,Charging,Normal,-0.4813
OVN-EV-001,2026-03-25 10:02:21.473405,18.6,389.12,29.83,34.3,79.35,Charging,Normal,-0.4539
OVN-EV-003,2026-03-25 10:02:24.221265,16.68,394.5,29.67,42.76,76.51,Charging,Normal,-0.4554
OVN-EV-002,2026-03-25 10:02:24.222344,16.86,400.65,33.54,35.26,79.17,Charging,Normal,-0.4352
OVN-EV-001,2026-03-25 10:02:24.486751,11.42,412.0,35.25,35.83,32.07,Charging,Normal,-0.5194
OVN-EV-003,2026-03-25 10:02:27.234627,16.55,393.19,35.82,40.03,84.95,Charging,Normal,-0.4788
OVN-EV-002,2026-03-25 10:02:27.234627,13.19,395.14,30.61,38.53,69.72,Charging,Normal,-0.4482
OVN-EV-001,2026-03-25 10:02:27.487393,21.76,418.11,31.99,30.4,47.45,Charging,Normal,-0.5054
OVN-EV-003,2026-03-25 10:02:30.252201,10.35,415.95,35.68,35.94,72.82,Charging,Normal,-0.514
OVN-EV-002,2026-03-25 10:02:30.252201,12.03,387.18,30.25,40.57,68.05,Charging,Normal,-0.4692
OVN-EV-001,2026-03-25 10:02:30.501400,11.59,382.56,29.36,41.04,66.34,Charging,Normal,-0.4963
OVN-EV-003,2026-03-25 10:02:33.253756,22.84,413.52,30.01,36.17,23.5,Charging,Normal,-0.4837
OVN-EV-002,2026-03-25 10:02:33.255201,21.05,384.91,28.71,32.96,41.36,Charging,Normal,-0.4824
OVN-EV-001,2026-03-25 10:02:33.510764,12.73,383.56,30.14,30.23,54.07,Charging,Normal,-0.5138
OVN-EV-003,2026-03-25 10:02:36.260057,13.1,387.79,32.84,39.72,76.53,Charging,Normal,-0.4549
OVN-EV-002,2026-03-25 10:02:36.260057,15.16,408.86,28.02,35.06,52.99,Charging,Normal,-0.4611
OVN-EV-001,2026-03-25 10:02:36.516163,11.53,409.33,32.53,33.04,21.55,Charging,Normal,-0.5126
OVN-EV-003,2026-03-25 10:02:39.268615,13.92,412.95,31.92,44.75,91.89,Charging,Normal,-0.5095
OVN-EV-002,2026-03-25 10:02:39.268615,24.71,413.45,35.81,30.39,77.8,Charging,Normal,-0.5587
OVN-EV-001,2026-03-25 10:02:39.520491,24.27,414.38,33.31,33.55,52.01,Charging,Normal,-0.4815
OVN-EV-003,2026-03-25 10:02:42.271570,10.3,380.03,29.65,44.4,37.69,Charging,Normal,-0.5623
OVN-EV-002,2026-03-25 10:02:42.272688,20.55,382.42,33.48,40.26,35.7,Charging,Normal,-0.4686
OVN-EV-001,2026-03-25 10:02:42.537074,16.82,389.28,28.65,44.43,64.98,Charging,Normal,-0.4954
OVN-EV-002,2026-03-25 10:02:45.281435,22.77,409.57,35.02,30.81,41.49,Charging,Normal,-0.4917
OVN-EV-003,2026-03-25 10:02:45.281435,12.49,403.81,34.04,40.75,21.35,Charging,Normal,-0.5013
OVN-EV-001,2026-03-25 10:02:45.546921,17.97,380.79,34.62,30.45,62.54,Charging,Normal,-0.5031
OVN-EV-002,2026-03-25 10:02:48.284012,10.17,397.34,35.94,33.64,53.77,Charging,Normal,-0.5326
OVN-EV-003,2026-03-25 10:02:48.285010,23.62,396.9,30.85,36.13,21.49,Charging,Normal,-0.492
OVN-EV-001,2026-03-25 10:02:48.562781,24.55,380.46,31.0,37.22,69.12,Charging,Normal,-0.497
OVN-EV-002,2026-03-25 10:02:51.297383,18.46,388.18,35.83,40.0,40.16,Charging,Normal,-0.4851
OVN-EV-003,2026-03-25 10:02:51.298446,16.18,394.74,32.77,39.67,29.77,Charging,Normal,-0.4488
OVN-EV-001,2026-03-25 10:02:51.564274,16.9,394.06,29.5,41.21,37.88,Charging,Normal,-0.4421
OVN-EV-002,2026-03-25 10:02:54.312998,18.64,401.15,31.49,32.22,73.88,Charging,Normal,-0.4415
OVN-EV-003,2026-03-25 10:02:54.314110,15.71,384.56,31.67,30.78,22.81,Charging,Normal,-0.5052
OVN-EV-001,2026-03-25 10:02:54.577129,19.73,387.33,28.52,43.93,89.69,Charging,Normal,-0.5138
OVN-EV-002,2026-03-25 10:02:57.328906,12.83,398.15,31.04,34.15,73.15,Charging,Normal,-0.4517
OVN-EV-003,2026-03-25 10:02:57.328906,13.71,395.97,35.56,38.46,53.66,Charging,Normal,-0.4587
OVN-EV-001,2026-03-25 10:02:57.579326,21.14,414.31,28.6,41.21,65.39,Charging,Normal,-0.4639
OVN-EV-002,2026-03-25 10:03:00.330528,13.53,496.64,93.9,77.97,24.97,ANOMALY,ANOMALY,-0.6973
OVN-EV-003,2026-03-25 10:03:00.330528,17.73,392.74,33.06,42.55,65.57,Charging,Normal,-0.4317
OVN-EV-001,2026-03-25 10:03:00.593842,15.76,453.87,99.31,74.55,83.5,ANOMALY,ANOMALY,-0.6923
OVN-EV-002,2026-03-25 10:03:03.329126,24.66,412.03,29.94,30.98,58.97,Charging,Normal,-0.5066
OVN-EV-003,2026-03-25 10:03:03.329126,14.31,383.98,34.57,40.28,42.63,Charging,Normal,-0.4538
OVN-EV-001,2026-03-25 10:03:03.596277,22.74,394.14,33.1,39.66,32.21,Charging,Normal,-0.4634
OVN-EV-003,2026-03-25 10:03:06.343749,22.41,404.56,28.5,37.79,58.72,Charging,Normal,-0.4532
OVN-EV-002,2026-03-25 10:03:06.343749,12.09,401.45,30.09,31.57,58.29,Charging,Normal,-0.4602
OVN-EV-001,2026-03-25 10:03:06.609706,20.38,380.73,30.08,43.85,90.11,Charging,Normal,-0.5221
OVN-EV-003,2026-03-25 10:03:09.344728,17.23,399.31,32.2,38.71,27.22,Charging,Normal,-0.4558
OVN-EV-002,2026-03-25 10:03:09.344728,18.29,410.69,34.55,40.32,94.01,Charging,Normal,-0.4897
OVN-EV-001,2026-03-25 10:03:09.614106,19.91,397.04,34.73,40.32,48.66,Charging,Normal,-0.4486
OVN-EV-003,2026-03-25 10:03:12.361739,12.93,389.41,34.14,30.13,30.02,Charging,Normal,-0.5192
OVN-EV-002,2026-03-25 10:03:12.362916,19.31,405.34,33.56,41.95,30.23,Charging,Normal,-0.4552
OVN-EV-001,2026-03-25 10:03:12.617758,11.98,393.05,32.72,38.97,59.81,Charging,Normal,-0.4387
OVN-EV-003,2026-03-25 10:03:15.376673,16.14,409.81,33.21,41.45,49.99,Charging,Normal,-0.4347
OVN-EV-002,2026-03-25 10:03:15.376673,21.97,399.73,31.69,40.61,27.07,Charging,Normal,-0.4717
OVN-EV-001,2026-03-25 10:03:15.627427,10.0,395.34,29.05,43.67,56.83,Charging,Normal,-0.5093
OVN-EV-003,2026-03-25 10:03:18.389876,23.05,382.45,34.0,38.62,48.68,Charging,Normal,-0.4733
OVN-EV-002,2026-03-25 10:03:18.389876,10.48,383.78,34.3,30.84,47.22,Charging,Normal,-0.5349
OVN-EV-001,2026-03-25 10:03:18.625110,13.65,405.83,32.96,33.45,78.81,Charging,Normal,-0.4469
OVN-EV-003,2026-03-25 10:03:21.392549,22.45,382.24,31.62,39.63,65.73,Charging,Normal,-0.4717
OVN-EV-002,2026-03-25 10:03:21.393708,15.81,394.75,29.16,44.29,92.38,Charging,Normal,-0.4942
OVN-EV-001,2026-03-25 10:03:21.655133,14.16,395.04,34.64,31.69,26.01,Charging,Normal,-0.4945
OVN-EV-002,2026-03-25 10:03:24.394227,23.42,386.35,35.79,42.91,70.06,Charging,Normal,-0.5164
OVN-EV-003,2026-03-25 10:03:24.395238,13.02,394.74,35.62,44.72,50.24,Charging,Normal,-0.5029
OVN-EV-001,2026-03-25 10:03:24.674351,23.16,381.67,30.37,40.33,94.07,Charging,Normal,-0.5293
OVN-EV-002,2026-03-25 10:03:27.408907,20.22,384.22,34.87,30.99,25.39,Charging,Normal,-0.5309
OVN-EV-003,2026-03-25 10:03:27.409903,11.91,393.91,28.37,31.38,61.35,Charging,Normal,-0.4917
OVN-EV-001,2026-03-25 10:03:27.686378,22.59,406.49,32.0,31.99,33.07,Charging,Normal,-0.4845
OVN-EV-002,2026-03-25 10:03:30.422113,20.29,392.38,35.19,34.93,41.14,Charging,Normal,-0.4647
OVN-EV-003,2026-03-25 10:03:30.422113,22.9,414.36,34.97,32.06,36.12,Charging,Normal,-0.5014
OVN-EV-001,2026-03-25 10:03:30.689810,21.3,417.45,35.13,38.02,33.01,Charging,Normal,-0.4991
OVN-EV-002,2026-03-25 10:03:33.452211,20.51,416.16,33.15,43.86,90.58,Charging,Normal,-0.4998
OVN-EV-003,2026-03-25 10:03:33.452211,13.25,405.21,32.23,39.22,51.33,Charging,Normal,-0.4384
OVN-EV-001,2026-03-25 10:03:33.703917,22.23,411.41,32.35,32.21,25.16,Charging,Normal,-0.4944
OVN-EV-002,2026-03-25 10:03:36.456232,12.21,396.16,29.06,44.96,81.48,Charging,Normal,-0.4976
OVN-EV-003,2026-03-25 10:03:36.456232,21.62,485.72,92.26,87.72,44.14,ANOMALY,ANOMALY,-0.6944
OVN-EV-001,2026-03-25 10:03:36.718249,24.76,404.43,34.21,39.49,77.77,Charging,Normal,-0.4949
OVN-EV-002,2026-03-25 10:03:39.469108,24.87,402.73,32.57,37.02,90.51,Charging,Normal,-0.5116
OVN-EV-003,2026-03-25 10:03:39.469108,16.16,415.49,28.36,32.8,74.01,Charging,Normal,-0.4881
OVN-EV-001,2026-03-25 10:03:39.720828,15.95,457.01,95.95,74.91,90.53,ANOMALY,ANOMALY,-0.6914
OVN-EV-002,2026-03-25 10:03:42.471004,23.09,386.32,30.22,38.93,41.99,Charging,Normal,-0.4586
OVN-EV-003,2026-03-25 10:03:42.471004,16.14,412.55,28.89,33.33,58.51,Charging,Normal,-0.4598
OVN-EV-001,2026-03-25 10:03:42.732379,11.12,399.32,32.55,30.52,68.89,Charging,Normal,-0.4979
OVN-EV-003,2026-03-25 10:03:45.484618,12.47,407.31,30.58,41.84,91.69,Charging,Normal,-0.4761
OVN-EV-002,2026-03-25 10:03:45.484618,23.4,385.31,32.2,43.51,40.97,Charging,Normal,-0.4862
OVN-EV-001,2026-03-25 10:03:45.750098,17.81,404.54,30.12,31.94,61.73,Charging,Normal,-0.4372
OVN-EV-003,2026-03-25 10:03:48.486610,24.29,387.4,32.59,44.06,52.11,Charging,Normal,-0.4953
OVN-EV-002,2026-03-25 10:03:48.486610,22.36,385.92,34.33,30.98,20.56,Charging,Normal,-0.55
OVN-EV-001,2026-03-25 10:03:48.764951,24.96,380.69,34.07,35.81,21.46,Charging,Normal,-0.5544
OVN-EV-003,2026-03-25 10:03:51.500607,16.15,410.1,34.09,33.56,67.59,Charging,Normal,-0.4407
OVN-EV-002,2026-03-25 10:03:51.500607,10.88,394.16,35.71,44.41,48.78,Charging,Normal,-0.5184
OVN-EV-001,2026-03-25 10:03:51.779575,16.21,418.2,34.9,43.9,50.24,Charging,Normal,-0.4908
OVN-EV-003,2026-03-25 10:03:54.502150,22.48,390.12,30.12,30.66,92.44,Charging,Normal,-0.5121
OVN-EV-002,2026-03-25 10:03:54.503336,23.48,403.09,31.9,39.49,29.75,Charging,Normal,-0.4726
OVN-EV-001,2026-03-25 10:03:54.795863,18.0,412.26,28.28,41.15,21.87,Charging,Normal,-0.5064
OVN-EV-003,2026-03-25 10:03:57.499968,22.29,398.67,33.01,41.05,33.97,Charging,Normal,-0.4577
OVN-EV-002,2026-03-25 10:03:57.499968,21.36,382.71,31.95,38.34,28.04,Charging,Normal,-0.4819
OVN-EV-001,2026-03-25 10:03:57.798956,15.42,385.66,31.98,40.8,35.41,Charging,Normal,-0.4501
OVN-EV-003,2026-03-25 10:04:00.518459,24.93,397.67,28.42,36.96,26.91,Charging,Normal,-0.5129
OVN-EV-002,2026-03-25 10:04:00.519596,10.13,401.37,29.49,38.61,80.15,Charging,Normal,-0.5047
OVN-EV-001,2026-03-25 10:04:00.813921,10.86,400.11,30.65,41.62,42.47,Charging,Normal,-0.476
OVN-EV-003,2026-03-25 10:04:03.533067,19.96,383.48,32.5,42.85,71.85,Charging,Normal,-0.47
OVN-EV-002,2026-03-25 10:04:03.533580,20.3,409.12,31.89,44.19,41.96,Charging,Normal,-0.4701
OVN-EV-001,2026-03-25 10:04:03.830043,13.07,381.52,34.67,35.54,79.72,Charging,Normal,-0.4885
OVN-EV-002,2026-03-25 10:04:06.533986,16.13,385.99,34.31,35.8,49.78,Charging,Normal,-0.4505
OVN-EV-003,2026-03-25 10:04:06.535272,20.18,486.86,98.28,80.66,62.26,ANOMALY,ANOMALY,-0.687
OVN-EV-001,2026-03-25 10:04:06.845795,22.15,417.01,32.29,40.35,50.38,Charging,Normal,-0.4524
OVN-EV-002,2026-03-25 10:04:09.550045,21.58,391.02,34.16,40.73,38.3,Charging,Normal,-0.4543
OVN-EV-003,2026-03-25 10:04:09.550045,12.96,398.8,30.12,34.37,62.71,Charging,Normal,-0.441
OVN-EV-001,2026-03-25 10:04:09.860288,14.61,419.09,29.6,30.74,88.52,Charging,Normal,-0.5339
OVN-EV-002,2026-03-25 10:04:12.563836,19.0,386.58,31.96,42.1,57.17,Charging,Normal,-0.4429
OVN-EV-003,2026-03-25 10:04:12.563836,16.61,398.04,35.89,35.57,92.75,Charging,Normal,-0.5014
OVN-EV-001,2026-03-25 10:04:12.890156,10.38,388.29,33.82,38.93,41.66,Charging,Normal,-0.4924
OVN-EV-002,2026-03-25 10:04:15.564451,20.41,417.97,34.59,35.3,23.63,Charging,Normal,-0.488
OVN-EV-003,2026-03-25 10:04:15.564451,22.65,388.92,30.51,30.83,67.32,Charging,Normal,-0.4784
OVN-EV-001,2026-03-25 10:04:15.906795,23.01,390.06,29.67,38.62,67.72,Charging,Normal,-0.4606
OVN-EV-002,2026-03-25 10:04:18.577953,21.03,396.3,29.58,34.11,78.7,Charging,Normal,-0.447
OVN-EV-003,2026-03-25 10:04:18.577953,19.56,384.09,35.88,38.93,55.59,Charging,Normal,-0.4806
OVN-EV-001,2026-03-25 10:04:18.920938,18.87,388.9,33.64,38.04,27.08,Charging,Normal,-0.4587
OVN-EV-002,2026-03-25 10:04:21.578506,21.55,416.27,31.66,43.71,35.48,Charging,Normal,-0.4962
OVN-EV-003,2026-03-25 10:04:21.578506,24.32,382.3,29.59,39.19,36.65,Charging,Normal,-0.493
OVN-EV-001,2026-03-25 10:04:21.923860,11.49,399.3,33.33,37.67,43.6,Charging,Normal,-0.4576
OVN-EV-003,2026-03-25 10:04:24.593581,14.69,386.15,34.91,35.05,28.08,Charging,Normal,-0.4841
OVN-EV-002,2026-03-25 10:04:24.593581,18.12,406.79,33.07,39.18,94.84,Charging,Normal,-0.4649
OVN-EV-001,2026-03-25 10:04:24.922678,10.93,410.62,29.63,30.56,69.51,Charging,Normal,-0.5071
OVN-EV-003,2026-03-25 10:04:27.605137,22.75,394.21,32.07,30.28,42.1,Charging,Normal,-0.4861
OVN-EV-002,2026-03-25 10:04:27.606216,16.6,407.59,34.55,44.5,43.62,Charging,Normal,-0.4633
OVN-EV-001,2026-03-25 10:04:27.920656,16.73,392.04,34.08,38.95,49.5,Charging,Normal,-0.4328
OVN-EV-003,2026-03-25 10:04:30.621534,21.89,380.26,31.28,31.86,63.22,Charging,Normal,-0.4782
OVN-EV-002,2026-03-25 10:04:30.622753,18.4,411.52,28.38,39.74,61.92,Charging,Normal,-0.4562
OVN-EV-001,2026-03-25 10:04:30.938994,17.06,394.73,30.29,44.66,26.38,Charging,Normal,-0.4979
OVN-EV-003,2026-03-25 10:04:33.637989,20.39,390.12,29.48,31.69,20.4,Charging,Normal,-0.5102
OVN-EV-002,2026-03-25 10:04:33.637989,11.18,393.13,31.64,31.0,75.12,Charging,Normal,-0.4875
OVN-EV-001,2026-03-25 10:04:33.939752,22.54,465.11,80.7,85.1,42.25,ANOMALY,ANOMALY,-0.6854
OVN-EV-003,2026-03-25 10:04:36.650007,14.64,406.97,32.55,37.64,90.62,Charging,Normal,-0.4503
OVN-EV-002,2026-03-25 10:04:36.650007,10.86,385.45,32.59,30.24,24.62,Charging,Normal,-0.545
OVN-EV-001,2026-03-25 10:04:36.935666,14.45,395.46,34.76,31.77,66.58,Charging,Normal,-0.4634
OVN-EV-003,2026-03-25 10:04:39.642890,16.96,404.69,34.4,42.03,44.33,Charging,Normal,-0.4426
OVN-EV-002,2026-03-25 10:04:39.674779,13.54,380.03,31.69,35.54,26.27,Charging,Normal,-0.496
OVN-EV-001,2026-03-25 10:04:39.951133,24.65,400.25,33.28,43.6,34.77,Charging,Normal,-0.4972
OVN-EV-003,2026-03-25 10:04:42.640004,20.4,390.35,32.88,35.79,68.13,Charging,Normal,-0.4312
OVN-EV-002,2026-03-25 10:04:42.686521,23.26,386.8,33.0,38.64,61.93,Charging,Normal,-0.4599
OVN-EV-001,2026-03-25 10:04:42.953974,16.58,388.58,30.65,30.91,28.38,Charging,Normal,-0.4923
OVN-EV-003,2026-03-25 10:04:45.640686,24.14,413.44,30.1,35.9,47.07,Charging,Normal,-0.4719
OVN-EV-002,2026-03-25 10:04:45.688863,14.14,398.31,29.63,44.24,55.55,Charging,Normal,-0.4659
OVN-EV-001,2026-03-25 10:04:45.968010,18.02,401.28,29.15,39.46,88.28,Charging,Normal,-0.4559
OVN-EV-003,2026-03-25 10:04:48.642956,12.02,409.32,30.69,31.35,28.57,Charging,Normal,-0.5081
OVN-EV-002,2026-03-25 10:04:48.694620,21.51,396.37,28.13,42.62,78.46,Charging,Normal,-0.4784
OVN-EV-001,2026-03-25 10:04:48.999667,12.48,401.23,29.56,43.14,69.25,Charging,Normal,-0.4609
OVN-EV-003,2026-03-25 10:04:51.653485,17.34,418.62,28.38,38.83,79.31,Charging,Normal,-0.4889
OVN-EV-002,2026-03-25 10:04:51.685804,19.67,404.88,30.23,34.79,87.65,Charging,Normal,-0.446
OVN-EV-001,2026-03-25 10:04:52.005003,13.35,407.38,35.26,43.38,64.78,Charging,Normal,-0.4664
OVN-EV-003,2026-03-25 10:04:54.672932,15.8,408.18,28.06,31.29,63.0,Charging,Normal,-0.4842
OVN-EV-002,2026-03-25 10:04:54.674608,14.94,380.68,32.03,43.01,39.15,Charging,Normal,-0.4831
OVN-EV-001,2026-03-25 10:04:55.005729,23.87,399.55,33.46,41.68,57.98,Charging,Normal,-0.4504
OVN-EV-003,2026-03-25 10:04:57.677818,18.8,412.6,29.31,32.32,26.77,Charging,Normal,-0.4925
OVN-EV-002,2026-03-25 10:04:57.678982,13.07,389.18,33.79,40.35,85.96,Charging,Normal,-0.4591
OVN-EV-001,2026-03-25 10:04:58.012089,20.18,405.48,35.33,30.85,29.35,Charging,Normal,-0.5119
OVN-EV-003,2026-03-25 10:05:00.673108,12.45,409.58,35.85,42.0,44.82,Charging,Normal,-0.4839
OVN-EV-002,2026-03-25 10:05:00.674231,10.08,417.46,35.99,34.15,93.32,Charging,Normal,-0.5896
OVN-EV-001,2026-03-25 10:05:01.028128,10.28,384.02,32.39,42.82,36.72,Charging,Normal,-0.5102
OVN-EV-003,2026-03-25 10:05:03.673895,22.44,406.54,32.16,41.25,87.21,Charging,Normal,-0.461
OVN-EV-002,2026-03-25 10:05:03.675114,16.54,380.96,35.49,43.86,60.17,Charging,Normal,-0.5016
OVN-EV-001,2026-03-25 10:05:04.035724,22.76,414.56,34.16,30.27,29.59,Charging,Normal,-0.517
OVN-EV-003,2026-03-25 10:05:06.685533,17.95,386.27,31.15,38.07,88.4,Charging,Normal,-0.4649
OVN-EV-002,2026-03-25 10:05:06.685533,21.39,407.26,29.42,30.46,54.52,Charging,Normal,-0.478
OVN-EV-001,2026-03-25 10:05:07.037258,22.76,400.95,33.12,37.63,33.15,Charging,Normal,-0.4499
OVN-EV-003,2026-03-25 10:05:09.698664,18.53,397.45,32.52,36.36,33.41,Charging,Normal,-0.4407
OVN-EV-002,2026-03-25 10:05:09.698664,13.37,389.12,29.65,36.42,78.02,Charging,Normal,-0.4524
OVN-EV-001,2026-03-25 10:05:10.029006,15.74,404.79,31.1,30.05,52.57,Charging,Normal,-0.4575
OVN-EV-003,2026-03-25 10:05:12.702216,18.63,411.87,30.75,42.76,90.73,Charging,Normal,-0.4767
OVN-EV-002,2026-03-25 10:05:12.702216,20.69,412.04,35.54,31.28,55.73,Charging,Normal,-0.4895
OVN-EV-001,2026-03-25 10:05:13.035847,23.99,499.75,92.36,74.58,39.61,ANOMALY,ANOMALY,-0.7143
OVN-EV-003,2026-03-25 10:05:15.699601,14.9,417.36,31.08,32.79,58.53,Charging,Normal,-0.456
OVN-EV-002,2026-03-25 10:05:15.699601,18.91,417.54,29.04,35.52,25.41,Charging,Normal,-0.4929
OVN-EV-001,2026-03-25 10:05:16.034727,22.72,394.8,32.83,31.6,78.81,Charging,Normal,-0.4681
OVN-EV-003,2026-03-25 10:05:18.711730,22.65,392.4,32.59,40.73,51.83,Charging,Normal,-0.4479
OVN-EV-002,2026-03-25 10:05:18.711730,14.63,381.1,31.83,43.47,88.24,Charging,Normal,-0.4884
OVN-EV-001,2026-03-25 10:05:19.039310,24.79,414.76,31.88,31.49,45.88,Charging,Normal,-0.5025
OVN-EV-003,2026-03-25 10:05:21.721260,19.35,401.76,33.09,44.96,74.12,Charging,Normal,-0.4706
OVN-EV-002,2026-03-25 10:05:21.722607,24.45,406.54,35.42,35.45,48.49,Charging,Normal,-0.4877
OVN-EV-001,2026-03-25 10:05:22.036263,17.82,391.39,34.35,31.47,90.86,Charging,Normal,-0.4956
OVN-EV-002,2026-03-25 10:05:24.736460,18.37,414.53,29.66,40.4,74.03,Charging,Normal,-0.456
OVN-EV-003,2026-03-25 10:05:24.736460,21.01,391.08,30.09,41.98,41.73,Charging,Normal,-0.4557
OVN-EV-001,2026-03-25 10:05:25.048938,24.91,413.39,33.35,44.35,57.61,Charging,Normal,-0.5048
OVN-EV-002,2026-03-25 10:05:27.738124,17.16,384.01,31.95,30.19,68.42,Charging,Normal,-0.479
OVN-EV-003,2026-03-25 10:05:27.739917,18.85,400.89,32.9,38.46,32.7,Charging,Normal,-0.4427
OVN-EV-001,2026-03-25 10:05:28.066794,18.8,394.38,32.01,37.46,40.18,Charging,Normal,-0.4325
OVN-EV-002,2026-03-25 10:05:30.744656,14.93,395.75,33.24,34.31,53.33,Charging,Normal,-0.4273
OVN-EV-003,2026-03-25 10:05:30.745257,21.79,409.96,32.61,39.31,74.63,Charging,Normal,-0.4526
OVN-EV-001,2026-03-25 10:05:31.065590,24.43,381.26,34.3,36.67,74.36,Charging,Normal,-0.5066
OVN-EV-002,2026-03-25 10:05:33.756897,15.74,404.87,30.72,44.49,81.98,Charging,Normal,-0.4613
OVN-EV-003,2026-03-25 10:05:33.758692,17.51,412.88,35.87,40.12,37.13,Charging,Normal,-0.4787
OVN-EV-001,2026-03-25 10:05:34.077929,16.33,409.67,32.09,40.19,79.91,Charging,Normal,-0.4394
OVN-EV-002,2026-03-25 10:05:36.764033,11.1,398.49,34.57,33.64,25.68,Charging,Normal,-0.5046
OVN-EV-003,2026-03-25 10:05:36.764033,10.97,394.32,33.82,32.75,64.43,Charging,Normal,-0.4748
OVN-EV-001,2026-03-25 10:05:37.089877,15.48,417.74,31.53,43.64,46.24,Charging,Normal,-0.4632
OVN-EV-002,2026-03-25 10:05:39.819214,15.57,403.36,31.03,41.21,73.18,Charging,Normal,-0.429
OVN-EV-003,2026-03-25 10:05:39.883469,24.97,415.76,28.98,34.74,22.51,Charging,Normal,-0.5409
OVN-EV-001,2026-03-25 10:05:40.109676,10.61,391.78,31.29,35.77,31.7,Charging,Normal,-0.4793
OVN-EV-002,2026-03-25 10:05:42.889287,23.33,392.43,29.53,44.82,67.88,Charging,Normal,-0.4917
OVN-EV-003,2026-03-25 10:05:42.942034,23.92,383.09,28.2,32.83,50.76,Charging,Normal,-0.5077
OVN-EV-001,2026-03-25 10:05:43.122583,11.52,395.94,33.52,31.49,42.29,Charging,Normal,-0.471
OVN-EV-002,2026-03-25 10:05:45.911236,16.83,470.69,87.14,73.19,33.74,ANOMALY,ANOMALY,-0.6864
OVN-EV-003,2026-03-25 10:05:45.945469,12.41,388.05,28.37,42.29,86.99,Charging,Normal,-0.5007
OVN-EV-001,2026-03-25 10:05:46.139391,16.42,414.69,34.49,30.93,36.15,Charging,Normal,-0.4844
OVN-EV-002,2026-03-25 10:05:48.913710,16.44,380.22,35.51,43.08,78.89,Charging,Normal,-0.5237
OVN-EV-003,2026-03-25 10:05:48.947550,15.39,398.09,29.79,37.92,80.0,Charging,Normal,-0.4372
OVN-EV-001,2026-03-25 10:05:49.138463,10.07,381.67,32.81,35.63,41.62,Charging,Normal,-0.5206
OVN-EV-002,2026-03-25 10:05:51.907421,19.34,392.58,33.33,38.1,30.74,Charging,Normal,-0.4455
OVN-EV-003,2026-03-25 10:05:51.971354,15.19,383.16,33.03,37.48,73.45,Charging,Normal,-0.451
OVN-EV-001,2026-03-25 10:05:52.155538,17.19,418.62,31.61,34.93,91.6,Charging,Normal,-0.484
OVN-EV-002,2026-03-25 10:05:54.907448,22.82,389.75,33.1,31.9,26.29,Charging,Normal,-0.4945
OVN-EV-003,2026-03-25 10:05:54.972758,24.09,404.58,29.68,36.82,31.24,Charging,Normal,-0.4682
OVN-EV-001,2026-03-25 10:05:55.173408,22.5,387.19,29.69,43.11,32.69,Charging,Normal,-0.4939
OVN-EV-002,2026-03-25 10:05:57.921064,24.28,380.78,33.08,43.91,27.55,Charging,Normal,-0.5376
OVN-EV-003,2026-03-25 10:05:57.987295,10.12,486.21,80.21,70.51,61.04,ANOMALY,ANOMALY,-0.7092
OVN-EV-001,2026-03-25 10:05:58.180674,12.98,405.54,34.44,31.87,63.43,Charging,Normal,-0.4665
OVN-EV-002,2026-03-25 10:06:00.932258,12.41,406.57,33.01,30.18,78.73,Charging,Normal,-0.497
OVN-EV-003,2026-03-25 10:06:01.004815,20.65,387.05,32.43,42.19,50.82,Charging,Normal,-0.4415
OVN-EV-001,2026-03-25 10:06:01.186076,20.43,411.1,28.67,37.0,86.45,Charging,Normal,-0.4808
OVN-EV-002,2026-03-25 10:06:03.926775,10.25,390.67,33.84,31.46,47.8,Charging,Normal,-0.5011
OVN-EV-003,2026-03-25 10:06:04.005568,14.42,388.99,30.05,41.94,47.63,Charging,Normal,-0.4437
OVN-EV-001,2026-03-25 10:06:04.198572,14.88,389.23,30.96,33.85,56.53,Charging,Normal,-0.4362
OVN-EV-002,2026-03-25 10:06:06.923173,23.16,382.66,28.15,37.15,56.26,Charging,Normal,-0.4908
OVN-EV-003,2026-03-25 10:06:07.003574,12.47,383.35,30.21,32.45,61.91,Charging,Normal,-0.482
OVN-EV-001,2026-03-25 10:06:07.215534,12.92,388.19,34.84,34.71,69.14,Charging,Normal,-0.4666
OVN-EV-002,2026-03-25 10:06:09.925362,16.41,389.52,34.0,38.23,44.43,Charging,Normal,-0.4405
OVN-EV-003,2026-03-25 10:06:10.006179,12.74,479.83,80.6,83.96,94.52,ANOMALY,ANOMALY,-0.6891
OVN-EV-001,2026-03-25 10:06:10.237422,24.18,400.7,30.71,30.31,84.97,Charging,Normal,-0.5141
OVN-EV-002,2026-03-25 10:06:12.933738,12.75,386.4,34.45,42.81,45.24,Charging,Normal,-0.4775
OVN-EV-003,2026-03-25 10:06:13.005116,20.35,406.3,30.75,40.89,48.63,Charging,Normal,-0.4333
OVN-EV-001,2026-03-25 10:06:13.247753,14.22,454.4,82.55,78.69,82.09,ANOMALY,ANOMALY,-0.6627
OVN-EV-002,2026-03-25 10:06:15.947318,13.6,413.22,33.31,44.27,21.43,Charging,Normal,-0.4988
OVN-EV-003,2026-03-25 10:06:15.996995,24.17,418.4,29.0,30.03,52.63,Charging,Normal,-0.5433
OVN-EV-001,2026-03-25 10:06:16.249877,20.11,412.63,34.67,34.72,70.73,Charging,Normal,-0.4575
OVN-EV-002,2026-03-25 10:06:18.953682,18.19,415.99,33.56,44.96,26.18,Charging,Normal,-0.5161
OVN-EV-003,2026-03-25 10:06:19.000959,15.38,395.8,33.5,31.44,93.3,Charging,Normal,-0.4916
OVN-EV-001,2026-03-25 10:06:19.253791,21.29,382.56,30.55,31.08,38.31,Charging,Normal,-0.4885
OVN-EV-002,2026-03-25 10:06:21.963992,12.96,413.9,32.52,36.71,40.67,Charging,Normal,-0.4514
OVN-EV-003,2026-03-25 10:06:22.004206,23.2,417.66,31.71,34.4,47.59,Charging,Normal,-0.4655
OVN-EV-001,2026-03-25 10:06:22.258394,22.2,405.75,30.21,44.45,45.02,Charging,Normal,-0.4635
OVN-EV-002,2026-03-25 10:06:24.970086,14.21,410.6,35.13,35.08,66.37,Charging,Normal,-0.4574
OVN-EV-003,2026-03-25 10:06:25.001767,17.16,413.82,31.0,37.6,84.76,Charging,Normal,-0.4532
OVN-EV-001,2026-03-25 10:06:25.253368,12.14,387.31,34.48,32.05,20.11,Charging,Normal,-0.525
OVN-EV-002,2026-03-25 10:06:27.974845,11.2,409.42,34.47,43.41,78.66,Charging,Normal,-0.4874
OVN-EV-003,2026-03-25 10:06:28.014773,19.1,401.16,33.86,35.95,78.95,Charging,Normal,-0.4373
OVN-EV-001,2026-03-25 10:06:28.257424,23.8,410.18,28.62,32.79,71.53,Charging,Normal,-0.4997
OVN-EV-002,2026-03-25 10:06:30.980190,10.45,406.02,35.65,43.79,86.98,Charging,Normal,-0.5377
OVN-EV-003,2026-03-25 10:06:31.022547,23.28,414.7,32.02,31.73,38.57,Charging,Normal,-0.491
OVN-EV-001,2026-03-25 10:06:31.271452,18.51,402.69,30.78,33.13,45.39,Charging,Normal,-0.4318
OVN-EV-002,2026-03-25 10:06:34.005176,18.27,417.8,33.75,36.26,86.74,Charging,Normal,-0.4736
OVN-EV-003,2026-03-25 10:06:34.006440,17.45,408.12,31.26,37.67,29.43,Charging,Normal,-0.4397
OVN-EV-001,2026-03-25 10:06:34.275114,23.89,400.5,35.72,37.64,42.76,Charging,Normal,-0.4993
OVN-EV-002,2026-03-25 10:06:37.000516,20.48,409.56,29.78,42.02,24.23,Charging,Normal,-0.4858
OVN-EV-003,2026-03-25 10:06:37.000516,14.11,410.31,35.31,39.64,74.0,Charging,Normal,-0.4681
OVN-EV-001,2026-03-25 10:06:37.272355,15.54,403.28,34.4,34.57,50.48,Charging,Normal,-0.4406
OVN-EV-002,2026-03-25 10:06:40.018900,18.06,387.77,30.87,41.85,24.81,Charging,Normal,-0.4784
OVN-EV-003,2026-03-25 10:06:40.018900,19.23,397.08,35.94,42.54,60.55,Charging,Normal,-0.4899
OVN-EV-001,2026-03-25 10:06:40.271733,22.95,405.18,28.92,33.48,76.29,Charging,Normal,-0.477
OVN-EV-002,2026-03-25 10:06:43.023486,14.36,414.74,33.45,42.95,30.15,Charging,Normal,-0.4743
OVN-EV-003,2026-03-25 10:06:43.023486,22.79,417.01,34.77,44.64,94.31,Charging,Normal,-0.542
OVN-EV-001,2026-03-25 10:06:43.287826,19.11,398.86,29.37,39.64,68.87,Charging,Normal,-0.4373
OVN-EV-003,2026-03-25 10:06:46.021480,15.52,390.91,33.51,32.1,53.89,Charging,Normal,-0.4459
OVN-EV-002,2026-03-25 10:06:46.021480,22.3,391.29,29.19,31.95,54.47,Charging,Normal,-0.4768
OVN-EV-001,2026-03-25 10:06:46.299023,12.1,412.66,30.48,42.46,91.26,Charging,Normal,-0.4999
OVN-EV-003,2026-03-25 10:06:49.024221,11.56,408.38,30.44,44.57,88.49,Charging,Normal,-0.5041
OVN-EV-002,2026-03-25 10:06:49.024621,10.84,386.08,33.98,39.87,64.24,Charging,Normal,-0.4773
OVN-EV-001,2026-03-25 10:06:49.304344,11.53,418.64,33.43,44.24,67.21,Charging,Normal,-0.5038
OVN-EV-003,2026-03-25 10:06:52.033595,24.53,390.22,33.96,31.84,82.89,Charging,Normal,-0.5108
OVN-EV-002,2026-03-25 10:06:52.033595,15.52,416.27,35.41,40.27,50.86,Charging,Normal,-0.4747
OVN-EV-001,2026-03-25 10:06:52.308801,20.87,418.35,30.1,41.0,61.63,Charging,Normal,-0.4685
OVN-EV-003,2026-03-25 10:06:55.034497,22.23,413.0,32.62,34.18,80.09,Charging,Normal,-0.4583
OVN-EV-002,2026-03-25 10:06:55.034497,22.12,458.92,94.0,84.02,28.56,ANOMALY,ANOMALY,-0.6919
OVN-EV-001,2026-03-25 10:06:55.329127,19.63,408.12,32.17,33.8,81.99,Charging,Normal,-0.4468
OVN-EV-003,2026-03-25 10:06:58.041095,21.21,389.08,35.88,37.65,85.29,Charging,Normal,-0.4908
OVN-EV-002,2026-03-25 10:06:58.041095,24.79,387.25,35.77,44.17,64.93,Charging,Normal,-0.5432
OVN-EV-001,2026-03-25 10:06:58.328977,17.44,395.72,32.89,37.01,84.74,Charging,Normal,-0.4469
OVN-EV-003,2026-03-25 10:07:01.051310,16.27,400.79,30.45,41.36,71.16,Charging,Normal,-0.4373
OVN-EV-002,2026-03-25 10:07:01.051310,18.26,395.09,29.28,40.69,52.43,Charging,Normal,-0.4351
OVN-EV-001,2026-03-25 10:07:01.333586,10.21,417.8,29.48,40.3,52.28,Charging,Normal,-0.5105
OVN-EV-002,2026-03-25 10:07:04.060657,20.55,406.73,29.0,37.98,54.69,Charging,Normal,-0.438
OVN-EV-003,2026-03-25 10:07:04.060657,12.5,390.0,30.42,32.84,23.81,Charging,Normal,-0.506
OVN-EV-001,2026-03-25 10:07:04.331181,21.31,415.63,33.68,30.73,50.93,Charging,Normal,-0.4907
OVN-EV-002,2026-03-25 10:07:07.069947,15.98,392.3,33.86,34.1,63.96,Charging,Normal,-0.4328
OVN-EV-003,2026-03-25 10:07:07.071343,16.47,402.18,35.91,32.17,35.26,Charging,Normal,-0.492
OVN-EV-001,2026-03-25 10:07:07.354119,11.23,416.73,34.61,41.48,87.05,Charging,Normal,-0.5093
OVN-EV-002,2026-03-25 10:07:10.058125,24.26,381.88,33.86,38.1,57.36,Charging,Normal,-0.4865
OVN-EV-003,2026-03-25 10:07:10.058125,19.61,412.56,34.33,37.91,31.77,Charging,Normal,-0.4705
OVN-EV-001,2026-03-25 10:07:10.359180,14.13,418.46,35.89,32.53,20.5,Charging,Normal,-0.5508
OVN-EV-002,2026-03-25 10:07:13.072981,11.36,391.51,31.53,39.95,93.81,Charging,Normal,-0.5088
OVN-EV-003,2026-03-25 10:07:13.072981,20.99,417.32,29.14,40.44,42.52,Charging,Normal,-0.4737
OVN-EV-001,2026-03-25 10:07:13.367479,11.6,408.96,34.56,39.67,56.64,Charging,Normal,-0.4591
OVN-EV-002,2026-03-25 10:07:16.089695,18.62,408.93,33.11,34.68,64.56,Charging,Normal,-0.4362
OVN-EV-003,2026-03-25 10:07:16.089695,15.19,407.48,32.07,33.78,23.28,Charging,Normal,-0.4751
OVN-EV-001,2026-03-25 10:07:16.366071,14.52,395.64,28.84,41.04,41.54,Charging,Normal,-0.455
OVN-EV-002,2026-03-25 10:07:19.103431,20.28,419.23,30.8,43.11,52.81,Charging,Normal,-0.4729
OVN-EV-003,2026-03-25 10:07:19.103431,17.89,387.95,33.75,43.28,31.04,Charging,Normal,-0.4723
OVN-EV-001,2026-03-25 10:07:19.358743,21.71,418.06,30.92,40.56,26.84,Charging,Normal,-0.5047
OVN-EV-002,2026-03-25 10:07:22.124518,20.71,391.46,35.34,35.67,90.15,Charging,Normal,-0.5055
OVN-EV-003,2026-03-25 10:07:22.125502,11.26,404.56,30.09,31.37,41.93,Charging,Normal,-0.4939
OVN-EV-001,2026-03-25 10:07:22.374996,17.49,407.2,29.69,30.04,57.92,Charging,Normal,-0.4613
OVN-EV-003,2026-03-25 10:07:25.138989,23.29,404.9,29.26,44.77,26.31,Charging,Normal,-0.5214
OVN-EV-002,2026-03-25 10:07:25.138989,17.06,415.65,31.8,39.69,24.44,Charging,Normal,-0.4892
OVN-EV-001,2026-03-25 10:07:25.381369,23.7,401.32,33.8,30.7,64.41,Charging,Normal,-0.4822
OVN-EV-003,2026-03-25 10:07:28.159524,21.43,382.51,32.96,33.27,93.22,Charging,Normal,-0.5335
OVN-EV-002,2026-03-25 10:07:28.160744,13.63,396.17,35.21,43.52,24.07,Charging,Normal,-0.5178
OVN-EV-001,2026-03-25 10:07:28.391577,21.25,390.5,32.8,34.43,37.6,Charging,Normal,-0.4614
OVN-EV-003,2026-03-25 10:07:31.174009,10.67,393.12,35.45,31.16,49.49,Charging,Normal,-0.5194
OVN-EV-002,2026-03-25 10:07:31.174009,24.31,382.71,28.7,30.06,80.92,Charging,Normal,-0.5476
OVN-EV-001,2026-03-25 10:07:31.408459,19.07,393.91,35.79,40.39,43.7,Charging,Normal,-0.4742
OVN-EV-003,2026-03-25 10:07:34.185473,23.62,415.87,32.86,32.6,28.83,Charging,Normal,-0.5087
OVN-EV-002,2026-03-25 10:07:34.185473,11.39,387.62,29.96,39.47,55.09,Charging,Normal,-0.4748
OVN-EV-001,2026-03-25 10:07:34.409071,18.63,417.69,34.44,38.6,23.75,Charging,Normal,-0.5147
OVN-EV-003,2026-03-25 10:07:37.188468,15.75,419.59,28.11,40.74,84.86,Charging,Normal,-0.5
OVN-EV-002,2026-03-25 10:07:37.188468,12.65,409.31,33.06,43.02,54.46,Charging,Normal,-0.4476
OVN-EV-001,2026-03-25 10:07:37.414082,14.46,391.43,35.3,39.39,36.5,Charging,Normal,-0.4652
OVN-EV-003,2026-03-25 10:07:40.207970,24.93,385.94,34.98,32.5,73.36,Charging,Normal,-0.5388
OVN-EV-002,2026-03-25 10:07:40.207970,15.39,389.81,31.7,42.75,65.41,Charging,Normal,-0.4381
OVN-EV-001,2026-03-25 10:07:40.423589,14.22,396.78,35.03,43.03,22.56,Charging,Normal,-0.515
OVN-EV-003,2026-03-25 10:07:43.212234,12.13,399.37,28.01,30.58,50.4,Charging,Normal,-0.5257
OVN-EV-002,2026-03-25 10:07:43.213724,11.1,409.58,31.11,34.22,90.27,Charging,Normal,-0.5004
OVN-EV-001,2026-03-25 10:07:43.421559,13.5,387.23,31.8,36.47,67.87,Charging,Normal,-0.4403
OVN-EV-003,2026-03-25 10:07:46.216021,14.39,415.88,34.53,38.28,34.58,Charging,Normal,-0.4737
OVN-EV-002,2026-03-25 10:07:46.216021,22.4,415.48,32.4,36.92,80.67,Charging,Normal,-0.4609
OVN-EV-001,2026-03-25 10:07:46.423961,18.82,401.46,31.5,41.63,53.3,Charging,Normal,-0.4279
OVN-EV-003,2026-03-25 10:07:49.225057,16.15,413.2,33.52,35.17,27.71,Charging,Normal,-0.4795
OVN-EV-002,2026-03-25 10:07:49.225057,19.14,401.08,33.41,33.47,23.66,Charging,Normal,-0.4847
OVN-EV-001,2026-03-25 10:07:49.436701,24.33,399.14,29.58,30.22,91.79,Charging,Normal,-0.5413
OVN-EV-003,2026-03-25 10:07:52.235560,19.49,395.35,31.49,33.88,41.96,Charging,Normal,-0.4409
OVN-EV-002,2026-03-25 10:07:52.235560,21.61,381.39,33.15,44.14,90.03,Charging,Normal,-0.5278
OVN-EV-001,2026-03-25 10:07:52.439637,20.99,414.31,33.2,43.98,74.54,Charging,Normal,-0.4746
OVN-EV-003,2026-03-25 10:07:55.238204,12.36,408.77,30.58,44.24,34.0,Charging,Normal,-0.4972
OVN-EV-002,2026-03-25 10:07:55.238204,14.55,383.19,31.42,30.67,87.93,Charging,Normal,-0.501
OVN-EV-001,2026-03-25 10:07:55.455156,18.79,405.57,35.26,34.51,44.76,Charging,Normal,-0.4639
OVN-EV-003,2026-03-25 10:07:58.241471,21.46,400.8,34.58,34.04,46.9,Charging,Normal,-0.4648
OVN-EV-002,2026-03-25 10:07:58.241471,20.73,384.67,30.01,42.75,22.78,Charging,Normal,-0.5103
OVN-EV-001,2026-03-25 10:07:58.474989,23.01,386.03,32.27,42.2,85.88,Charging,Normal,-0.4771
OVN-EV-003,2026-03-25 10:08:01.251815,20.98,388.0,29.81,38.86,45.58,Charging,Normal,-0.4473
OVN-EV-002,2026-03-25 10:08:01.252522,24.95,408.77,31.59,41.7,20.97,Charging,Normal,-0.5252
OVN-EV-001,2026-03-25 10:08:01.482826,16.26,411.42,34.23,32.05,50.58,Charging,Normal,-0.4667
OVN-EV-002,2026-03-25 10:08:04.257256,14.72,419.39,31.14,33.69,30.93,Charging,Normal,-0.4889
OVN-EV-003,2026-03-25 10:08:04.258359,24.77,401.63,31.01,37.29,75.27,Charging,Normal,-0.4797
OVN-EV-001,2026-03-25 10:08:04.500169,12.84,414.23,30.99,34.59,91.38,Charging,Normal,-0.4888
OVN-EV-002,2026-03-25 10:08:07.251076,15.4,413.37,31.17,35.57,56.68,Charging,Normal,-0.4308
OVN-EV-003,2026-03-25 10:08:07.251076,10.15,417.63,28.24,30.17,79.99,Charging,Normal,-0.5695
OVN-EV-001,2026-03-25 10:08:07.502040,11.07,402.38,35.18,42.22,38.53,Charging,Normal,-0.4981
OVN-EV-002,2026-03-25 10:08:10.254157,23.55,416.01,35.18,31.63,87.79,Charging,Normal,-0.5331
OVN-EV-003,2026-03-25 10:08:10.254157,21.81,388.65,31.76,32.44,71.22,Charging,Normal,-0.4723
OVN-EV-001,2026-03-25 10:08:10.512614,24.8,415.05,33.34,43.93,77.77,Charging,Normal,-0.5234
OVN-EV-002,2026-03-25 10:08:13.258044,16.5,400.61,33.79,42.31,45.25,Charging,Normal,-0.4347
OVN-EV-003,2026-03-25 10:08:13.259739,22.01,395.15,35.61,30.9,58.74,Charging,Normal,-0.49
OVN-EV-001,2026-03-25 10:08:13.533601,24.98,406.77,28.11,34.75,76.27,Charging,Normal,-0.5051
OVN-EV-002,2026-03-25 10:08:16.279791,14.07,470.88,90.18,71.56,65.08,ANOMALY,ANOMALY,-0.6623
OVN-EV-003,2026-03-25 10:08:16.279791,10.94,488.13,94.77,78.94,23.78,ANOMALY,ANOMALY,-0.7046
OVN-EV-001,2026-03-25 10:08:16.542228,22.13,408.41,33.69,33.79,55.89,Charging,Normal,-0.4453
OVN-EV-002,2026-03-25 10:08:19.283677,12.79,394.59,35.51,40.88,81.86,Charging,Normal,-0.4756
OVN-EV-003,2026-03-25 10:08:19.283677,24.58,383.47,28.67,34.07,45.57,Charging,Normal,-0.4978
OVN-EV-001,2026-03-25 10:08:19.562133,13.95,412.54,33.58,40.46,42.82,Charging,Normal,-0.4431
OVN-EV-002,2026-03-25 10:08:22.297410,14.81,419.31,29.03,40.55,72.04,Charging,Normal,-0.4849
OVN-EV-003,2026-03-25 10:08:22.297410,12.4,418.07,32.77,35.68,70.14,Charging,Normal,-0.475
OVN-EV-001,2026-03-25 10:08:22.565177,20.41,403.88,33.01,37.67,20.63,Charging,Normal,-0.4738
OVN-EV-003,2026-03-25 10:08:25.317147,23.74,386.26,35.18,31.18,39.68,Charging,Normal,-0.5127
OVN-EV-002,2026-03-25 10:08:25.317147,17.08,397.31,29.59,33.33,33.33,Charging,Normal,-0.4618
OVN-EV-001,2026-03-25 10:08:25.568473,24.85,381.56,34.81,30.28,69.91,Charging,Normal,-0.544
OVN-EV-003,2026-03-25 10:08:28.326359,14.46,380.94,34.25,30.92,42.2,Charging,Normal,-0.5029
OVN-EV-002,2026-03-25 10:08:28.326359,22.51,388.55,30.09,36.03,52.33,Charging,Normal,-0.4481
OVN-EV-001,2026-03-25 10:08:28.569988,12.48,394.82,30.82,44.73,63.32,Charging,Normal,-0.4767
OVN-EV-003,2026-03-25 10:08:31.343114,10.44,417.97,32.88,33.17,87.8,Charging,Normal,-0.5429
OVN-EV-002,2026-03-25 10:08:31.343114,20.46,416.54,28.89,39.92,28.25,Charging,Normal,-0.4956
OVN-EV-001,2026-03-25 10:08:31.574711,13.91,389.79,31.15,38.0,38.21,Charging,Normal,-0.4466
OVN-EV-003,2026-03-25 10:08:34.344432,15.69,405.65,33.19,33.35,91.67,Charging,Normal,-0.4734
OVN-EV-002,2026-03-25 10:08:34.344432,14.54,417.31,31.42,42.82,90.17,Charging,Normal,-0.4845
OVN-EV-001,2026-03-25 10:08:34.583399,20.61,383.22,28.96,32.67,22.81,Charging,Normal,-0.5133
OVN-EV-003,2026-03-25 10:08:37.340049,19.28,415.75,32.09,38.22,48.78,Charging,Normal,-0.4572
OVN-EV-002,2026-03-25 10:08:37.340049,16.31,382.48,33.63,43.45,79.45,Charging,Normal,-0.4747
OVN-EV-001,2026-03-25 10:08:37.576534,18.73,399.38,31.3,32.22,22.39,Charging,Normal,-0.4905
OVN-EV-003,2026-03-25 10:08:40.359014,23.83,402.57,33.2,34.55,70.18,Charging,Normal,-0.4553
OVN-EV-002,2026-03-25 10:08:40.359798,13.22,398.83,35.95,33.94,46.82,Charging,Normal,-0.4866
OVN-EV-001,2026-03-25 10:08:40.586789,10.55,390.06,31.24,39.19,68.06,Charging,Normal,-0.4779
OVN-EV-003,2026-03-25 10:08:43.376647,11.6,394.93,28.82,34.02,21.37,Charging,Normal,-0.5239
OVN-EV-002,2026-03-25 10:08:43.376647,15.02,402.15,35.83,38.03,43.26,Charging,Normal,-0.457
OVN-EV-001,2026-03-25 10:08:43.589491,15.5,405.7,34.48,36.18,26.77,Charging,Normal,-0.4619
OVN-EV-002,2026-03-25 10:08:46.388504,11.12,400.45,31.64,44.22,36.09,Charging,Normal,-0.4947
OVN-EV-003,2026-03-25 10:08:46.388504,23.31,418.7,28.19,42.9,66.46,Charging,Normal,-0.5156
OVN-EV-001,2026-03-25 10:08:46.593696,24.96,397.38,32.35,43.43,35.87,Charging,Normal,-0.5048
OVN-EV-002,2026-03-25 10:08:49.391144,22.86,476.04,86.12,74.78,32.17,ANOMALY,ANOMALY,-0.6927
OVN-EV-003,2026-03-25 10:08:49.391144,16.7,410.21,30.69,31.63,45.08,Charging,Normal,-0.4634
OVN-EV-001,2026-03-25 10:08:49.605946,10.56,409.81,35.2,42.47,47.77,Charging,Normal,-0.5022
OVN-EV-002,2026-03-25 10:08:52.393528,24.64,459.06,97.43,80.75,30.63,ANOMALY,ANOMALY,-0.7216
OVN-EV-003,2026-03-25 10:08:52.393528,22.26,385.2,35.99,42.04,38.55,Charging,Normal,-0.5023
OVN-EV-001,2026-03-25 10:08:52.624756,22.61,385.31,29.43,44.57,70.93,Charging,Normal,-0.4946
OVN-EV-002,2026-03-25 10:08:55.403057,23.66,387.88,32.84,41.76,37.2,Charging,Normal,-0.4683
OVN-EV-003,2026-03-25 10:08:55.403057,17.43,382.16,29.73,32.84,37.67,Charging,Normal,-0.4657
OVN-EV-001,2026-03-25 10:08:55.636632,11.3,390.78,32.65,31.05,88.21,Charging,Normal,-0.5092
OVN-EV-002,2026-03-25 10:08:58.421868,12.78,381.03,33.28,34.72,36.4,Charging,Normal,-0.481
OVN-EV-003,2026-03-25 10:08:58.421868,11.99,389.31,30.42,40.73,65.64,Charging,Normal,-0.4584
OVN-EV-001,2026-03-25 10:08:58.643400,10.49,399.48,32.54,31.98,88.92,Charging,Normal,-0.5175
OVN-EV-002,2026-03-25 10:09:01.437115,18.15,460.68,93.83,84.1,77.03,ANOMALY,ANOMALY,-0.6759
OVN-EV-003,2026-03-25 10:09:01.437115,15.63,413.65,29.63,38.09,70.73,Charging,Normal,-0.4423
OVN-EV-001,2026-03-25 10:09:01.643677,10.54,397.27,29.07,42.89,94.02,Charging,Normal,-0.5312
OVN-EV-003,2026-03-25 10:09:04.442373,24.67,382.99,34.1,37.47,27.64,Charging,Normal,-0.5258
OVN-EV-002,2026-03-25 10:09:04.443886,20.24,415.29,32.94,33.72,53.82,Charging,Normal,-0.4506
OVN-EV-001,2026-03-25 10:09:04.653167,21.4,384.89,30.04,42.24,20.31,Charging,Normal,-0.511
OVN-EV-003,2026-03-25 10:09:07.444660,23.53,384.12,32.07,38.3,53.51,Charging,Normal,-0.4729
OVN-EV-002,2026-03-25 10:09:07.444660,15.03,417.17,28.17,30.1,91.83,Charging,Normal,-0.5615
OVN-EV-001,2026-03-25 10:09:07.670113,12.35,385.68,28.72,30.72,69.39,Charging,Normal,-0.5057
OVN-EV-003,2026-03-25 10:09:10.446032,15.1,401.18,35.8,34.86,68.33,Charging,Normal,-0.4685
OVN-EV-002,2026-03-25 10:09:10.465781,15.31,401.82,32.18,33.34,64.82,Charging,Normal,-0.4309
OVN-EV-001,2026-03-25 10:09:10.678109,14.89,380.25,35.92,40.08,79.65,Charging,Normal,-0.5196
OVN-EV-003,2026-03-25 10:09:13.489921,12.49,397.15,33.64,34.67,90.18,Charging,Normal,-0.4719
OVN-EV-002,2026-03-25 10:09:13.514721,13.07,380.79,34.9,44.16,77.22,Charging,Normal,-0.5142
OVN-EV-001,2026-03-25 10:09:13.678905,19.34,385.97,32.17,30.49,28.05,Charging,Normal,-0.5081
OVN-EV-003,2026-03-25 10:09:16.506427,17.77,404.99,32.01,31.85,52.34,Charging,Normal,-0.4328
OVN-EV-002,2026-03-25 10:09:16.506427,11.63,398.46,30.32,41.01,46.83,Charging,Normal,-0.4562
OVN-EV-001,2026-03-25 10:09:16.691628,10.34,392.33,28.11,43.1,51.66,Charging,Normal,-0.517
OVN-EV-003,2026-03-25 10:09:19.510782,10.77,390.71,31.77,44.18,85.82,Charging,Normal,-0.5033
OVN-EV-002,2026-03-25 10:09:19.511361,10.84,412.62,29.68,40.8,82.89,Charging,Normal,-0.4989
OVN-EV-001,2026-03-25 10:09:19.690231,11.3,404.44,29.24,43.64,49.79,Charging,Normal,-0.4708
OVN-EV-003,2026-03-25 10:09:22.535126,21.55,401.29,30.35,36.33,52.92,Charging,Normal,-0.4329
OVN-EV-002,2026-03-25 10:09:22.535126,12.81,414.82,30.13,37.24,47.07,Charging,Normal,-0.4532
OVN-EV-001,2026-03-25 10:09:22.701820,11.12,414.29,35.3,30.15,89.59,Charging,Normal,-0.5666
OVN-EV-002,2026-03-25 10:09:25.550009,16.66,413.47,33.51,32.64,27.5,Charging,Normal,-0.4831
OVN-EV-003,2026-03-25 10:09:25.550009,17.4,402.84,32.66,41.69,91.49,Charging,Normal,-0.4637
OVN-EV-001,2026-03-25 10:09:25.716041,11.89,418.5,31.24,31.09,71.92,Charging,Normal,-0.5098
OVN-EV-002,2026-03-25 10:09:28.556739,18.67,409.44,34.16,34.04,58.72,Charging,Normal,-0.44
OVN-EV-003,2026-03-25 10:09:28.557263,14.14,419.95,31.93,42.93,94.09,Charging,Normal,-0.5175
OVN-EV-001,2026-03-25 10:09:28.721235,17.63,401.56,28.02,42.55,26.45,Charging,Normal,-0.5004
OVN-EV-002,2026-03-25 10:09:31.578047,24.43,407.67,35.41,31.27,41.55,Charging,Normal,-0.5252
OVN-EV-003,2026-03-25 10:09:31.578047,18.01,409.12,34.23,41.8,48.06,Charging,Normal,-0.4415
OVN-EV-001,2026-03-25 10:09:31.729128,13.58,417.65,28.8,36.39,64.41,Charging,Normal,-0.4699
OVN-EV-002,2026-03-25 10:09:34.578814,19.25,383.78,33.79,35.76,36.03,Charging,Normal,-0.456
OVN-EV-003,2026-03-25 10:09:34.578814,20.95,398.52,31.23,42.13,37.08,Charging,Normal,-0.4541
OVN-EV-001,2026-03-25 10:09:34.738740,18.68,390.61,35.52,35.01,78.19,Charging,Normal,-0.4796
OVN-EV-002,2026-03-25 10:09:37.592091,21.42,412.95,28.28,43.08,70.0,Charging,Normal,-0.4782
OVN-EV-003,2026-03-25 10:09:37.592091,14.88,405.22,33.37,44.28,75.94,Charging,Normal,-0.4549
OVN-EV-001,2026-03-25 10:09:37.736089,10.52,385.9,34.63,31.25,27.47,Charging,Normal,-0.5476
OVN-EV-002,2026-03-25 10:09:40.600345,20.32,388.11,29.14,30.25,79.3,Charging,Normal,-0.513
OVN-EV-003,2026-03-25 10:09:40.600345,22.97,415.35,30.04,38.05,88.75,Charging,Normal,-0.486
OVN-EV-001,2026-03-25 10:09:40.751915,24.81,410.54,28.35,33.01,80.1,Charging,Normal,-0.5273
OVN-EV-002,2026-03-25 10:09:43.605876,22.32,414.17,31.69,37.52,50.9,Charging,Normal,-0.4575
OVN-EV-003,2026-03-25 10:09:43.605876,16.37,386.88,29.78,36.52,87.89,Charging,Normal,-0.4649
OVN-EV-001,2026-03-25 10:09:43.761440,23.88,411.37,32.98,33.94,63.36,Charging,Normal,-0.4711
OVN-EV-003,2026-03-25 10:09:46.611208,10.5,485.09,80.47,80.57,50.26,ANOMALY,ANOMALY,-0.6941
OVN-EV-002,2026-03-25 10:09:46.611208,13.6,402.72,31.8,32.55,35.43,Charging,Normal,-0.4541
OVN-EV-001,2026-03-25 10:09:46.773248,15.76,398.85,32.31,37.79,39.51,Charging,Normal,-0.4295
OVN-EV-003,2026-03-25 10:09:49.627199,12.85,397.7,31.98,42.54,51.46,Charging,Normal,-0.4367
OVN-EV-002,2026-03-25 10:09:49.628230,18.92,391.38,35.4,43.09,72.62,Charging,Normal,-0.4766
OVN-EV-001,2026-03-25 10:09:49.776422,11.06,419.52,30.94,34.59,64.38,Charging,Normal,-0.4943
OVN-EV-003,2026-03-25 10:09:52.622996,21.4,389.9,29.24,30.43,41.17,Charging,Normal,-0.4935
OVN-EV-002,2026-03-25 10:09:52.622996,15.67,391.06,34.88,30.7,46.03,Charging,Normal,-0.4858
OVN-EV-001,2026-03-25 10:09:52.779877,17.6,380.69,32.55,35.52,69.4,Charging,Normal,-0.4667
OVN-EV-003,2026-03-25 10:09:55.626402,18.9,419.6,31.72,35.19,89.01,Charging,Normal,-0.4917
OVN-EV-002,2026-03-25 10:09:55.626402,16.95,415.48,28.1,30.33,66.02,Charging,Normal,-0.5177
OVN-EV-001,2026-03-25 10:09:55.786360,17.73,389.71,28.39,32.3,91.85,Charging,Normal,-0.5057
OVN-EV-003,2026-03-25 10:09:58.644105,23.81,461.87,97.82,71.38,86.39,ANOMALY,ANOMALY,-0.706
OVN-EV-002,2026-03-25 10:09:58.644694,22.57,414.7,31.77,38.71,79.36,Charging,Normal,-0.4573
OVN-EV-001,2026-03-25 10:09:58.792246,12.52,418.27,34.76,37.66,93.2,Charging,Normal,-0.511
OVN-EV-003,2026-03-25 10:10:01.639500,24.3,479.71,96.34,70.53,42.34,ANOMALY,ANOMALY,-0.6932
OVN-EV-002,2026-03-25 10:10:01.639500,11.79,389.67,34.03,35.9,26.05,Charging,Normal,-0.4908
OVN-EV-001,2026-03-25 10:10:01.809354,17.05,384.18,28.66,43.7,62.71,Charging,Normal,-0.4661
OVN-EV-002,2026-03-25 10:10:04.647412,23.5,392.46,28.16,36.01,40.42,Charging,Normal,-0.4812
OVN-EV-003,2026-03-25 10:10:04.647412,22.49,389.52,35.62,32.47,57.1,Charging,Normal,-0.489
OVN-EV-001,2026-03-25 10:10:04.831499,11.52,416.35,32.52,33.66,20.9,Charging,Normal,-0.5246
OVN-EV-002,2026-03-25 10:10:07.648059,18.33,392.21,32.24,38.77,94.49,Charging,Normal,-0.4725
OVN-EV-003,2026-03-25 10:10:07.648568,13.97,417.02,29.98,31.8,61.28,Charging,Normal,-0.4727
OVN-EV-001,2026-03-25 10:10:07.828327,16.61,397.72,31.66,39.17,58.48,Charging,Normal,-0.424
OVN-EV-002,2026-03-25 10:10:10.655249,11.95,397.03,34.89,37.04,75.78,Charging,Normal,-0.4685
OVN-EV-003,2026-03-25 10:10:10.656608,19.93,384.91,35.79,41.63,75.38,Charging,Normal,-0.4834
OVN-EV-001,2026-03-25 10:10:10.848160,17.45,416.29,31.46,41.86,64.88,Charging,Normal,-0.4552
OVN-EV-002,2026-03-25 10:10:13.662692,14.59,408.01,32.68,34.9,73.46,Charging,Normal,-0.4342
OVN-EV-003,2026-03-25 10:10:13.662692,17.19,384.68,29.95,33.44,66.83,Charging,Normal,-0.453
OVN-EV-001,2026-03-25 10:10:13.856098,24.04,399.08,28.68,31.95,50.0,Charging,Normal,-0.5011
OVN-EV-002,2026-03-25 10:10:16.655638,15.86,413.11,33.6,34.18,22.27,Charging,Normal,-0.4724
OVN-EV-003,2026-03-25 10:10:16.655638,12.23,397.43,33.66,37.8,65.25,Charging,Normal,-0.4299
OVN-EV-001,2026-03-25 10:10:16.863404,15.43,408.42,30.68,33.45,50.46,Charging,Normal,-0.4302
OVN-EV-002,2026-03-25 10:10:19.659031,17.72,392.13,30.85,31.32,27.09,Charging,Normal,-0.4771
OVN-EV-003,2026-03-25 10:10:19.659031,10.86,418.27,31.02,42.03,26.63,Charging,Normal,-0.5342
OVN-EV-001,2026-03-25 10:10:19.877063,21.26,480.88,86.51,78.61,65.05,ANOMALY,Normal,-0.6521
OVN-EV-002,2026-03-25 10:10:22.674448,24.44,392.32,30.26,31.98,76.85,Charging,Normal,-0.4968
OVN-EV-003,2026-03-25 10:10:22.674448,11.77,392.55,31.64,43.86,46.63,Charging,Normal,-0.4685
OVN-EV-001,2026-03-25 10:10:22.879178,13.84,380.31,29.69,35.75,72.89,Charging,Normal,-0.474
OVN-EV-003,2026-03-25 10:10:25.678210,12.92,388.83,29.13,44.71,85.77,Charging,Normal,-0.4938
OVN-EV-002,2026-03-25 10:10:25.679293,22.79,413.66,33.63,40.68,44.6,Charging,Normal,-0.4588
OVN-EV-001,2026-03-25 10:10:25.885240,19.19,408.56,32.74,31.46,83.65,Charging,Normal,-0.4688
OVN-EV-003,2026-03-25 10:10:28.686473,10.27,417.12,33.78,31.15,62.63,Charging,Normal,-0.5195
OVN-EV-002,2026-03-25 10:10:28.686473,20.1,393.76,28.2,40.96,72.42,Charging,Normal,-0.4593
OVN-EV-001,2026-03-25 10:10:28.901879,11.34,387.4,32.27,39.12,77.36,Charging,Normal,-0.4687
OVN-EV-003,2026-03-25 10:10:31.692695,11.56,386.28,29.88,33.08,39.92,Charging,Normal,-0.4848
OVN-EV-002,2026-03-25 10:10:31.692695,23.6,389.67,30.76,34.3,69.37,Charging,Normal,-0.4635
OVN-EV-001,2026-03-25 10:10:31.916164,13.66,391.17,33.28,31.48,91.89,Charging,Normal,-0.486
OVN-EV-003,2026-03-25 10:10:34.682999,17.71,386.24,35.62,34.6,50.46,Charging,Normal,-0.4727
OVN-EV-002,2026-03-25 10:10:34.684295,14.97,409.36,29.05,41.2,83.42,Charging,Normal,-0.458
OVN-EV-001,2026-03-25 10:10:34.926549,19.44,389.69,32.24,33.11,24.27,Charging,Normal,-0.4723
OVN-EV-003,2026-03-25 10:10:37.696136,15.45,410.74,35.74,38.26,35.21,Charging,Normal,-0.4746
OVN-EV-002,2026-03-25 10:10:37.697526,20.91,408.66,31.14,37.72,50.95,Charging,Normal,-0.4291
OVN-EV-001,2026-03-25 10:10:37.922643,17.95,414.98,28.51,36.94,30.6,Charging,Normal,-0.481
OVN-EV-003,2026-03-25 10:10:40.705253,19.63,400.99,31.03,44.05,36.36,Charging,Normal,-0.441
OVN-EV-002,2026-03-25 10:10:40.706553,22.7,402.66,35.64,33.85,79.76,Charging,Normal,-0.492
OVN-EV-001,2026-03-25 10:10:40.929888,15.82,385.52,34.43,37.72,32.35,Charging,Normal,-0.4744
OVN-EV-003,2026-03-25 10:10:43.711603,17.2,391.16,28.07,34.8,68.65,Charging,Normal,-0.4669
OVN-EV-002,2026-03-25 10:10:43.711603,14.24,396.25,31.11,40.16,39.63,Charging,Normal,-0.4354
OVN-EV-001,2026-03-25 10:10:43.930576,24.93,484.12,87.45,71.0,57.47,ANOMALY,ANOMALY,-0.6846
OVN-EV-003,2026-03-25 10:10:46.718795,13.41,406.82,29.88,39.5,20.64,Charging,Normal,-0.4968
OVN-EV-002,2026-03-25 10:10:46.718795,15.16,416.68,28.91,44.85,65.44,Charging,Normal,-0.4828
OVN-EV-001,2026-03-25 10:10:46.929190,11.63,413.52,33.23,39.56,39.52,Charging,Normal,-0.4714
OVN-EV-003,2026-03-25 10:10:49.738816,24.92,399.86,28.32,36.27,90.87,Charging,Normal,-0.5274
OVN-EV-002,2026-03-25 10:10:49.738816,10.24,407.37,29.56,35.39,21.84,Charging,Normal,-0.5469
OVN-EV-001,2026-03-25 10:10:49.931118,20.09,418.02,34.17,33.54,83.2,Charging,Normal,-0.4804
OVN-EV-003,2026-03-25 10:10:52.743428,12.43,397.28,31.13,30.01,27.71,Charging,Normal,-0.5023
OVN-EV-002,2026-03-25 10:10:52.743428,11.51,411.47,32.33,30.26,59.19,Charging,Normal,-0.4896
OVN-EV-001,2026-03-25 10:10:52.943716,18.65,419.19,30.62,40.34,51.21,Charging,Normal,-0.4615
OVN-EV-003,2026-03-25 10:10:55.756711,10.29,382.81,30.05,36.02,73.97,Charging,Normal,-0.514
OVN-EV-002,2026-03-25 10:10:55.756711,23.34,412.1,29.18,32.22,90.33,Charging,Normal,-0.5166
OVN-EV-001,2026-03-25 10:10:55.948493,12.51,407.03,30.08,44.98,61.93,Charging,Normal,-0.4816
OVN-EV-003,2026-03-25 10:10:58.751964,10.39,399.8,33.43,34.72,88.61,Charging,Normal,-0.4994
OVN-EV-002,2026-03-25 10:10:58.751964,18.81,416.21,32.28,37.37,92.23,Charging,Normal,-0.4745
OVN-EV-001,2026-03-25 10:10:58.959639,15.13,414.45,34.57,42.22,44.99,Charging,Normal,-0.4589
OVN-EV-003,2026-03-25 10:11:01.766888,21.72,394.71,34.12,32.07,77.27,Charging,Normal,-0.477
OVN-EV-002,2026-03-25 10:11:01.768906,13.93,396.5,32.78,33.91,80.54,Charging,Normal,-0.4399
OVN-EV-001,2026-03-25 10:11:01.969171,21.09,412.22,28.88,33.5,28.78,Charging,Normal,-0.5026
OVN-EV-002,2026-03-25 10:11:04.770400,11.19,405.8,35.82,34.89,57.04,Charging,Normal,-0.494
OVN-EV-003,2026-03-25 10:11:04.771698,21.19,417.88,33.9,39.8,33.8,Charging,Normal,-0.473
OVN-EV-001,2026-03-25 10:11:04.978197,17.79,405.64,34.35,40.11,79.53,Charging,Normal,-0.4415
OVN-EV-002,2026-03-25 10:11:07.789665,10.73,418.44,34.86,33.33,20.0,Charging,Normal,-0.5516
OVN-EV-003,2026-03-25 10:11:07.791107,21.65,381.13,30.15,37.72,43.17,Charging,Normal,-0.4686
OVN-EV-001,2026-03-25 10:11:07.976591,10.19,390.45,28.96,44.05,30.16,Charging,Normal,-0.5514
OVN-EV-002,2026-03-25 10:11:10.815182,22.09,411.29,28.97,36.35,33.08,Charging,Normal,-0.472
OVN-EV-003,2026-03-25 10:11:10.815182,13.29,413.06,33.07,39.61,69.07,Charging,Normal,-0.4411
OVN-EV-001,2026-03-25 10:11:10.984434,22.14,417.12,34.5,33.23,29.36,Charging,Normal,-0.4938
OVN-EV-002,2026-03-25 10:11:13.821564,18.96,404.36,30.96,40.37,69.06,Charging,Normal,-0.4282
OVN-EV-003,2026-03-25 10:11:13.821564,17.37,392.31,31.82,37.13,74.02,Charging,Normal,-0.4286
OVN-EV-001,2026-03-25 10:11:14.004977,10.13,399.36,33.64,40.09,83.3,Charging,Normal,-0.5035
OVN-EV-002,2026-03-25 10:11:16.819395,21.74,380.62,32.05,30.52,50.79,Charging,Normal,-0.4914
OVN-EV-003,2026-03-25 10:11:16.819395,19.63,392.13,33.62,35.97,63.92,Charging,Normal,-0.4295
OVN-EV-001,2026-03-25 10:11:17.015724,21.3,386.4,31.46,30.99,77.01,Charging,Normal,-0.4863
OVN-EV-002,2026-03-25 10:11:19.816252,18.78,413.7,31.72,39.52,56.53,Charging,Normal,-0.4352
OVN-EV-003,2026-03-25 10:11:19.817935,13.19,394.05,34.32,40.54,37.94,Charging,Normal,-0.4523
OVN-EV-001,2026-03-25 10:11:20.032387,14.19,415.58,35.87,42.67,74.47,Charging,Normal,-0.5063
OVN-EV-002,2026-03-25 10:11:22.821611,16.76,405.92,34.71,33.94,72.58,Charging,Normal,-0.4532
OVN-EV-003,2026-03-25 10:11:22.821611,15.76,408.5,29.6,43.94,75.45,Charging,Normal,-0.4592
OVN-EV-001,2026-03-25 10:11:23.052057,12.89,380.48,29.46,37.72,28.01,Charging,Normal,-0.5021
OVN-EV-002,2026-03-25 10:11:25.809016,10.16,380.12,31.6,37.43,72.4,Charging,Normal,-0.5139
OVN-EV-003,2026-03-25 10:11:25.809016,19.87,382.07,32.28,31.41,60.4,Charging,Normal,-0.4695
OVN-EV-001,2026-03-25 10:11:26.063190,12.27,389.73,33.98,33.16,72.44,Charging,Normal,-0.4737
OVN-EV-002,2026-03-25 10:11:28.819502,20.9,393.83,29.05,31.0,88.84,Charging,Normal,-0.4947
OVN-EV-003,2026-03-25 10:11:28.819502,21.22,393.54,33.83,33.09,58.0,Charging,Normal,-0.4467
OVN-EV-001,2026-03-25 10:11:29.069957,17.88,399.13,35.74,36.43,88.35,Charging,Normal,-0.4851
OVN-EV-002,2026-03-25 10:11:31.833518,19.12,402.43,29.58,31.45,43.47,Charging,Normal,-0.4483
OVN-EV-003,2026-03-25 10:11:31.833518,20.65,404.74,29.95,34.97,58.94,Charging,Normal,-0.4344
OVN-EV-001,2026-03-25 10:11:32.080427,14.43,468.83,96.2,71.96,63.84,ANOMALY,ANOMALY,-0.6721
OVN-EV-002,2026-03-25 10:11:34.833617,14.9,418.39,32.03,32.59,25.3,Charging,Normal,-0.4934
OVN-EV-003,2026-03-25 10:11:34.833617,14.81,469.54,99.68,86.0,81.77,ANOMALY,ANOMALY,-0.6859
OVN-EV-001,2026-03-25 10:11:35.091963,14.1,415.58,28.71,31.48,27.18,Charging,Normal,-0.5143
OVN-EV-002,2026-03-25 10:11:37.845900,12.9,404.55,31.12,30.08,23.33,Charging,Normal,-0.5004
OVN-EV-003,2026-03-25 10:11:37.846767,14.43,401.55,35.4,34.95,56.9,Charging,Normal,-0.4603
OVN-EV-001,2026-03-25 10:11:38.106820,22.38,392.44,28.54,37.1,71.53,Charging,Normal,-0.469
OVN-EV-002,2026-03-25 10:11:40.853355,11.35,388.3,31.36,30.63,28.26,Charging,Normal,-0.5293
OVN-EV-003,2026-03-25 10:11:40.853355,16.0,408.08,32.86,41.76,46.57,Charging,Normal,-0.4293
OVN-EV-001,2026-03-25 10:11:41.109824,18.62,407.94,28.76,38.35,80.41,Charging,Normal,-0.4458
OVN-EV-002,2026-03-25 10:11:43.876879,16.07,382.42,34.98,36.32,37.36,Charging,Normal,-0.4736
OVN-EV-003,2026-03-25 10:11:43.876879,21.15,393.34,29.09,31.35,60.13,Charging,Normal,-0.4684
OVN-EV-001,2026-03-25 10:11:44.108739,20.79,389.17,28.99,41.8,70.25,Charging,Normal,-0.4562
OVN-EV-003,2026-03-25 10:11:46.881321,14.21,415.83,29.87,42.76,91.43,Charging,Normal,-0.5015
OVN-EV-002,2026-03-25 10:11:46.881832,16.63,383.13,33.37,44.48,55.37,Charging,Normal,-0.4805
OVN-EV-001,2026-03-25 10:11:47.128262,18.49,410.1,33.65,40.45,52.7,Charging,Normal,-0.4273
OVN-EV-003,2026-03-25 10:11:49.892375,10.41,411.76,32.04,38.59,37.02,Charging,Normal,-0.4963
OVN-EV-002,2026-03-25 10:11:49.892375,24.95,397.26,35.96,39.28,32.75,Charging,Normal,-0.5299
OVN-EV-001,2026-03-25 10:11:50.128162,13.41,405.21,30.16,35.37,42.57,Charging,Normal,-0.4392
OVN-EV-003,2026-03-25 10:11:52.905600,22.78,402.24,29.81,43.19,47.41,Charging,Normal,-0.4566
OVN-EV-002,2026-03-25 10:11:52.905600,15.37,418.24,31.01,39.41,72.14,Charging,Normal,-0.4596
OVN-EV-001,2026-03-25 10:11:53.141127,16.24,410.23,31.59,42.28,61.82,Charging,Normal,-0.4386
OVN-EV-003,2026-03-25 10:11:55.909398,14.46,390.23,30.27,38.87,79.74,Charging,Normal,-0.435
OVN-EV-002,2026-03-25 10:11:55.909398,22.93,419.11,31.05,37.84,68.47,Charging,Normal,-0.4718
OVN-EV-001,2026-03-25 10:11:56.156590,23.46,380.08,35.13,33.62,22.72,Charging,Normal,-0.5459
OVN-EV-003,2026-03-25 10:11:58.905567,14.25,416.84,33.9,38.45,94.44,Charging,Normal,-0.5023
OVN-EV-002,2026-03-25 10:11:58.905567,14.31,412.61,29.36,34.42,77.77,Charging,Normal,-0.4599
OVN-EV-001,2026-03-25 10:11:59.156429,16.09,468.77,85.54,88.9,57.25,ANOMALY,ANOMALY,-0.6692
OVN-EV-003,2026-03-25 10:12:01.917572,22.14,398.23,34.83,42.4,93.91,Charging,Normal,-0.5071
OVN-EV-002,2026-03-25 10:12:01.917572,17.75,385.61,32.1,44.83,32.41,Charging,Normal,-0.4839
OVN-EV-001,2026-03-25 10:12:02.154240,24.22,406.26,33.54,41.25,71.61,Charging,Normal,-0.4745
OVN-EV-002,2026-03-25 10:12:04.928226,14.97,495.08,97.53,84.58,39.86,ANOMALY,ANOMALY,-0.6987
OVN-EV-003,2026-03-25 10:12:04.928226,10.65,418.65,30.51,33.24,31.49,Charging,Normal,-0.5164
OVN-EV-001,2026-03-25 10:12:05.178139,10.48,417.38,32.49,34.02,49.8,Charging,Normal,-0.5051
OVN-EV-002,2026-03-25 10:12:07.930216,17.92,397.56,32.81,39.08,63.87,Charging,Normal,-0.4221
OVN-EV-003,2026-03-25 10:12:07.930623,20.63,383.02,35.18,32.09,44.55,Charging,Normal,-0.4916
OVN-EV-001,2026-03-25 10:12:08.180508,11.99,386.71,32.41,32.53,38.92,Charging,Normal,-0.4772
OVN-EV-002,2026-03-25 10:12:10.919725,18.33,413.63,31.71,41.31,74.11,Charging,Normal,-0.4403
OVN-EV-003,2026-03-25 10:12:10.921317,22.93,399.65,31.13,44.11,53.53,Charging,Normal,-0.4708
OVN-EV-001,2026-03-25 10:12:11.172334,13.0,411.52,33.95,30.24,70.97,Charging,Normal,-0.4888
OVN-EV-002,2026-03-25 10:12:13.923350,23.16,411.83,28.16,34.13,62.21,Charging,Normal,-0.4838
OVN-EV-003,2026-03-25 10:12:13.923350,18.68,412.37,34.68,30.42,76.63,Charging,Normal,-0.4841
OVN-EV-001,2026-03-25 10:12:14.177521,15.28,385.32,33.81,38.73,50.73,Charging,Normal,-0.4387
OVN-EV-002,2026-03-25 10:12:16.939771,14.96,413.85,31.83,34.37,69.06,Charging,Normal,-0.4387
OVN-EV-003,2026-03-25 10:12:16.942288,10.74,386.79,34.53,41.48,34.76,Charging,Normal,-0.5059
OVN-EV-001,2026-03-25 10:12:17.180386,20.29,414.54,31.71,36.44,23.96,Charging,Normal,-0.4787
OVN-EV-002,2026-03-25 10:12:19.960570,19.9,401.61,28.62,31.23,55.8,Charging,Normal,-0.4686
OVN-EV-003,2026-03-25 10:12:19.960570,17.58,395.83,30.57,44.26,81.87,Charging,Normal,-0.4643
OVN-EV-001,2026-03-25 10:12:20.199289,21.63,401.18,33.49,34.29,58.25,Charging,Normal,-0.4426
OVN-EV-002,2026-03-25 10:12:22.957501,13.92,411.83,31.02,41.72,44.75,Charging,Normal,-0.441
OVN-EV-003,2026-03-25 10:12:22.957501,17.43,410.11,33.76,39.39,70.44,Charging,Normal,-0.4333
OVN-EV-001,2026-03-25 10:12:23.215023,10.37,396.17,28.92,39.52,58.33,Charging,Normal,-0.4913
OVN-EV-003,2026-03-25 10:12:25.954968,23.81,393.63,32.73,33.89,46.22,Charging,Normal,-0.466
OVN-EV-002,2026-03-25 10:12:25.954968,18.74,404.5,34.68,41.69,59.9,Charging,Normal,-0.4374
OVN-EV-001,2026-03-25 10:12:26.225151,16.09,380.46,35.31,33.88,63.56,Charging,Normal,-0.4904
OVN-EV-003,2026-03-25 10:12:28.962892,18.23,409.63,35.38,30.41,26.7,Charging,Normal,-0.52
OVN-EV-002,2026-03-25 10:12:28.962892,16.21,415.81,34.73,37.13,93.97,Charging,Normal,-0.4935
OVN-EV-001,2026-03-25 10:12:29.213128,14.96,407.51,30.84,37.34,71.28,Charging,Normal,-0.4276
OVN-EV-003,2026-03-25 10:12:31.970092,15.78,380.74,28.38,33.11,32.84,Charging,Normal,-0.4876
OVN-EV-002,2026-03-25 10:12:31.970092,15.67,384.67,30.89,43.47,56.97,Charging,Normal,-0.4466
OVN-EV-001,2026-03-25 10:12:32.226588,19.83,388.13,32.77,33.57,66.65,Charging,Normal,-0.4361
OVN-EV-003,2026-03-25 10:12:34.988249,15.85,486.49,90.49,89.42,25.03,ANOMALY,ANOMALY,-0.6859
OVN-EV-002,2026-03-25 10:12:34.988249,24.58,397.22,28.59,40.9,42.9,Charging,Normal,-0.49
OVN-EV-001,2026-03-25 10:12:35.239085,20.66,412.06,32.58,44.63,76.04,Charging,Normal,-0.4747
OVN-EV-003,2026-03-25 10:12:37.987929,17.46,401.38,35.08,43.38,20.34,Charging,Normal,-0.5132
OVN-EV-002,2026-03-25 10:12:37.987929,12.18,416.59,35.07,43.46,85.25,Charging,Normal,-0.5114
OVN-EV-001,2026-03-25 10:12:38.255796,10.12,413.89,32.66,35.91,50.88,Charging,Normal,-0.4973
OVN-EV-003,2026-03-25 10:12:41.003327,19.56,403.37,28.48,32.07,48.95,Charging,Normal,-0.4642
OVN-EV-002,2026-03-25 10:12:41.004685,23.55,384.81,32.91,41.1,59.83,Charging,Normal,-0.4744
OVN-EV-001,2026-03-25 10:12:41.262097,14.64,388.08,30.23,32.13,20.69,Charging,Normal,-0.4964
OVN-EV-003,2026-03-25 10:12:43.997994,11.63,416.9,32.5,36.47,51.12,Charging,Normal,-0.4818
OVN-EV-002,2026-03-25 10:12:43.997994,15.28,407.53,32.55,38.54,27.09,Charging,Normal,-0.4527
OVN-EV-001,2026-03-25 10:12:44.271853,15.18,394.52,28.62,42.62,90.86,Charging,Normal,-0.503
OVN-EV-003,2026-03-25 10:12:47.012534,19.64,415.8,29.75,35.75,45.06,Charging,Normal,-0.4655
OVN-EV-002,2026-03-25 10:12:47.012534,22.12,402.64,34.21,36.94,88.06,Charging,Normal,-0.4508
OVN-EV-001,2026-03-25 10:12:47.271845,19.76,410.11,32.5,42.37,78.6,Charging,Normal,-0.4444
OVN-EV-003,2026-03-25 10:12:50.029895,22.79,416.81,32.12,42.73,65.89,Charging,Normal,-0.4748
OVN-EV-002,2026-03-25 10:12:50.029895,24.91,383.0,34.17,35.42,89.36,Charging,Normal,-0.5413
OVN-EV-001,2026-03-25 10:12:50.265060,16.51,382.49,32.51,33.4,91.02,Charging,Normal,-0.496
OVN-EV-003,2026-03-25 10:12:53.043532,23.79,393.78,30.19,41.66,67.77,Charging,Normal,-0.4682
OVN-EV-002,2026-03-25 10:12:53.043532,23.28,394.9,28.55,43.57,86.76,Charging,Normal,-0.5106
OVN-EV-001,2026-03-25 10:12:53.264639,11.47,396.09,32.6,34.21,80.58,Charging,Normal,-0.4848
OVN-EV-003,2026-03-25 10:12:56.051930,12.28,417.95,29.06,43.83,92.56,Charging,Normal,-0.5356
OVN-EV-002,2026-03-25 10:12:56.051930,23.42,416.8,31.77,33.17,32.56,Charging,Normal,-0.4943
OVN-EV-001,2026-03-25 10:12:56.281349,10.25,388.96,35.75,43.91,35.51,Charging,Normal,-0.5425
OVN-EV-003,2026-03-25 10:12:59.059917,12.28,407.53,29.02,36.17,57.36,Charging,Normal,-0.4644
OVN-EV-002,2026-03-25 10:12:59.059917,12.56,417.31,30.32,40.33,31.05,Charging,Normal,-0.4929
OVN-EV-001,2026-03-25 10:12:59.286640,20.76,396.52,32.31,37.93,66.24,Charging,Normal,-0.4261
OVN-EV-003,2026-03-25 10:13:02.073252,17.63,393.49,32.63,36.61,71.59,Charging,Normal,-0.4174
OVN-EV-002,2026-03-25 10:13:02.073252,11.75,413.44,34.63,43.79,71.25,Charging,Normal,-0.4947
OVN-EV-001,2026-03-25 10:13:02.280832,12.26,400.21,29.07,45.0,67.86,Charging,Normal,-0.4943
OVN-EV-002,2026-03-25 10:13:05.096349,24.01,403.94,31.13,43.81,63.44,Charging,Normal,-0.4678
OVN-EV-003,2026-03-25 10:13:05.096349,20.62,409.86,35.21,43.19,78.0,Charging,Normal,-0.4676
OVN-EV-001,2026-03-25 10:13:05.296510,24.16,381.96,35.1,44.68,56.99,Charging,Normal,-0.5391
OVN-EV-002,2026-03-25 10:13:08.096700,19.69,411.28,30.32,39.92,55.47,Charging,Normal,-0.4354
OVN-EV-003,2026-03-25 10:13:08.096700,18.24,394.11,32.82,33.51,23.12,Charging,Normal,-0.4816
OVN-EV-001,2026-03-25 10:13:08.310139,19.2,394.34,35.8,38.88,93.03,Charging,Normal,-0.5053
OVN-EV-002,2026-03-25 10:13:11.096254,24.19,397.24,32.26,41.5,34.22,Charging,Normal,-0.4872
OVN-EV-003,2026-03-25 10:13:11.097994,20.44,393.31,34.9,31.87,53.24,Charging,Normal,-0.477
OVN-EV-001,2026-03-25 10:13:11.324296,17.64,390.34,33.63,38.42,70.73,Charging,Normal,-0.4268
OVN-EV-002,2026-03-25 10:13:14.096235,20.94,416.41,31.83,30.45,92.71,Charging,Normal,-0.5206
OVN-EV-003,2026-03-25 10:13:14.096235,18.41,380.68,34.78,42.01,83.36,Charging,Normal,-0.4943
OVN-EV-001,2026-03-25 10:13:14.332471,12.45,391.15,33.71,41.08,86.11,Charging,Normal,-0.4661
OVN-EV-002,2026-03-25 10:13:17.103652,22.91,385.77,35.58,44.59,37.94,Charging,Normal,-0.5208
OVN-EV-003,2026-03-25 10:13:17.105313,13.6,396.77,28.83,38.36,90.01,Charging,Normal,-0.4803
OVN-EV-001,2026-03-25 10:13:17.338123,11.69,392.14,30.37,32.75,91.02,Charging,Normal,-0.498
OVN-EV-002,2026-03-25 10:13:20.115534,17.6,387.35,30.91,43.94,85.68,Charging,Normal,-0.4575
OVN-EV-003,2026-03-25 10:13:20.115534,14.19,384.4,32.13,43.9,24.78,Charging,Normal,-0.502
OVN-EV-001,2026-03-25 10:13:20.361506,21.85,419.26,32.3,39.9,33.89,Charging,Normal,-0.4835
OVN-EV-002,2026-03-25 10:13:23.114447,17.98,391.9,35.87,44.3,43.07,Charging,Normal,-0.4952
OVN-EV-003,2026-03-25 10:13:23.114447,24.22,413.69,33.98,41.4,71.97,Charging,Normal,-0.4828
OVN-EV-001,2026-03-25 10:13:23.377312,18.1,407.56,32.21,44.63,92.22,Charging,Normal,-0.4826
OVN-EV-003,2026-03-25 10:13:26.127642,11.4,390.69,28.51,37.98,24.65,Charging,Normal,-0.5153
OVN-EV-002,2026-03-25 10:13:26.128978,11.07,404.01,29.02,43.76,40.69,Charging,Normal,-0.4942
OVN-EV-001,2026-03-25 10:13:26.380718,10.9,399.6,32.62,42.33,27.19,Charging,Normal,-0.5114
OVN-EV-003,2026-03-25 10:13:29.143736,13.62,382.4,29.35,43.31,33.63,Charging,Normal,-0.5056
OVN-EV-002,2026-03-25 10:13:29.143736,24.35,418.5,28.32,33.5,29.7,Charging,Normal,-0.5492
OVN-EV-001,2026-03-25 10:13:29.390374,16.36,410.24,34.66,40.14,75.28,Charging,Normal,-0.44
OVN-EV-003,2026-03-25 10:13:32.144837,18.31,385.22,32.53,35.52,31.88,Charging,Normal,-0.456
OVN-EV-002,2026-03-25 10:13:32.144837,11.46,394.65,31.83,34.85,65.04,Charging,Normal,-0.45
OVN-EV-001,2026-03-25 10:13:32.402289,24.63,384.2,28.93,40.26,41.16,Charging,Normal,-0.5089
OVN-EV-003,2026-03-25 10:13:35.139498,12.23,401.51,30.54,42.27,61.33,Charging,Normal,-0.456
OVN-EV-002,2026-03-25 10:13:35.141508,22.95,414.26,33.39,36.8,84.53,Charging,Normal,-0.472
OVN-EV-001,2026-03-25 10:13:35.409282,23.21,478.71,96.16,88.8,45.07,ANOMALY,ANOMALY,-0.702
OVN-EV-003,2026-03-25 10:13:38.144853,16.12,418.3,35.38,42.65,47.55,Charging,Normal,-0.4744
OVN-EV-002,2026-03-25 10:13:38.145923,13.59,403.18,31.7,44.56,71.56,Charging,Normal,-0.4592
OVN-EV-001,2026-03-25 10:13:38.427350,21.68,406.38,35.91,34.06,66.54,Charging,Normal,-0.4869
OVN-EV-003,2026-03-25 10:13:41.145554,24.7,388.9,29.59,32.86,92.97,Charging,Normal,-0.5347
OVN-EV-002,2026-03-25 10:13:41.145554,13.19,399.73,33.91,38.01,21.66,Charging,Normal,-0.4836
OVN-EV-001,2026-03-25 10:13:41.436533,11.1,397.79,29.04,32.13,73.81,Charging,Normal,-0.4971
OVN-EV-002,2026-03-25 10:13:44.148345,22.89,407.75,34.97,40.65,29.74,Charging,Normal,-0.4894
OVN-EV-003,2026-03-25 10:13:44.148345,23.25,404.88,30.76,33.62,74.74,Charging,Normal,-0.4496
OVN-EV-001,2026-03-25 10:13:44.450566,22.69,387.1,29.73,44.91,46.23,Charging,Normal,-0.5014
OVN-EV-002,2026-03-25 10:13:47.150675,21.1,400.24,28.98,38.76,30.51,Charging,Normal,-0.4553
OVN-EV-003,2026-03-25 10:13:47.151684,15.37,388.62,35.42,44.9,21.67,Charging,Normal,-0.5475
OVN-EV-001,2026-03-25 10:13:47.451246,18.37,399.6,34.82,41.89,76.26,Charging,Normal,-0.4453
OVN-EV-002,2026-03-25 10:13:50.162083,13.65,414.17,33.14,36.65,72.86,Charging,Normal,-0.4468
OVN-EV-003,2026-03-25 10:13:50.162083,13.16,384.16,35.32,39.69,51.15,Charging,Normal,-0.4764
OVN-EV-001,2026-03-25 10:13:50.460762,23.46,404.96,31.85,34.45,74.41,Charging,Normal,-0.4483
OVN-EV-002,2026-03-25 10:13:53.172095,24.74,404.51,29.84,44.89,32.92,Charging,Normal,-0.5253
OVN-EV-003,2026-03-25 10:13:53.172095,13.4,399.72,35.79,44.58,39.36,Charging,Normal,-0.4893
OVN-EV-001,2026-03-25 10:13:53.457771,14.01,408.83,30.79,36.41,40.98,Charging,Normal,-0.4388
OVN-EV-002,2026-03-25 10:13:56.179347,15.53,409.45,34.45,43.42,39.46,Charging,Normal,-0.4538
OVN-EV-003,2026-03-25 10:13:56.179347,10.5,391.74,32.61,39.28,88.37,Charging,Normal,-0.4918
OVN-EV-001,2026-03-25 10:13:56.464335,22.52,382.48,30.89,40.55,34.97,Charging,Normal,-0.4671
OVN-EV-002,2026-03-25 10:13:59.186690,22.35,392.88,30.56,43.44,77.85,Charging,Normal,-0.4693
OVN-EV-003,2026-03-25 10:13:59.186690,14.76,399.28,29.89,30.26,94.7,Charging,Normal,-0.5123
OVN-EV-001,2026-03-25 10:13:59.474487,20.91,389.37,35.61,35.03,82.6,Charging,Normal,-0.4757
OVN-EV-002,2026-03-25 10:14:02.199296,21.33,419.55,35.57,36.6,50.11,Charging,Normal,-0.5006
OVN-EV-003,2026-03-25 10:14:02.199296,23.08,410.52,28.47,35.82,45.58,Charging,Normal,-0.4816
OVN-EV-001,2026-03-25 10:14:02.470044,17.87,411.41,29.35,34.75,79.03,Charging,Normal,-0.4403
OVN-EV-003,2026-03-25 10:14:05.212337,16.31,386.12,30.01,44.73,86.19,Charging,Normal,-0.5122
OVN-EV-002,2026-03-25 10:14:05.212337,23.15,393.6,32.86,33.56,40.67,Charging,Normal,-0.4571
OVN-EV-001,2026-03-25 10:14:05.485000,13.44,404.27,32.96,33.43,89.17,Charging,Normal,-0.4695
OVN-EV-003,2026-03-25 10:14:08.220649,10.37,388.46,32.76,41.75,91.05,Charging,Normal,-0.5213
OVN-EV-002,2026-03-25 10:14:08.220649,17.29,390.25,28.41,38.58,62.87,Charging,Normal,-0.4484
OVN-EV-001,2026-03-25 10:14:08.490600,11.6,417.26,30.58,37.94,50.64,Charging,Normal,-0.4842
OVN-EV-003,2026-03-25 10:14:11.234952,24.11,499.65,94.3,82.83,94.92,ANOMALY,ANOMALY,-0.7364
OVN-EV-002,2026-03-25 10:14:11.234952,11.46,396.53,30.94,37.44,22.47,Charging,Normal,-0.487
OVN-EV-001,2026-03-25 10:14:11.497971,22.61,418.08,32.54,40.06,78.64,Charging,Normal,-0.4782
OVN-EV-003,2026-03-25 10:14:14.243330,20.95,403.56,32.53,39.77,31.01,Charging,Normal,-0.44
OVN-EV-002,2026-03-25 10:14:14.243330,23.23,391.61,28.64,36.02,61.74,Charging,Normal,-0.4661
OVN-EV-001,2026-03-25 10:14:14.509760,20.92,400.12,35.18,41.21,84.53,Charging,Normal,-0.4702
OVN-EV-003,2026-03-25 10:14:17.230147,19.2,409.16,35.21,43.2,33.59,Charging,Normal,-0.4806
OVN-EV-002,2026-03-25 10:14:17.230147,23.05,398.85,29.39,31.97,26.95,Charging,Normal,-0.4969
OVN-EV-001,2026-03-25 10:14:17.521013,10.72,411.68,29.05,43.49,91.71,Charging,Normal,-0.5435
OVN-EV-003,2026-03-25 10:14:20.243404,11.86,382.22,35.59,31.57,52.09,Charging,Normal,-0.515
OVN-EV-002,2026-03-25 10:14:20.243404,21.48,381.13,31.67,33.65,72.15,Charging,Normal,-0.4594
OVN-EV-001,2026-03-25 10:14:20.530243,21.76,393.38,29.64,31.16,86.23,Charging,Normal,-0.4836
OVN-EV-003,2026-03-25 10:14:23.234300,17.48,386.24,28.11,43.71,71.55,Charging,Normal,-0.4917
OVN-EV-002,2026-03-25 10:14:23.234300,10.9,392.19,29.79,31.9,34.5,Charging,Normal,-0.5071
OVN-EV-001,2026-03-25 10:14:23.537732,11.01,400.07,34.8,39.38,92.3,Charging,Normal,-0.5103
OVN-EV-002,2026-03-25 10:14:26.246325,17.15,386.67,31.48,31.91,22.14,Charging,Normal,-0.4787
OVN-EV-003,2026-03-25 10:14:26.246325,17.04,404.2,31.3,33.41,66.95,Charging,Normal,-0.4226
OVN-EV-001,2026-03-25 10:14:26.542341,15.42,418.37,32.1,33.17,93.96,Charging,Normal,-0.5041
OVN-EV-002,2026-03-25 10:14:29.257041,21.23,392.0,34.92,34.05,93.31,Charging,Normal,-0.5064
OVN-EV-003,2026-03-25 10:14:29.258139,11.9,403.68,35.99,34.44,82.19,Charging,Normal,-0.4981
OVN-EV-001,2026-03-25 10:14:29.557861,12.28,413.6,34.61,41.78,25.84,Charging,Normal,-0.5033
OVN-EV-002,2026-03-25 10:14:32.248359,10.26,401.81,32.6,44.2,94.35,Charging,Normal,-0.5468
OVN-EV-003,2026-03-25 10:14:32.250053,23.29,404.74,29.67,42.92,34.11,Charging,Normal,-0.4799
OVN-EV-001,2026-03-25 10:14:32.571636,18.83,417.92,28.03,32.53,70.89,Charging,Normal,-0.5068
OVN-EV-002,2026-03-25 10:14:35.264252,21.63,400.23,35.53,43.33,28.27,Charging,Normal,-0.5034
OVN-EV-003,2026-03-25 10:14:35.265997,22.33,414.1,29.59,32.86,54.25,Charging,Normal,-0.4786
OVN-EV-001,2026-03-25 10:14:35.566264,19.98,394.68,29.89,33.31,39.37,Charging,Normal,-0.439
OVN-EV-002,2026-03-25 10:14:38.282590,23.19,384.4,35.41,39.65,48.69,Charging,Normal,-0.4854
OVN-EV-003,2026-03-25 10:14:38.284552,23.57,456.97,90.28,85.74,40.96,ANOMALY,ANOMALY,-0.6815
OVN-EV-001,2026-03-25 10:14:38.579151,15.95,397.45,30.04,35.01,81.32,Charging,Normal,-0.4364
OVN-EV-002,2026-03-25 10:14:41.288777,16.42,414.87,35.39,38.02,93.71,Charging,Normal,-0.5126
OVN-EV-003,2026-03-25 10:14:41.288777,20.71,406.54,33.76,39.79,89.6,Charging,Normal,-0.4559
OVN-EV-001,2026-03-25 10:14:41.588300,21.85,383.49,28.95,42.35,22.39,Charging,Normal,-0.5172
OVN-EV-003,2026-03-25 10:14:44.291867,10.76,399.55,33.01,39.74,58.91,Charging,Normal,-0.4595
OVN-EV-002,2026-03-25 10:14:44.291867,23.54,407.38,28.94,32.84,84.04,Charging,Normal,-0.495
OVN-EV-001,2026-03-25 10:14:44.599110,14.64,405.86,29.57,36.65,47.38,Charging,Normal,-0.4221
OVN-EV-003,2026-03-25 10:14:47.312976,13.48,401.68,35.67,37.65,70.48,Charging,Normal,-0.4609
OVN-EV-002,2026-03-25 10:14:47.312976,18.4,383.56,35.42,35.5,29.37,Charging,Normal,-0.4884
OVN-EV-001,2026-03-25 10:14:47.598495,18.65,394.07,28.87,38.02,73.51,Charging,Normal,-0.4382
OVN-EV-003,2026-03-25 10:14:50.323614,24.66,468.1,97.9,81.32,63.37,ANOMALY,ANOMALY,-0.6998
OVN-EV-002,2026-03-25 10:14:50.323614,12.99,417.49,29.81,34.8,36.69,Charging,Normal,-0.4904
OVN-EV-001,2026-03-25 10:14:50.597297,24.91,414.9,28.26,30.92,71.38,Charging,Normal,-0.5705
OVN-EV-003,2026-03-25 10:14:53.345367,12.71,418.22,35.18,33.82,40.74,Charging,Normal,-0.5075
OVN-EV-002,2026-03-25 10:14:53.345367,21.74,386.13,32.37,30.08,23.61,Charging,Normal,-0.5184
OVN-EV-001,2026-03-25 10:14:53.600083,21.03,407.07,28.88,31.26,90.91,Charging,Normal,-0.5145
OVN-EV-003,2026-03-25 10:14:56.362465,10.77,400.49,31.0,33.29,87.77,Charging,Normal,-0.5051
OVN-EV-002,2026-03-25 10:14:56.362465,15.6,391.04,30.74,35.31,42.53,Charging,Normal,-0.4364
OVN-EV-001,2026-03-25 10:14:56.611341,17.76,410.65,35.25,34.39,76.94,Charging,Normal,-0.462
OVN-EV-003,2026-03-25 10:14:59.359682,18.34,402.56,31.27,42.88,74.61,Charging,Normal,-0.4416
OVN-EV-002,2026-03-25 10:14:59.359682,16.33,411.02,30.43,36.83,54.66,Charging,Normal,-0.4337
OVN-EV-001,2026-03-25 10:14:59.616355,11.74,416.29,28.56,30.57,37.31,Charging,Normal,-0.5319
OVN-EV-003,2026-03-25 10:15:02.372876,13.19,398.98,29.32,37.59,63.7,Charging,Normal,-0.4432
OVN-EV-002,2026-03-25 10:15:02.372876,13.58,409.56,32.78,30.97,69.3,Charging,Normal,-0.472
OVN-EV-001,2026-03-25 10:15:02.614492,20.19,385.71,32.86,41.05,78.41,Charging,Normal,-0.4509
OVN-EV-002,2026-03-25 10:15:05.382675,24.05,413.88,33.93,41.42,47.64,Charging,Normal,-0.4801
OVN-EV-003,2026-03-25 10:15:05.383247,13.61,409.54,28.04,30.92,59.17,Charging,Normal,-0.4937
OVN-EV-001,2026-03-25 10:15:05.622741,17.97,487.89,86.73,74.42,84.72,ANOMALY,ANOMALY,-0.6933
OVN-EV-002,2026-03-25 10:15:08.387499,20.88,395.19,34.21,41.23,70.98,Charging,Normal,-0.4555
OVN-EV-003,2026-03-25 10:15:08.387499,24.38,407.72,28.38,43.85,33.26,Charging,Normal,-0.5141
OVN-EV-001,2026-03-25 10:15:08.633977,23.4,411.03,30.75,38.34,58.36,Charging,Normal,-0.4478
OVN-EV-002,2026-03-25 10:15:11.411473,22.18,410.3,30.6,40.05,58.53,Charging,Normal,-0.4348
OVN-EV-003,2026-03-25 10:15:11.411473,22.57,398.73,32.29,36.36,92.95,Charging,Normal,-0.4693
OVN-EV-001,2026-03-25 10:15:11.643523,11.63,416.12,33.83,35.89,87.42,Charging,Normal,-0.4956
OVN-EV-002,2026-03-25 10:15:14.417433,11.28,400.74,29.35,40.77,87.73,Charging,Normal,-0.4845
OVN-EV-003,2026-03-25 10:15:14.417433,13.24,394.41,28.99,34.74,26.08,Charging,Normal,-0.4785
OVN-EV-001,2026-03-25 10:15:14.647102,17.18,398.45,35.3,32.05,42.21,Charging,Normal,-0.4829
OVN-EV-002,2026-03-25 10:15:17.434030,12.35,394.8,34.8,37.88,58.73,Charging,Normal,-0.4576
OVN-EV-003,2026-03-25 10:15:17.434030,20.12,411.79,33.55,44.15,60.82,Charging,Normal,-0.4615
OVN-EV-001,2026-03-25 10:15:17.639308,18.23,409.3,30.81,36.19,42.12,Charging,Normal,-0.4327
OVN-EV-002,2026-03-25 10:15:20.446309,12.9,413.61,29.62,39.96,38.01,Charging,Normal,-0.4674
OVN-EV-003,2026-03-25 10:15:20.446309,16.52,408.0,31.1,44.26,60.94,Charging,Normal,-0.4499
OVN-EV-001,2026-03-25 10:15:20.654271,12.09,418.27,32.89,42.95,37.51,Charging,Normal,-0.4946
OVN-EV-002,2026-03-25 10:15:23.443325,20.76,398.0,34.0,39.54,36.31,Charging,Normal,-0.4527
OVN-EV-003,2026-03-25 10:15:23.443325,22.15,386.72,30.87,41.97,52.19,Charging,Normal,-0.4488
OVN-EV-001,2026-03-25 10:15:23.665064,21.82,396.25,34.44,38.87,66.49,Charging,Normal,-0.4489
OVN-EV-002,2026-03-25 10:15:26.449424,10.15,393.01,33.91,32.2,70.19,Charging,Normal,-0.509
OVN-EV-003,2026-03-25 10:15:26.449424,18.31,404.28,35.73,33.83,76.12,Charging,Normal,-0.488
OVN-EV-001,2026-03-25 10:15:26.656015,24.13,383.35,30.66,43.01,25.72,Charging,Normal,-0.5309
OVN-EV-002,2026-03-25 10:15:29.465748,17.5,388.83,28.93,43.04,83.12,Charging,Normal,-0.4816
OVN-EV-003,2026-03-25 10:15:29.465748,18.97,393.44,34.23,34.1,41.5,Charging,Normal,-0.4556
OVN-EV-001,2026-03-25 10:15:29.661961,12.54,387.83,28.92,33.55,90.67,Charging,Normal,-0.5062
OVN-EV-002,2026-03-25 10:15:32.482741,13.18,381.49,31.19,30.83,42.94,Charging,Normal,-0.5058
OVN-EV-003,2026-03-25 10:15:32.482741,20.68,392.56,33.25,34.71,36.72,Charging,Normal,-0.4504
OVN-EV-001,2026-03-25 10:15:32.665740,10.03,415.61,35.94,41.91,83.09,Charging,Normal,-0.5632
OVN-EV-002,2026-03-25 10:15:35.495898,11.66,399.91,28.08,37.52,73.32,Charging,Normal,-0.4852
OVN-EV-003,2026-03-25 10:15:35.495898,10.16,390.1,30.25,36.52,89.16,Charging,Normal,-0.5208
OVN-EV-001,2026-03-25 10:15:35.677588,18.35,417.59,30.87,42.6,20.22,Charging,Normal,-0.5037
OVN-EV-002,2026-03-25 10:15:38.498494,20.24,412.95,35.9,34.29,20.07,Charging,Normal,-0.5263
OVN-EV-003,2026-03-25 10:15:38.498494,21.77,387.48,30.92,41.7,42.05,Charging,Normal,-0.4541
OVN-EV-001,2026-03-25 10:15:38.700961,24.81,498.99,97.99,73.86,84.91,ANOMALY,ANOMALY,-0.7369
OVN-EV-002,2026-03-25 10:15:41.510262,10.57,403.88,29.56,30.05,68.15,Charging,Normal,-0.516
OVN-EV-003,2026-03-25 10:15:41.510262,21.4,398.63,34.83,31.48,72.32,Charging,Normal,-0.4757
OVN-EV-001,2026-03-25 10:15:41.701107,18.0,410.57,31.92,41.43,59.98,Charging,Normal,-0.4318
OVN-EV-003,2026-03-25 10:15:44.533438,16.66,381.06,33.91,35.91,60.55,Charging,Normal,-0.4704
OVN-EV-002,2026-03-25 10:15:44.533438,22.89,404.69,31.12,41.69,92.25,Charging,Normal,-0.4931
OVN-EV-001,2026-03-25 10:15:44.713634,18.5,396.26,30.79,42.52,29.84,Charging,Normal,-0.4623
OVN-EV-003,2026-03-25 10:15:47.534498,16.47,419.54,31.85,32.91,31.15,Charging,Normal,-0.4899
OVN-EV-002,2026-03-25 10:15:47.534498,23.36,390.21,35.98,35.6,72.67,Charging,Normal,-0.4844
OVN-EV-001,2026-03-25 10:15:47.724499,17.92,380.4,34.43,36.8,53.92,Charging,Normal,-0.4824
OVN-EV-003,2026-03-25 10:15:50.549830,15.2,412.15,33.85,35.08,44.17,Charging,Normal,-0.4535
OVN-EV-002,2026-03-25 10:15:50.549830,18.43,406.3,28.76,36.22,40.76,Charging,Normal,-0.4461
OVN-EV-001,2026-03-25 10:15:50.731179,19.52,402.14,31.82,41.69,48.1,Charging,Normal,-0.4324
OVN-EV-003,2026-03-25 10:15:53.557271,16.03,380.44,32.78,30.74,72.87,Charging,Normal,-0.4894
OVN-EV-002,2026-03-25 10:15:53.558452,18.3,391.81,34.53,33.83,48.1,Charging,Normal,-0.4597
OVN-EV-001,2026-03-25 10:15:53.743766,22.0,393.65,30.84,38.81,41.58,Charging,Normal,-0.4496
OVN-EV-003,2026-03-25 10:15:56.579646,15.73,482.63,95.04,78.78,86.27,ANOMALY,ANOMALY,-0.6864
OVN-EV-002,2026-03-25 10:15:56.579646,22.32,385.16,28.58,44.04,37.75,Charging,Normal,-0.4993
OVN-EV-001,2026-03-25 10:15:56.753227,14.48,408.89,30.11,39.97,76.98,Charging,Normal,-0.4478
OVN-EV-003,2026-03-25 10:15:59.583961,10.1,395.32,29.82,39.11,67.49,Charging,Normal,-0.5006
OVN-EV-002,2026-03-25 10:15:59.583961,24.94,381.05,28.29,31.75,46.74,Charging,Normal,-0.5456
OVN-EV-001,2026-03-25 10:15:59.761479,21.16,417.74,31.12,44.63,69.02,Charging,Normal,-0.4871
OVN-EV-003,2026-03-25 10:16:02.578634,10.05,416.15,34.5,31.46,52.39,Charging,Normal,-0.5326
OVN-EV-002,2026-03-25 10:16:02.579845,19.31,394.2,34.91,33.21,23.21,Charging,Normal,-0.487
OVN-EV-001,2026-03-25 10:16:02.769718,18.64,388.62,28.43,42.16,52.23,Charging,Normal,-0.4509
OVN-EV-002,2026-03-25 10:16:05.583785,11.68,415.85,31.03,43.22,68.38,Charging,Normal,-0.4781
OVN-EV-003,2026-03-25 10:16:05.583785,12.98,383.25,28.87,40.45,23.88,Charging,Normal,-0.5051
OVN-EV-001,2026-03-25 10:16:05.783052,20.87,380.1,30.34,30.47,51.31,Charging,Normal,-0.4895
OVN-EV-002,2026-03-25 10:16:08.591575,21.9,410.93,30.54,35.54,24.35,Charging,Normal,-0.4787
OVN-EV-003,2026-03-25 10:16:08.591575,15.62,496.43,89.69,77.5,50.22,ANOMALY,ANOMALY,-0.6661
OVN-EV-001,2026-03-25 10:16:08.785143,22.35,384.08,33.52,37.71,59.65,Charging,Normal,-0.4624
OVN-EV-002,2026-03-25 10:16:11.600952,16.56,408.43,34.01,43.13,91.25,Charging,Normal,-0.479
OVN-EV-003,2026-03-25 10:16:11.602640,24.49,400.84,33.4,44.14,34.08,Charging,Normal,-0.5042
OVN-EV-001,2026-03-25 10:16:11.797921,23.15,393.9,32.95,35.52,42.42,Charging,Normal,-0.4509
OVN-EV-002,2026-03-25 10:16:14.601918,23.66,413.29,34.61,42.96,74.86,Charging,Normal,-0.4895
OVN-EV-003,2026-03-25 10:16:14.603403,24.39,405.65,29.88,31.27,26.69,Charging,Normal,-0.5123
OVN-EV-001,2026-03-25 10:16:14.801210,13.02,396.31,28.28,36.11,43.1,Charging,Normal,-0.4541
OVN-EV-002,2026-03-25 10:16:17.599468,14.7,412.86,28.46,44.15,40.16,Charging,Normal,-0.4904
OVN-EV-003,2026-03-25 10:16:17.599468,15.89,383.85,29.51,30.56,58.62,Charging,Normal,-0.4767
OVN-EV-001,2026-03-25 10:16:17.807814,24.25,402.61,30.28,34.6,44.05,Charging,Normal,-0.4648
OVN-EV-002,2026-03-25 10:16:20.597753,12.79,412.45,35.56,33.51,63.74,Charging,Normal,-0.4717
OVN-EV-003,2026-03-25 10:16:20.597753,16.4,415.41,32.99,32.02,49.94,Charging,Normal,-0.4642
OVN-EV-001,2026-03-25 10:16:20.821145,23.42,394.04,34.4,31.84,86.32,Charging,Normal,-0.5041
OVN-EV-002,2026-03-25 10:16:23.618918,13.82,419.16,30.3,37.34,60.59,Charging,Normal,-0.4666
OVN-EV-003,2026-03-25 10:16:23.619955,19.27,417.14,34.88,42.88,90.34,Charging,Normal,-0.5084
OVN-EV-001,2026-03-25 10:16:23.810884,20.75,407.6,35.72,39.35,68.86,Charging,Normal,-0.4732
OVN-EV-003,2026-03-25 10:16:26.630756,20.59,389.0,30.54,41.32,44.52,Charging,Normal,-0.4397
OVN-EV-002,2026-03-25 10:16:26.630756,21.69,383.9,30.63,31.35,87.27,Charging,Normal,-0.5124
OVN-EV-001,2026-03-25 10:16:26.818513,21.77,384.65,31.14,40.43,73.08,Charging,Normal,-0.4607
OVN-EV-003,2026-03-25 10:16:29.643898,23.09,392.5,30.27,31.44,55.89,Charging,Normal,-0.4605
OVN-EV-002,2026-03-25 10:16:29.643898,22.3,389.83,30.31,43.67,68.48,Charging,Normal,-0.4556
OVN-EV-001,2026-03-25 10:16:29.821012,12.28,417.08,34.11,39.6,82.54,Charging,Normal,-0.4946
OVN-EV-003,2026-03-25 10:16:32.664658,12.33,395.95,32.7,36.73,55.13,Charging,Normal,-0.4362
OVN-EV-002,2026-03-25 10:16:32.665706,22.93,474.63,96.13,75.46,65.92,ANOMALY,ANOMALY,-0.6822
OVN-EV-001,2026-03-25 10:16:32.836449,23.19,387.57,35.67,34.37,27.21,Charging,Normal,-0.5225
OVN-EV-003,2026-03-25 10:16:35.665857,15.62,405.66,33.27,34.2,76.68,Charging,Normal,-0.4351
OVN-EV-002,2026-03-25 10:16:35.665857,12.39,393.41,32.15,37.69,56.41,Charging,Normal,-0.4318
OVN-EV-001,2026-03-25 10:16:35.825660,17.92,410.66,30.43,43.59,44.4,Charging,Normal,-0.4552
OVN-EV-003,2026-03-25 10:16:38.669089,22.66,384.13,28.68,34.23,69.57,Charging,Normal,-0.4842
OVN-EV-002,2026-03-25 10:16:38.669089,24.94,414.19,28.47,37.29,63.0,Charging,Normal,-0.4933
OVN-EV-001,2026-03-25 10:16:38.834623,13.93,399.87,32.85,43.44,58.42,Charging,Normal,-0.4413
OVN-EV-003,2026-03-25 10:16:41.683604,12.16,406.2,34.94,40.6,49.59,Charging,Normal,-0.4562
OVN-EV-002,2026-03-25 10:16:41.683604,17.28,387.05,35.15,38.91,58.65,Charging,Normal,-0.4549
OVN-EV-001,2026-03-25 10:16:41.834904,17.79,460.17,88.02,75.26,37.99,ANOMALY,ANOMALY,-0.6583
OVN-EV-002,2026-03-25 10:16:44.696143,23.65,413.88,34.22,44.86,46.95,Charging,Normal,-0.5091
OVN-EV-003,2026-03-25 10:16:44.696143,15.2,406.74,30.29,39.12,42.26,Charging,Normal,-0.441
OVN-EV-001,2026-03-25 10:16:44.852495,20.92,402.6,32.21,34.57,75.27,Charging,Normal,-0.4292
OVN-EV-002,2026-03-25 10:16:47.695069,20.58,407.85,29.9,31.25,92.84,Charging,Normal,-0.5053
OVN-EV-003,2026-03-25 10:16:47.695069,23.05,397.58,28.89,37.68,26.97,Charging,Normal,-0.4853
OVN-EV-001,2026-03-25 10:16:47.864385,18.97,416.09,29.24,38.85,22.38,Charging,Normal,-0.4987
OVN-EV-002,2026-03-25 10:16:50.693080,12.06,393.81,32.38,39.26,42.23,Charging,Normal,-0.4533
OVN-EV-003,2026-03-25 10:16:50.693080,20.64,417.19,28.93,40.33,93.63,Charging,Normal,-0.5118
OVN-EV-001,2026-03-25 10:16:50.875207,11.77,396.51,32.66,37.62,67.17,Charging,Normal,-0.4496
OVN-EV-002,2026-03-25 10:16:53.687752,14.54,398.51,35.31,31.7,22.01,Charging,Normal,-0.5079
OVN-EV-003,2026-03-25 10:16:53.687752,19.26,397.71,28.67,34.75,40.75,Charging,Normal,-0.4493
OVN-EV-001,2026-03-25 10:16:53.880827,19.37,383.5,29.67,31.16,50.03,Charging,Normal,-0.4807
OVN-EV-002,2026-03-25 10:16:56.708857,24.33,409.16,30.3,43.56,22.44,Charging,Normal,-0.5249
OVN-EV-003,2026-03-25 10:16:56.708857,21.29,392.19,34.93,40.09,21.74,Charging,Normal,-0.5049
OVN-EV-001,2026-03-25 10:16:56.892645,21.32,385.46,29.6,30.58,50.63,Charging,Normal,-0.4959
OVN-EV-002,2026-03-25 10:16:59.720654,16.75,396.53,33.55,39.46,34.75,Charging,Normal,-0.4444
OVN-EV-003,2026-03-25 10:16:59.720654,21.42,405.14,29.8,30.13,56.91,Charging,Normal,-0.48
OVN-EV-001,2026-03-25 10:16:59.905068,12.54,389.35,28.91,44.26,43.13,Charging,Normal,-0.478
OVN-EV-002,2026-03-25 10:17:02.726801,22.44,408.95,31.93,39.62,61.31,Charging,Normal,-0.4446
OVN-EV-003,2026-03-25 10:17:02.726801,20.04,384.29,29.54,39.74,78.46,Charging,Normal,-0.4673
OVN-EV-001,2026-03-25 10:17:02.915227,14.31,381.6,29.23,32.53,57.05,Charging,Normal,-0.4793
OVN-EV-003,2026-03-25 10:17:05.728128,23.55,417.77,34.68,39.0,43.02,Charging,Normal,-0.4915
OVN-EV-002,2026-03-25 10:17:05.729604,12.25,382.83,29.77,44.26,85.83,Charging,Normal,-0.5004
OVN-EV-001,2026-03-25 10:17:05.906163,17.15,394.14,32.05,44.58,22.17,Charging,Normal,-0.5
OVN-EV-003,2026-03-25 10:17:08.750420,21.6,393.68,33.86,33.04,42.33,Charging,Normal,-0.4619
OVN-EV-002,2026-03-25 10:17:08.750420,23.71,388.32,32.7,41.67,69.33,Charging,Normal,-0.468
OVN-EV-001,2026-03-25 10:17:08.910847,12.85,382.94,31.21,36.27,76.22,Charging,Normal,-0.47
OVN-EV-003,2026-03-25 10:17:11.758335,11.78,390.37,34.31,41.92,75.0,Charging,Normal,-0.4726
OVN-EV-002,2026-03-25 10:17:11.758335,14.68,383.28,30.61,41.88,25.69,Charging,Normal,-0.4732
OVN-EV-001,2026-03-25 10:17:11.923093,23.57,388.45,34.63,41.99,57.8,Charging,Normal,-0.4827
OVN-EV-003,2026-03-25 10:17:14.765195,20.54,406.56,31.54,32.58,59.61,Charging,Normal,-0.4517
OVN-EV-002,2026-03-25 10:17:14.765195,16.52,395.5,29.07,44.87,82.31,Charging,Normal,-0.482
OVN-EV-001,2026-03-25 10:17:14.926854,24.76,411.78,32.39,36.18,72.85,Charging,Normal,-0.4834
OVN-EV-003,2026-03-25 10:17:17.781257,18.45,407.2,33.65,38.95,87.79,Charging,Normal,-0.4458
OVN-EV-002,2026-03-25 10:17:17.781257,24.29,391.39,33.28,34.75,79.82,Charging,Normal,-0.4855
OVN-EV-001,2026-03-25 10:17:17.926472,23.58,411.6,32.39,39.92,63.97,Charging,Normal,-0.4596
OVN-EV-003,2026-03-25 10:17:20.791763,11.46,402.95,35.62,33.68,82.77,Charging,Normal,-0.4957
OVN-EV-002,2026-03-25 10:17:20.791763,16.95,391.87,32.13,41.66,70.51,Charging,Normal,-0.4316
OVN-EV-001,2026-03-25 10:17:20.927486,11.52,389.55,33.75,30.03,37.16,Charging,Normal,-0.5031
OVN-EV-003,2026-03-25 10:17:23.810389,22.67,401.98,30.46,39.99,77.8,Charging,Normal,-0.4413
OVN-EV-002,2026-03-25 10:17:23.810900,20.08,415.43,35.91,38.21,37.92,Charging,Normal,-0.4961
OVN-EV-001,2026-03-25 10:17:23.936272,20.8,418.06,34.33,40.51,43.48,Charging,Normal,-0.4729
OVN-EV-002,2026-03-25 10:17:26.818984,16.59,407.1,35.91,34.84,92.56,Charging,Normal,-0.497
OVN-EV-003,2026-03-25 10:17:26.820977,24.81,401.07,31.56,34.28,79.21,Charging,Normal,-0.4897
OVN-EV-001,2026-03-25 10:17:26.950583,12.17,384.17,31.58,42.72,21.54,Charging,Normal,-0.5001
OVN-EV-002,2026-03-25 10:17:29.810814,10.14,405.31,30.65,43.26,26.06,Charging,Normal,-0.5309
OVN-EV-003,2026-03-25 10:17:29.810814,13.94,405.18,31.81,43.21,75.89,Charging,Normal,-0.4413
OVN-EV-001,2026-03-25 10:17:29.955130,18.4,417.66,31.21,30.05,23.55,Charging,Normal,-0.5089
OVN-EV-002,2026-03-25 10:17:32.829064,13.76,380.54,35.7,30.43,93.35,Charging,Normal,-0.5636
OVN-EV-003,2026-03-25 10:17:32.829064,17.96,412.55,35.47,32.87,22.42,Charging,Normal,-0.525
OVN-EV-001,2026-03-25 10:17:32.965720,14.62,380.27,33.97,38.58,25.05,Charging,Normal,-0.4932
OVN-EV-002,2026-03-25 10:17:35.829917,12.49,409.12,32.56,41.16,83.24,Charging,Normal,-0.4541
OVN-EV-003,2026-03-25 10:17:35.829917,16.73,400.88,29.5,40.31,93.29,Charging,Normal,-0.4638
OVN-EV-001,2026-03-25 10:17:35.973960,11.8,392.34,31.22,36.14,44.11,Charging,Normal,-0.4474
OVN-EV-002,2026-03-25 10:17:38.850023,18.36,416.76,32.9,36.67,76.53,Charging,Normal,-0.445
OVN-EV-003,2026-03-25 10:17:38.850023,11.79,381.48,28.4,35.15,66.52,Charging,Normal,-0.4909
OVN-EV-001,2026-03-25 10:17:38.986082,11.07,409.39,28.94,44.47,75.35,Charging,Normal,-0.5002
OVN-EV-002,2026-03-25 10:17:41.859479,24.78,406.15,32.34,41.3,94.17,Charging,Normal,-0.5331
OVN-EV-003,2026-03-25 10:17:41.859989,12.98,400.96,30.34,44.39,88.61,Charging,Normal,-0.4815
OVN-EV-001,2026-03-25 10:17:41.987032,22.32,410.07,32.38,34.02,54.47,Charging,Normal,-0.4542
OVN-EV-003,2026-03-25 10:17:44.864241,16.17,416.07,30.59,39.68,79.69,Charging,Normal,-0.4588
OVN-EV-002,2026-03-25 10:17:44.864241,21.61,397.18,28.59,32.18,93.4,Charging,Normal,-0.5252
OVN-EV-001,2026-03-25 10:17:45.031776,22.28,390.88,34.7,38.57,20.55,Charging,Normal,-0.5126
OVN-EV-003,2026-03-25 10:17:47.871267,10.43,390.32,29.82,42.48,24.51,Charging,Normal,-0.5195
OVN-EV-002,2026-03-25 10:17:47.871267,20.85,418.87,34.0,39.82,37.82,Charging,Normal,-0.4746
OVN-EV-001,2026-03-25 10:17:48.028880,12.57,415.55,28.65,44.71,58.26,Charging,Normal,-0.4933
OVN-EV-003,2026-03-25 10:17:50.886100,14.81,409.78,30.8,36.22,50.08,Charging,Normal,-0.4276
OVN-EV-002,2026-03-25 10:17:50.887645,22.54,399.49,32.62,36.14,40.54,Charging,Normal,-0.4438
OVN-EV-001,2026-03-25 10:17:51.038793,15.71,406.1,28.06,40.17,39.85,Charging,Normal,-0.4567
OVN-EV-003,2026-03-25 10:17:53.906583,19.59,418.62,28.64,34.51,52.56,Charging,Normal,-0.4867
OVN-EV-002,2026-03-25 10:17:53.906583,17.47,481.66,89.62,88.26,36.95,ANOMALY,ANOMALY,-0.6782
OVN-EV-001,2026-03-25 10:17:54.037036,19.92,405.93,28.36,37.43,80.06,Charging,Normal,-0.4536
OVN-EV-003,2026-03-25 10:17:56.922969,19.71,418.18,31.19,41.58,54.88,Charging,Normal,-0.4519
OVN-EV-002,2026-03-25 10:17:56.922969,22.21,410.46,29.85,36.27,70.38,Charging,Normal,-0.4428
OVN-EV-001,2026-03-25 10:17:57.052995,18.08,413.98,34.99,34.52,32.57,Charging,Normal,-0.4883
OVN-EV-003,2026-03-25 10:17:59.923592,21.48,410.7,29.89,36.43,83.13,Charging,Normal,-0.4532
OVN-EV-002,2026-03-25 10:17:59.924921,12.25,414.13,34.8,32.07,53.08,Charging,Normal,-0.4857
OVN-EV-001,2026-03-25 10:18:00.061485,12.34,397.42,32.27,38.01,25.49,Charging,Normal,-0.4613
OVN-EV-003,2026-03-25 10:18:02.937397,10.59,404.71,31.35,40.96,73.36,Charging,Normal,-0.4684
OVN-EV-002,2026-03-25 10:18:02.937397,13.53,395.17,33.49,42.56,89.2,Charging,Normal,-0.4651
OVN-EV-001,2026-03-25 10:18:03.067153,17.94,415.98,30.48,44.29,55.54,Charging,Normal,-0.4779
OVN-EV-002,2026-03-25 10:18:05.944066,19.53,392.81,34.3,37.56,43.2,Charging,Normal,-0.4445
OVN-EV-003,2026-03-25 10:18:05.944066,19.76,384.46,33.51,37.27,54.74,Charging,Normal,-0.4509
OVN-EV-001,2026-03-25 10:18:06.084063,23.76,400.13,31.52,35.95,22.16,Charging,Normal,-0.4944
OVN-EV-002,2026-03-25 10:18:08.950744,20.24,392.83,28.23,38.99,51.73,Charging,Normal,-0.4618
OVN-EV-003,2026-03-25 10:18:08.950744,15.72,482.46,88.48,72.37,46.35,ANOMALY,ANOMALY,-0.6767
OVN-EV-001,2026-03-25 10:18:09.077902,22.32,391.62,31.6,42.59,46.75,Charging,Normal,-0.4492
OVN-EV-002,2026-03-25 10:18:11.963858,14.29,406.51,31.65,34.47,94.97,Charging,Normal,-0.4798
OVN-EV-003,2026-03-25 10:18:11.963858,16.71,415.98,33.97,35.86,41.71,Charging,Normal,-0.4429
OVN-EV-001,2026-03-25 10:18:12.075597,22.47,416.14,31.02,42.52,83.65,Charging,Normal,-0.4706
OVN-EV-002,2026-03-25 10:18:14.968933,10.07,404.06,31.61,32.69,93.17,Charging,Normal,-0.5353
OVN-EV-003,2026-03-25 10:18:14.968933,13.76,404.11,33.82,33.5,29.11,Charging,Normal,-0.4658
OVN-EV-001,2026-03-25 10:18:15.087312,20.24,410.52,35.09,35.55,45.95,Charging,Normal,-0.4641
OVN-EV-002,2026-03-25 10:18:17.970556,17.25,405.35,34.95,42.59,68.26,Charging,Normal,-0.4486
OVN-EV-003,2026-03-25 10:18:17.970556,20.37,381.83,33.74,37.18,89.43,Charging,Normal,-0.4891
OVN-EV-001,2026-03-25 10:18:18.099723,20.79,414.77,28.67,40.37,55.5,Charging,Normal,-0.4612
OVN-EV-002,2026-03-25 10:18:20.975242,17.9,408.99,28.15,43.28,40.32,Charging,Normal,-0.4853
OVN-EV-003,2026-03-25 10:18:20.975242,10.14,409.16,34.03,37.27,38.39,Charging,Normal,-0.4923
OVN-EV-001,2026-03-25 10:18:21.106415,21.02,400.33,34.62,38.85,77.24,Charging,Normal,-0.4537
OVN-EV-002,2026-03-25 10:18:23.975538,20.6,413.01,32.61,34.47,32.2,Charging,Normal,-0.4727
OVN-EV-003,2026-03-25 10:18:23.975538,20.15,406.75,33.31,34.38,21.5,Charging,Normal,-0.4841
OVN-EV-001,2026-03-25 10:18:24.132848,22.58,454.04,88.07,83.2,68.06,ANOMALY,ANOMALY,-0.6731
OVN-EV-003,2026-03-25 10:18:26.979794,22.15,417.75,30.93,44.33,90.67,Charging,Normal,-0.5099
OVN-EV-002,2026-03-25 10:18:26.979794,14.28,392.63,34.41,37.14,48.99,Charging,Normal,-0.432
OVN-EV-001,2026-03-25 10:18:27.125061,10.7,397.8,33.12,44.07,40.52,Charging,Normal,-0.4931
OVN-EV-003,2026-03-25 10:18:29.987542,24.19,419.62,28.62,33.91,88.83,Charging,Normal,-0.5365
OVN-EV-002,2026-03-25 10:18:29.987542,14.82,392.28,35.04,43.38,56.17,Charging,Normal,-0.464
OVN-EV-001,2026-03-25 10:18:30.137641,20.37,397.24,28.53,40.94,53.86,Charging,Normal,-0.4454
OVN-EV-003,2026-03-25 10:18:32.988708,11.08,382.23,28.81,36.88,60.64,Charging,Normal,-0.4961
OVN-EV-002,2026-03-25 10:18:32.988708,16.37,401.02,28.7,34.46,56.3,Charging,Normal,-0.4321
OVN-EV-001,2026-03-25 10:18:33.151875,12.85,414.15,28.77,30.28,92.56,Charging,Normal,-0.5466
OVN-EV-003,2026-03-25 10:18:35.987081,24.25,401.02,28.88,33.43,71.81,Charging,Normal,-0.4933
OVN-EV-002,2026-03-25 10:18:35.987913,15.59,395.32,34.62,37.46,77.01,Charging,Normal,-0.4419
OVN-EV-001,2026-03-25 10:18:36.180823,11.34,394.36,35.7,37.9,41.78,Charging,Normal,-0.4895
OVN-EV-003,2026-03-25 10:18:38.996086,20.97,407.84,34.23,44.6,65.05,Charging,Normal,-0.4654
OVN-EV-002,2026-03-25 10:18:38.997346,11.49,381.4,28.99,36.69,87.02,Charging,Normal,-0.5115
OVN-EV-001,2026-03-25 10:18:39.179184,13.71,466.02,86.82,85.76,50.03,ANOMALY,ANOMALY,-0.6775
OVN-EV-003,2026-03-25 10:18:42.020475,22.19,485.0,93.48,79.72,49.59,ANOMALY,ANOMALY,-0.6676
OVN-EV-002,2026-03-25 10:18:42.020794,23.11,396.76,34.76,37.39,35.72,Charging,Normal,-0.4721
OVN-EV-001,2026-03-25 10:18:42.188842,10.24,385.91,34.82,30.9,63.67,Charging,Normal,-0.5328
OVN-EV-002,2026-03-25 10:18:45.034741,22.71,391.74,35.61,44.04,25.71,Charging,Normal,-0.535
OVN-EV-003,2026-03-25 10:18:45.034741,15.55,399.66,28.29,41.47,24.56,Charging,Normal,-0.4871
OVN-EV-001,2026-03-25 10:18:45.194447,12.55,386.26,35.69,30.26,59.75,Charging,Normal,-0.5208
OVN-EV-002,2026-03-25 10:18:48.048269,24.42,395.65,35.9,36.45,32.11,Charging,Normal,-0.5176
OVN-EV-003,2026-03-25 10:18:48.048269,10.65,413.07,29.91,44.46,54.75,Charging,Normal,-0.5166
OVN-EV-001,2026-03-25 10:18:48.192030,15.62,403.23,32.47,38.3,38.83,Charging,Normal,-0.4184
OVN-EV-002,2026-03-25 10:18:51.054726,10.1,393.07,32.12,34.37,88.01,Charging,Normal,-0.5109
OVN-EV-003,2026-03-25 10:18:51.054726,12.03,382.87,35.66,38.99,51.96,Charging,Normal,-0.4992
OVN-EV-001,2026-03-25 10:18:51.204518,15.52,395.64,30.58,31.38,52.83,Charging,Normal,-0.4442
OVN-EV-002,2026-03-25 10:18:54.055959,12.36,415.18,28.89,41.81,94.19,Charging,Normal,-0.5215
OVN-EV-003,2026-03-25 10:18:54.055959,22.13,419.09,29.26,34.95,56.56,Charging,Normal,-0.4756
OVN-EV-001,2026-03-25 10:18:54.199703,10.55,415.25,29.65,33.16,66.81,Charging,Normal,-0.4955
OVN-EV-002,2026-03-25 10:18:57.046471,16.47,418.06,33.27,42.62,67.7,Charging,Normal,-0.4563
OVN-EV-003,2026-03-25 10:18:57.046471,13.81,382.12,35.57,33.19,67.23,Charging,Normal,-0.4859
OVN-EV-001,2026-03-25 10:18:57.215218,10.67,409.61,30.54,44.62,61.2,Charging,Normal,-0.5075
OVN-EV-002,2026-03-25 10:19:00.067665,22.26,498.14,92.82,71.65,54.06,ANOMALY,ANOMALY,-0.7048
OVN-EV-003,2026-03-25 10:19:00.067665,10.85,383.09,35.21,31.49,86.2,Charging,Normal,-0.5454
OVN-EV-001,2026-03-25 10:19:00.234020,23.31,394.64,34.23,38.95,23.87,Charging,Normal,-0.4848
OVN-EV-002,2026-03-25 10:19:03.079551,24.48,384.57,31.47,30.81,75.09,Charging,Normal,-0.5283
OVN-EV-003,2026-03-25 10:19:03.079551,20.86,381.14,32.87,31.66,73.78,Charging,Normal,-0.4732
OVN-EV-001,2026-03-25 10:19:03.247339,11.93,403.34,30.07,36.24,23.98,Charging,Normal,-0.4771
OVN-EV-003,2026-03-25 10:19:06.088129,23.46,400.94,29.71,43.23,36.27,Charging,Normal,-0.4675
OVN-EV-002,2026-03-25 10:19:06.088129,17.2,401.44,32.0,38.63,23.77,Charging,Normal,-0.4554
OVN-EV-001,2026-03-25 10:19:06.248340,20.49,389.05,31.08,41.79,34.99,Charging,Normal,-0.4477
OVN-EV-003,2026-03-25 10:19:09.098531,20.16,409.32,30.31,36.35,53.12,Charging,Normal,-0.4385
OVN-EV-002,2026-03-25 10:19:09.098531,17.71,414.82,30.01,37.48,49.19,Charging,Normal,-0.4465
OVN-EV-001,2026-03-25 10:19:09.264049,16.83,386.49,34.04,30.11,39.2,Charging,Normal,-0.494
OVN-EV-003,2026-03-25 10:19:12.097652,13.18,389.07,33.64,39.22,77.53,Charging,Normal,-0.4596
OVN-EV-002,2026-03-25 10:19:12.097652,24.23,407.35,30.39,36.25,68.1,Charging,Normal,-0.4677
OVN-EV-001,2026-03-25 10:19:12.279505,10.34,399.66,31.59,36.22,37.39,Charging,Normal,-0.4867
OVN-EV-003,2026-03-25 10:19:15.102979,17.88,399.68,33.82,39.69,39.93,Charging,Normal,-0.4277
OVN-EV-002,2026-03-25 10:19:15.102979,22.11,476.77,91.73,80.57,40.45,ANOMALY,ANOMALY,-0.6745
OVN-EV-001,2026-03-25 10:19:15.302189,22.45,385.03,34.15,39.07,93.58,Charging,Normal,-0.4894
OVN-EV-003,2026-03-25 10:19:18.099190,11.85,385.88,32.48,40.09,54.82,Charging,Normal,-0.4506
OVN-EV-002,2026-03-25 10:19:18.099190,11.94,386.07,33.13,37.06,74.99,Charging,Normal,-0.4634
OVN-EV-001,2026-03-25 10:19:18.317259,19.46,403.08,34.49,32.25,88.61,Charging,Normal,-0.4751
OVN-EV-003,2026-03-25 10:19:21.096560,20.23,396.25,35.21,34.26,73.3,Charging,Normal,-0.4603
OVN-EV-002,2026-03-25 10:19:21.097266,12.79,384.71,35.36,35.89,94.42,Charging,Normal,-0.5282
OVN-EV-001,2026-03-25 10:19:21.322278,22.77,382.77,29.82,35.66,77.07,Charging,Normal,-0.4733
OVN-EV-003,2026-03-25 10:19:24.098873,10.46,497.27,86.97,75.99,36.36,ANOMALY,ANOMALY,-0.7147
OVN-EV-002,2026-03-25 10:19:24.098873,11.6,406.25,31.55,30.96,82.32,Charging,Normal,-0.4888
OVN-EV-001,2026-03-25 10:19:24.337075,11.86,399.12,34.03,43.94,28.95,Charging,Normal,-0.4859
OVN-EV-003,2026-03-25 10:19:27.111242,15.26,387.5,35.89,41.63,41.08,Charging,Normal,-0.476
OVN-EV-002,2026-03-25 10:19:27.111242,24.67,455.19,93.57,72.67,50.54,ANOMALY,ANOMALY,-0.6779
OVN-EV-001,2026-03-25 10:19:27.335390,12.3,406.68,29.15,37.81,83.06,Charging,Normal,-0.465
OVN-EV-003,2026-03-25 10:19:30.132887,14.96,385.12,34.65,35.98,90.36,Charging,Normal,-0.476
OVN-EV-002,2026-03-25 10:19:30.132887,24.13,416.66,35.92,44.63,83.34,Charging,Normal,-0.539
OVN-EV-001,2026-03-25 10:19:30.350557,14.6,415.93,32.38,42.43,73.75,Charging,Normal,-0.4504
OVN-EV-003,2026-03-25 10:19:33.134647,24.66,397.28,34.86,30.47,22.23,Charging,Normal,-0.5617
OVN-EV-002,2026-03-25 10:19:33.134647,22.48,381.45,35.4,39.87,46.57,Charging,Normal,-0.4794
OVN-EV-001,2026-03-25 10:19:33.346947,19.99,411.26,32.65,35.07,76.77,Charging,Normal,-0.4455
OVN-EV-003,2026-03-25 10:19:36.151782,16.04,410.87,34.84,38.8,85.01,Charging,Normal,-0.4503
OVN-EV-002,2026-03-25 10:19:36.151782,15.98,418.14,31.31,32.03,33.28,Charging,Normal,-0.4946
OVN-EV-001,2026-03-25 10:19:36.344351,18.07,399.16,33.07,34.51,59.61,Charging,Normal,-0.4243
OVN-EV-003,2026-03-25 10:19:39.172665,24.78,388.12,34.67,34.17,68.07,Charging,Normal,-0.5021
OVN-EV-002,2026-03-25 10:19:39.172665,10.77,407.72,34.68,39.75,47.5,Charging,Normal,-0.4781
OVN-EV-001,2026-03-25 10:19:39.364645,21.07,412.5,31.03,35.1,60.41,Charging,Normal,-0.4441
OVN-EV-003,2026-03-25 10:19:42.181469,10.69,467.82,87.93,89.18,29.59,ANOMALY,ANOMALY,-0.7191
OVN-EV-002,2026-03-25 10:19:42.181469,23.86,402.36,30.8,31.75,37.73,Charging,Normal,-0.4745
OVN-EV-001,2026-03-25 10:19:42.356554,23.92,403.09,35.44,31.58,43.84,Charging,Normal,-0.5063
OVN-EV-002,2026-03-25 10:19:45.194388,11.23,417.24,31.23,31.47,25.49,Charging,Normal,-0.543
OVN-EV-003,2026-03-25 10:19:45.194388,14.09,391.98,34.79,37.78,92.87,Charging,Normal,-0.4737
OVN-EV-001,2026-03-25 10:19:45.378361,17.89,386.3,29.92,30.43,32.33,Charging,Normal,-0.4934
OVN-EV-002,2026-03-25 10:19:48.200546,18.36,411.65,29.44,37.67,36.64,Charging,Normal,-0.4461
OVN-EV-003,2026-03-25 10:19:48.200546,12.51,410.74,29.93,40.81,62.72,Charging,Normal,-0.4493
OVN-EV-001,2026-03-25 10:19:48.375605,15.85,409.97,30.63,35.9,58.8,Charging,Normal,-0.4328
OVN-EV-002,2026-03-25 10:19:51.208327,10.43,409.59,33.3,39.45,54.44,Charging,Normal,-0.4742
OVN-EV-003,2026-03-25 10:19:51.208327,14.76,413.03,33.78,42.09,71.7,Charging,Normal,-0.4492
OVN-EV-001,2026-03-25 10:19:51.384520,21.93,413.76,30.73,34.93,34.64,Charging,Normal,-0.4731
OVN-EV-002,2026-03-25 10:19:54.219669,17.86,475.49,83.62,86.97,90.54,ANOMALY,ANOMALY,-0.7094
OVN-EV-003,2026-03-25 10:19:54.219669,20.13,413.19,35.29,40.95,33.37,Charging,Normal,-0.4895
OVN-EV-001,2026-03-25 10:19:54.381361,24.64,470.88,81.85,86.7,39.01,ANOMALY,ANOMALY,-0.6962
OVN-EV-002,2026-03-25 10:19:57.233002,18.35,414.33,33.88,39.1,23.39,Charging,Normal,-0.48
OVN-EV-003,2026-03-25 10:19:57.233002,13.21,411.39,29.91,39.23,46.99,Charging,Normal,-0.4334
OVN-EV-001,2026-03-25 10:19:57.377664,16.75,415.74,29.89,36.19,43.39,Charging,Normal,-0.4485
OVN-EV-002,2026-03-25 10:20:00.256052,19.89,397.49,35.23,33.18,47.07,Charging,Normal,-0.4676
OVN-EV-003,2026-03-25 10:20:00.256052,10.27,401.88,34.71,41.56,82.65,Charging,Normal,-0.5145
OVN-EV-001,2026-03-25 10:20:00.392619,19.99,387.72,28.71,31.12,79.66,Charging,Normal,-0.4901
OVN-EV-002,2026-03-25 10:20:03.262862,11.87,406.3,35.33,34.86,71.73,Charging,Normal,-0.4877
OVN-EV-003,2026-03-25 10:20:03.263366,16.46,388.09,31.73,44.07,78.04,Charging,Normal,-0.4733
OVN-EV-001,2026-03-25 10:20:03.390103,17.51,402.66,35.05,35.26,47.0,Charging,Normal,-0.4447
OVN-EV-003,2026-03-25 10:20:06.285472,24.15,398.13,31.67,36.05,35.67,Charging,Normal,-0.4666
OVN-EV-002,2026-03-25 10:20:06.285472,17.52,402.84,34.11,43.69,36.59,Charging,Normal,-0.4509
OVN-EV-001,2026-03-25 10:20:06.405011,13.48,394.15,34.67,32.41,27.45,Charging,Normal,-0.4898
OVN-EV-003,2026-03-25 10:20:09.287181,10.77,393.72,32.72,40.97,23.52,Charging,Normal,-0.5126
OVN-EV-002,2026-03-25 10:20:09.287181,19.34,395.57,30.36,43.79,89.34,Charging,Normal,-0.4792
OVN-EV-001,2026-03-25 10:20:09.420226,13.26,411.39,30.74,37.64,71.95,Charging,Normal,-0.4412
OVN-EV-003,2026-03-25 10:20:12.283117,23.33,385.88,29.48,38.04,70.81,Charging,Normal,-0.4707
OVN-EV-002,2026-03-25 10:20:12.283117,16.95,404.7,29.49,31.32,40.31,Charging,Normal,-0.4519
OVN-EV-001,2026-03-25 10:20:12.427403,20.61,380.37,28.76,39.57,66.34,Charging,Normal,-0.4928
OVN-EV-003,2026-03-25 10:20:15.292562,16.64,385.98,33.94,30.3,22.33,Charging,Normal,-0.5132
OVN-EV-002,2026-03-25 10:20:15.292562,12.31,415.3,29.01,32.89,36.13,Charging,Normal,-0.5024
OVN-EV-001,2026-03-25 10:20:15.424179,21.92,492.64,94.01,81.36,48.57,ANOMALY,ANOMALY,-0.6961
OVN-EV-003,2026-03-25 10:20:18.304466,17.89,386.5,31.51,38.71,30.7,Charging,Normal,-0.4531
OVN-EV-002,2026-03-25 10:20:18.304466,13.21,415.49,33.87,40.55,65.09,Charging,Normal,-0.4595
OVN-EV-001,2026-03-25 10:20:18.432970,24.14,392.44,29.09,36.86,43.45,Charging,Normal,-0.4785
OVN-EV-003,2026-03-25 10:20:21.314755,24.67,393.61,33.42,42.77,43.58,Charging,Normal,-0.5002
OVN-EV-002,2026-03-25 10:20:21.314755,21.36,416.21,35.98,38.84,44.93,Charging,Normal,-0.4838
OVN-EV-001,2026-03-25 10:20:21.440434,22.68,489.68,92.44,89.05,57.48,ANOMALY,ANOMALY,-0.7037
OVN-EV-002,2026-03-25 10:20:24.292550,18.28,407.34,33.89,33.32,33.79,Charging,Normal,-0.4515
OVN-EV-003,2026-03-25 10:20:24.294590,11.51,395.0,29.04,41.4,36.3,Charging,Normal,-0.4753
OVN-EV-001,2026-03-25 10:20:24.437692,20.68,413.67,32.93,33.43,44.48,Charging,Normal,-0.4648
OVN-EV-002,2026-03-25 10:20:27.305918,12.83,394.17,32.2,38.88,67.8,Charging,Normal,-0.4381
OVN-EV-003,2026-03-25 10:20:27.306449,21.07,391.36,35.09,36.05,20.9,Charging,Normal,-0.4984
OVN-EV-001,2026-03-25 10:20:27.454078,15.02,407.7,28.94,36.13,21.2,Charging,Normal,-0.4888
OVN-EV-002,2026-03-25 10:20:30.333687,14.43,407.63,30.05,32.22,27.34,Charging,Normal,-0.48
OVN-EV-003,2026-03-25 10:20:30.333687,19.71,384.13,34.31,34.64,90.75,Charging,Normal,-0.5017
OVN-EV-001,2026-03-25 10:20:30.500248,22.6,407.36,33.13,39.55,70.86,Charging,Normal,-0.4492
OVN-EV-002,2026-03-25 10:20:33.339886,10.25,382.33,35.88,39.0,26.37,Charging,Normal,-0.5696
OVN-EV-003,2026-03-25 10:20:33.341473,16.53,395.98,35.83,34.37,57.53,Charging,Normal,-0.454
OVN-EV-001,2026-03-25 10:20:33.506207,15.86,394.18,35.59,39.86,43.92,Charging,Normal,-0.4532
OVN-EV-002,2026-03-25 10:20:36.358225,14.3,386.06,34.35,41.86,33.75,Charging,Normal,-0.4765
OVN-EV-003,2026-03-25 10:20:36.359196,22.45,400.52,30.01,32.73,35.54,Charging,Normal,-0.4631
OVN-EV-001,2026-03-25 10:20:36.504118,11.44,403.69,28.95,37.45,59.1,Charging,Normal,-0.4584
OVN-EV-002,2026-03-25 10:20:39.356589,16.23,416.88,29.63,34.04,54.67,Charging,Normal,-0.4494
OVN-EV-003,2026-03-25 10:20:39.356589,13.57,405.48,29.09,41.28,93.95,Charging,Normal,-0.4981
OVN-EV-001,2026-03-25 10:20:39.499912,13.24,416.81,35.05,40.63,39.18,Charging,Normal,-0.4853
OVN-EV-002,2026-03-25 10:20:42.370272,17.84,393.29,35.86,44.17,59.88,Charging,Normal,-0.4715
OVN-EV-003,2026-03-25 10:20:42.370272,24.37,400.95,32.9,30.84,27.68,Charging,Normal,-0.5151
OVN-EV-001,2026-03-25 10:20:42.498153,18.28,415.48,35.14,33.45,28.07,Charging,Normal,-0.5111
OVN-EV-003,2026-03-25 10:20:45.381576,16.99,417.77,34.38,40.32,23.43,Charging,Normal,-0.4895
OVN-EV-002,2026-03-25 10:20:45.381576,19.47,410.11,33.87,39.97,54.34,Charging,Normal,-0.4292
OVN-EV-001,2026-03-25 10:20:45.511796,23.61,384.28,28.94,41.49,93.78,Charging,Normal,-0.5423
OVN-EV-003,2026-03-25 10:20:48.381623,21.46,406.38,33.32,38.25,76.64,Charging,Normal,-0.445
OVN-EV-002,2026-03-25 10:20:48.381623,21.88,417.4,32.75,31.43,29.48,Charging,Normal,-0.5105
OVN-EV-001,2026-03-25 10:20:48.531251,22.42,407.63,32.93,34.95,27.54,Charging,Normal,-0.4702
OVN-EV-003,2026-03-25 10:20:51.382813,20.16,387.25,29.17,38.72,78.5,Charging,Normal,-0.4712
OVN-EV-002,2026-03-25 10:20:51.384617,16.37,485.07,83.7,81.53,89.35,ANOMALY,ANOMALY,-0.6806
OVN-EV-001,2026-03-25 10:20:51.537804,21.01,394.97,28.64,39.91,52.0,Charging,Normal,-0.4475
OVN-EV-003,2026-03-25 10:20:54.388562,20.19,416.19,32.48,31.48,24.95,Charging,Normal,-0.4974
OVN-EV-002,2026-03-25 10:20:54.388562,19.73,383.52,34.37,37.18,43.29,Charging,Normal,-0.4668
OVN-EV-001,2026-03-25 10:20:54.534653,22.36,383.06,31.0,38.08,45.75,Charging,Normal,-0.4605
OVN-EV-003,2026-03-25 10:20:57.407212,10.85,411.81,30.13,32.88,20.7,Charging,Normal,-0.5389
OVN-EV-002,2026-03-25 10:20:57.407212,14.51,392.54,28.8,34.52,68.36,Charging,Normal,-0.4471
OVN-EV-001,2026-03-25 10:20:57.535500,12.47,393.81,34.7,30.03,27.43,Charging,Normal,-0.5213
OVN-EV-003,2026-03-25 10:21:00.400859,10.71,383.55,31.67,41.73,85.39,Charging,Normal,-0.514
OVN-EV-002,2026-03-25 10:21:00.400859,16.79,405.72,32.91,39.79,71.99,Charging,Normal,-0.4277
OVN-EV-001,2026-03-25 10:21:00.540479,21.04,384.06,32.7,31.08,88.38,Charging,Normal,-0.5
OVN-EV-003,2026-03-25 10:21:03.404004,21.77,413.93,28.54,35.12,67.58,Charging,Normal,-0.4791
OVN-EV-002,2026-03-25 10:21:03.404004,12.8,396.1,31.25,42.52,35.08,Charging,Normal,-0.4534
OVN-EV-001,2026-03-25 10:21:03.536155,12.02,414.8,34.97,41.91,25.86,Charging,Normal,-0.5148
OVN-EV-002,2026-03-25 10:21:06.400906,13.97,401.64,35.69,39.09,77.99,Charging,Normal,-0.4768
OVN-EV-003,2026-03-25 10:21:06.400906,21.42,416.94,30.81,43.16,83.76,Charging,Normal,-0.4904
OVN-EV-001,2026-03-25 10:21:06.530268,10.64,380.54,31.2,39.36,54.01,Charging,Normal,-0.5056
OVN-EV-002,2026-03-25 10:21:09.406276,12.65,456.04,85.08,78.09,75.25,ANOMALY,ANOMALY,-0.662
OVN-EV-003,2026-03-25 10:21:09.407411,17.53,403.32,34.24,37.08,83.16,Charging,Normal,-0.4343
OVN-EV-001,2026-03-25 10:21:09.540330,23.83,399.1,28.78,42.95,81.62,Charging,Normal,-0.5019
OVN-EV-002,2026-03-25 10:21:12.418936,20.1,413.08,35.65,33.76,24.13,Charging,Normal,-0.5257
OVN-EV-003,2026-03-25 10:21:12.418936,21.98,382.91,33.3,33.34,34.7,Charging,Normal,-0.4825
OVN-EV-001,2026-03-25 10:21:12.533073,24.4,384.52,32.08,35.52,75.0,Charging,Normal,-0.4838
OVN-EV-002,2026-03-25 10:21:15.439659,11.16,415.77,32.8,43.33,77.94,Charging,Normal,-0.4989
OVN-EV-003,2026-03-25 10:21:15.439659,22.75,413.38,34.03,39.41,53.13,Charging,Normal,-0.4609
OVN-EV-001,2026-03-25 10:21:15.538303,21.45,384.21,34.81,44.01,45.31,Charging,Normal,-0.5013
OVN-EV-002,2026-03-25 10:21:18.445440,21.11,403.69,28.83,45.0,60.8,Charging,Normal,-0.4905
OVN-EV-003,2026-03-25 10:21:18.445440,13.7,409.6,33.28,40.82,80.05,Charging,Normal,-0.4502
OVN-EV-001,2026-03-25 10:21:18.547332,14.5,405.79,28.16,35.51,36.46,Charging,Normal,-0.4711
OVN-EV-002,2026-03-25 10:21:21.455960,17.62,404.19,31.18,44.77,21.56,Charging,Normal,-0.5102
OVN-EV-003,2026-03-25 10:21:21.455960,13.42,394.21,28.79,37.15,51.9,Charging,Normal,-0.4418
OVN-EV-001,2026-03-25 10:21:21.553944,11.9,385.11,30.24,42.87,54.47,Charging,Normal,-0.4852
OVN-EV-003,2026-03-25 10:21:24.474005,24.2,385.13,32.83,32.81,53.68,Charging,Normal,-0.4908
OVN-EV-002,2026-03-25 10:21:24.474005,22.43,418.43,29.25,38.22,42.32,Charging,Normal,-0.4874
OVN-EV-001,2026-03-25 10:21:24.559484,12.67,385.17,29.49,30.33,57.05,Charging,Normal,-0.4937
OVN-EV-003,2026-03-25 10:21:27.476366,20.34,416.17,35.15,30.36,71.69,Charging,Normal,-0.5185
OVN-EV-002,2026-03-25 10:21:27.476366,17.21,403.31,32.98,30.51,23.06,Charging,Normal,-0.4824
OVN-EV-001,2026-03-25 10:21:27.575573,11.52,493.89,95.21,88.26,41.04,ANOMALY,ANOMALY,-0.714
OVN-EV-003,2026-03-25 10:21:30.472937,10.87,414.9,30.56,36.15,91.98,Charging,Normal,-0.5244
OVN-EV-002,2026-03-25 10:21:30.472937,22.21,390.99,33.34,32.71,64.16,Charging,Normal,-0.4577
OVN-EV-001,2026-03-25 10:21:30.584421,23.49,381.33,30.71,30.12,57.14,Charging,Normal,-0.5085
OVN-EV-003,2026-03-25 10:21:33.485298,23.64,403.98,34.62,30.2,58.7,Charging,Normal,-0.4954
OVN-EV-002,2026-03-25 10:21:33.485298,15.93,415.09,29.11,38.24,48.28,Charging,Normal,-0.4524
OVN-EV-001,2026-03-25 10:21:33.584562,13.84,395.65,34.1,38.13,48.7,Charging,Normal,-0.4349
OVN-EV-003,2026-03-25 10:21:36.504155,18.63,382.4,30.21,32.54,30.35,Charging,Normal,-0.4758
OVN-EV-002,2026-03-25 10:21:36.504155,23.58,387.83,30.77,42.18,21.35,Charging,Normal,-0.5108
OVN-EV-001,2026-03-25 10:21:36.584547,15.47,415.45,29.33,41.49,94.07,Charging,Normal,-0.5048
OVN-EV-003,2026-03-25 10:21:39.508741,13.7,391.3,35.16,38.03,33.44,Charging,Normal,-0.4626
OVN-EV-002,2026-03-25 10:21:39.508741,19.21,412.24,29.58,39.65,58.29,Charging,Normal,-0.4436
OVN-EV-001,2026-03-25 10:21:39.589386,17.07,393.97,29.8,35.94,52.82,Charging,Normal,-0.4249
OVN-EV-003,2026-03-25 10:21:42.501007,13.92,413.59,31.42,33.02,31.45,Charging,Normal,-0.4624
OVN-EV-002,2026-03-25 10:21:42.501007,16.77,381.57,32.4,44.9,45.5,Charging,Normal,-0.4741
OVN-EV-001,2026-03-25 10:21:42.596152,20.64,381.21,30.23,40.3,46.82,Charging,Normal,-0.4526
OVN-EV-002,2026-03-25 10:21:45.515905,10.65,402.11,32.57,44.48,78.0,Charging,Normal,-0.4931
OVN-EV-003,2026-03-25 10:21:45.515905,12.03,398.08,31.1,43.52,86.05,Charging,Normal,-0.4887
OVN-EV-001,2026-03-25 10:21:45.610459,16.29,493.56,81.05,87.49,59.22,ANOMALY,ANOMALY,-0.6892
OVN-EV-002,2026-03-25 10:21:48.529497,14.77,404.32,32.19,38.2,72.67,Charging,Normal,-0.4194
OVN-EV-003,2026-03-25 10:21:48.529497,23.29,395.88,28.69,39.71,46.16,Charging,Normal,-0.4679
OVN-EV-001,2026-03-25 10:21:48.609382,18.94,407.97,34.8,37.11,74.05,Charging,Normal,-0.4382
OVN-EV-002,2026-03-25 10:21:51.531859,22.07,382.67,35.06,30.44,60.55,Charging,Normal,-0.5195
OVN-EV-003,2026-03-25 10:21:51.531859,10.86,415.29,31.16,30.02,78.0,Charging,Normal,-0.5164
OVN-EV-001,2026-03-25 10:21:51.611551,23.71,381.24,34.36,38.92,33.15,Charging,Normal,-0.4996
OVN-EV-002,2026-03-25 10:21:54.547460,13.27,380.92,31.09,32.62,58.19,Charging,Normal,-0.4818
OVN-EV-003,2026-03-25 10:21:54.547460,13.84,387.19,30.49,33.14,90.76,Charging,Normal,-0.4869
OVN-EV-001,2026-03-25 10:21:54.619517,13.02,382.58,32.74,31.74,92.06,Charging,Normal,-0.5142
OVN-EV-002,2026-03-25 10:21:57.549277,19.23,477.96,91.25,80.7,59.08,ANOMALY,Normal,-0.6416
OVN-EV-003,2026-03-25 10:21:57.549277,17.32,410.23,35.56,32.35,47.27,Charging,Normal,-0.4824
OVN-EV-001,2026-03-25 10:21:57.629582,24.56,381.1,31.44,36.82,53.52,Charging,Normal,-0.4918
OVN-EV-002,2026-03-25 10:22:00.557552,15.6,391.22,34.26,30.73,94.69,Charging,Normal,-0.514
OVN-EV-003,2026-03-25 10:22:00.557552,23.31,384.27,33.76,34.67,24.02,Charging,Normal,-0.5019
OVN-EV-001,2026-03-25 10:22:00.629972,20.05,394.46,28.95,30.59,85.79,Charging,Normal,-0.4906
OVN-EV-002,2026-03-25 10:22:03.579977,15.98,385.21,33.19,44.79,48.25,Charging,Normal,-0.4873
OVN-EV-003,2026-03-25 10:22:03.579977,17.84,391.42,33.05,32.48,90.43,Charging,Normal,-0.4646
OVN-EV-001,2026-03-25 10:22:03.631854,21.38,419.44,35.53,40.41,28.08,Charging,Normal,-0.5268
OVN-EV-003,2026-03-25 10:22:06.574151,20.41,395.38,28.5,30.42,73.7,Charging,Normal,-0.4841
OVN-EV-002,2026-03-25 10:22:06.575031,15.95,381.31,33.6,34.39,47.02,Charging,Normal,-0.4651
OVN-EV-001,2026-03-25 10:22:06.624404,10.28,383.95,28.48,41.07,65.33,Charging,Normal,-0.5276
OVN-EV-003,2026-03-25 10:22:09.585659,10.33,418.49,34.96,30.86,93.1,Charging,Normal,-0.5695
OVN-EV-002,2026-03-25 10:22:09.585659,23.11,418.32,30.32,37.98,22.86,Charging,Normal,-0.5116
OVN-EV-001,2026-03-25 10:22:09.640445,24.2,409.66,32.35,32.84,40.39,Charging,Normal,-0.4756
OVN-EV-003,2026-03-25 10:22:12.590338,23.62,401.01,33.95,37.39,58.75,Charging,Normal,-0.4527
OVN-EV-002,2026-03-25 10:22:12.590338,20.77,403.88,28.92,43.97,44.92,Charging,Normal,-0.4544
OVN-EV-001,2026-03-25 10:22:12.646899,13.82,397.37,33.8,42.01,74.74,Charging,Normal,-0.4499
OVN-EV-003,2026-03-25 10:22:15.608582,22.16,394.59,34.95,33.84,90.07,Charging,Normal,-0.4885
OVN-EV-002,2026-03-25 10:22:15.608582,11.64,406.17,31.89,41.2,74.03,Charging,Normal,-0.4583
OVN-EV-001,2026-03-25 10:22:15.640235,22.87,381.07,31.7,39.74,69.45,Charging,Normal,-0.4724
OVN-EV-003,2026-03-25 10:22:18.624927,22.58,397.58,29.62,30.27,86.1,Charging,Normal,-0.5035
OVN-EV-002,2026-03-25 10:22:18.625444,22.92,397.69,28.0,33.09,41.58,Charging,Normal,-0.4886
OVN-EV-001,2026-03-25 10:22:18.625444,14.85,418.3,32.32,34.37,66.94,Charging,Normal,-0.4512
OVN-EV-003,2026-03-25 10:22:21.633728,14.64,407.45,32.15,30.03,61.89,Charging,Normal,-0.4674
OVN-EV-002,2026-03-25 10:22:21.635314,22.42,416.48,29.11,40.09,71.73,Charging,Normal,-0.481
OVN-EV-001,2026-03-25 10:22:21.635314,21.56,404.11,31.72,39.89,75.75,Charging,Normal,-0.4365
OVN-EV-003,2026-03-25 10:22:24.651109,17.78,419.64,28.29,34.14,49.82,Charging,Normal,-0.497
OVN-EV-002,2026-03-25 10:22:24.651109,18.7,462.63,82.37,75.37,20.32,ANOMALY,ANOMALY,-0.693
OVN-EV-001,2026-03-25 10:22:24.651109,24.19,419.14,31.42,32.07,78.3,Charging,Normal,-0.5164
OVN-EV-003,2026-03-25 10:22:27.658615,21.55,411.03,35.94,34.35,92.84,Charging,Normal,-0.5173
OVN-EV-002,2026-03-25 10:22:27.658615,18.35,495.06,86.46,76.86,33.77,ANOMALY,ANOMALY,-0.6903
OVN-EV-001,2026-03-25 10:22:27.658615,16.75,384.92,33.05,39.74,67.18,Charging,Normal,-0.447
OVN-EV-003,2026-03-25 10:22:30.671898,23.73,391.22,29.18,42.3,88.32,Charging,Normal,-0.5069
OVN-EV-002,2026-03-25 10:22:30.671898,10.5,391.93,30.93,35.64,32.23,Charging,Normal,-0.5083
OVN-EV-001,2026-03-25 10:22:30.671898,13.48,403.66,30.75,30.34,36.43,Charging,Normal,-0.4719
OVN-EV-003,2026-03-25 10:22:33.686776,10.25,483.18,81.32,87.38,47.48,ANOMALY,ANOMALY,-0.6957
OVN-EV-002,2026-03-25 10:22:33.686776,22.93,412.76,35.21,32.93,70.36,Charging,Normal,-0.4899
OVN-EV-001,2026-03-25 10:22:33.686776,19.88,392.9,32.68,30.94,46.75,Charging,Normal,-0.4554
OVN-EV-003,2026-03-25 10:22:36.686889,13.41,413.47,33.8,41.92,39.19,Charging,Normal,-0.4543
OVN-EV-002,2026-03-25 10:22:36.686889,10.04,389.12,31.85,35.47,76.63,Charging,Normal,-0.5104
OVN-EV-001,2026-03-25 10:22:36.686889,10.94,412.52,32.27,34.17,91.8,Charging,Normal,-0.5022
OVN-EV-003,2026-03-25 10:22:39.694485,12.09,406.3,30.88,34.76,28.42,Charging,Normal,-0.4789
OVN-EV-002,2026-03-25 10:22:39.694485,10.27,399.1,28.0,35.71,55.12,Charging,Normal,-0.5106
OVN-EV-001,2026-03-25 10:22:39.694485,23.45,400.79,33.41,34.09,72.74,Charging,Normal,-0.4535
OVN-EV-003,2026-03-25 10:22:42.700064,16.84,408.28,32.32,31.55,50.15,Charging,Normal,-0.4442
OVN-EV-002,2026-03-25 10:22:42.700064,18.57,415.99,35.64,44.44,46.83,Charging,Normal,-0.5081
OVN-EV-001,2026-03-25 10:22:42.700064,23.03,482.48,82.64,70.64,77.39,ANOMALY,ANOMALY,-0.6947
OVN-EV-003,2026-03-25 10:22:45.704770,19.24,391.16,31.07,41.1,42.26,Charging,Normal,-0.4371
OVN-EV-002,2026-03-25 10:22:45.706002,18.89,387.96,30.53,37.62,86.48,Charging,Normal,-0.4497
OVN-EV-001,2026-03-25 10:22:45.706002,24.96,400.44,32.77,43.41,22.44,Charging,Normal,-0.5281
OVN-EV-003,2026-03-25 10:22:48.721733,20.22,392.52,30.3,42.32,86.92,Charging,Normal,-0.464
OVN-EV-002,2026-03-25 10:22:48.721733,16.97,417.59,31.88,36.31,47.15,Charging,Normal,-0.453
OVN-EV-001,2026-03-25 10:22:48.721733,13.13,415.08,32.28,32.0,20.84,Charging,Normal,-0.5159
OVN-EV-003,2026-03-25 10:22:51.734255,23.47,385.94,28.2,35.74,81.62,Charging,Normal,-0.4889
OVN-EV-002,2026-03-25 10:22:51.734255,15.89,387.28,32.4,32.36,56.96,Charging,Normal,-0.4527
OVN-EV-001,2026-03-25 10:22:51.734255,16.67,381.74,32.02,40.12,58.19,Charging,Normal,-0.4562
OVN-EV-003,2026-03-25 10:22:54.744346,14.36,393.68,34.83,44.01,85.22,Charging,Normal,-0.4929
OVN-EV-002,2026-03-25 10:22:54.745162,24.81,395.64,35.25,31.75,90.29,Charging,Normal,-0.5414
OVN-EV-001,2026-03-25 10:22:54.745162,21.46,417.31,29.49,31.85,66.4,Charging,Normal,-0.4845
OVN-EV-003,2026-03-25 10:22:57.768086,11.34,384.46,28.7,43.33,85.79,Charging,Normal,-0.5327
OVN-EV-002,2026-03-25 10:22:57.768086,23.12,380.61,35.54,34.17,94.18,Charging,Normal,-0.5646
OVN-EV-001,2026-03-25 10:22:57.768086,11.2,386.53,36.0,31.65,27.64,Charging,Normal,-0.5591
OVN-EV-003,2026-03-25 10:23:00.770110,19.94,492.89,92.28,78.91,59.22,ANOMALY,ANOMALY,-0.6755
OVN-EV-002,2026-03-25 10:23:00.770110,24.92,413.4,29.67,30.15,85.06,Charging,Normal,-0.5461
OVN-EV-001,2026-03-25 10:23:00.770110,24.63,398.63,34.81,38.72,71.13,Charging,Normal,-0.4721
OVN-EV-003,2026-03-25 10:23:03.770833,22.78,394.44,30.12,35.8,80.69,Charging,Normal,-0.4705
OVN-EV-002,2026-03-25 10:23:03.770833,23.93,385.18,31.35,37.25,92.04,Charging,Normal,-0.4996
OVN-EV-001,2026-03-25 10:23:03.773595,20.72,385.47,28.65,33.56,41.36,Charging,Normal,-0.4815
OVN-EV-003,2026-03-25 10:23:06.768064,13.52,412.66,29.67,42.56,33.51,Charging,Normal,-0.4738
OVN-EV-002,2026-03-25 10:23:06.768064,19.07,396.53,30.74,31.93,37.62,Charging,Normal,-0.4566
OVN-EV-001,2026-03-25 10:23:06.768064,24.36,392.17,29.99,42.73,57.98,Charging,Normal,-0.4842
OVN-EV-003,2026-03-25 10:23:09.783976,13.49,475.53,85.96,82.05,79.85,ANOMALY,ANOMALY,-0.6837
OVN-EV-002,2026-03-25 10:23:09.783976,18.28,398.02,28.58,38.11,37.38,Charging,Normal,-0.445
OVN-EV-001,2026-03-25 10:23:09.783976,20.74,385.55,29.61,44.89,75.65,Charging,Normal,-0.4893
OVN-EV-003,2026-03-25 10:23:12.789927,16.16,415.11,28.77,40.57,23.2,Charging,Normal,-0.4901
OVN-EV-002,2026-03-25 10:23:12.789927,10.47,419.97,35.84,32.72,94.87,Charging,Normal,-0.5771
OVN-EV-001,2026-03-25 10:23:12.789927,13.3,388.09,31.69,44.14,92.44,Charging,Normal,-0.5043
OVN-EV-003,2026-03-25 10:23:15.786616,15.79,412.49,34.31,32.64,64.28,Charging,Normal,-0.4538
OVN-EV-002,2026-03-25 10:23:15.786616,12.91,394.56,29.2,38.38,90.92,Charging,Normal,-0.4818
OVN-EV-001,2026-03-25 10:23:15.786616,22.29,411.25,34.78,43.11,20.86,Charging,Normal,-0.5232
OVN-EV-003,2026-03-25 10:23:18.794811,20.78,392.79,34.76,38.37,83.13,Charging,Normal,-0.4622
OVN-EV-002,2026-03-25 10:23:18.794811,11.65,417.32,32.99,39.98,54.81,Charging,Normal,-0.4635
OVN-EV-001,2026-03-25 10:23:18.794811,24.96,416.9,30.22,41.23,89.54,Charging,Normal,-0.5384
OVN-EV-003,2026-03-25 10:23:21.801030,10.87,380.66,30.01,32.46,55.93,Charging,Normal,-0.5202
OVN-EV-002,2026-03-25 10:23:21.801030,17.03,380.17,28.58,30.07,91.62,Charging,Normal,-0.5491
OVN-EV-001,2026-03-25 10:23:21.801030,21.26,400.2,35.56,37.81,79.49,Charging,Normal,-0.4681
OVN-EV-003,2026-03-25 10:23:24.813295,19.12,399.63,34.59,39.5,50.72,Charging,Normal,-0.4432
OVN-EV-002,2026-03-25 10:23:24.813295,20.9,418.06,29.13,36.31,64.63,Charging,Normal,-0.4834
OVN-EV-001,2026-03-25 10:23:24.813295,10.52,387.08,29.14,32.61,34.63,Charging,Normal,-0.5158
OVN-EV-003,2026-03-25 10:23:27.826756,16.95,405.5,28.31,42.33,84.22,Charging,Normal,-0.4822
OVN-EV-002,2026-03-25 10:23:27.826756,23.22,395.25,28.41,39.62,61.29,Charging,Normal,-0.4693
OVN-EV-001,2026-03-25 10:23:27.826756,23.17,412.52,32.63,42.04,24.22,Charging,Normal,-0.4988
OVN-EV-003,2026-03-25 10:23:30.834912,19.06,397.59,32.01,34.42,90.73,Charging,Normal,-0.4587
OVN-EV-002,2026-03-25 10:23:30.834912,12.9,384.56,33.8,33.86,56.93,Charging,Normal,-0.4685
OVN-EV-001,2026-03-25 10:23:30.834912,12.4,414.46,33.56,31.56,25.34,Charging,Normal,-0.5155
OVN-EV-003,2026-03-25 10:23:33.843684,22.98,385.25,32.41,32.77,37.58,Charging,Normal,-0.4712
OVN-EV-002,2026-03-25 10:23:33.843684,10.66,399.17,30.15,32.15,63.23,Charging,Normal,-0.4957
OVN-EV-001,2026-03-25 10:23:33.843684,19.61,405.3,35.39,44.19,24.89,Charging,Normal,-0.5168
OVN-EV-003,2026-03-25 10:23:36.846927,12.92,388.95,34.23,36.41,26.81,Charging,Normal,-0.4882
OVN-EV-002,2026-03-25 10:23:36.848038,10.01,384.35,31.7,30.11,23.19,Charging,Normal,-0.5781
OVN-EV-001,2026-03-25 10:23:36.848038,23.25,390.51,29.22,30.73,69.6,Charging,Normal,-0.4945
OVN-EV-003,2026-03-25 10:23:39.858811,21.72,402.09,33.09,41.4,89.53,Charging,Normal,-0.4719
OVN-EV-002,2026-03-25 10:23:39.858811,18.25,389.89,28.85,35.19,64.46,Charging,Normal,-0.4455
OVN-EV-001,2026-03-25 10:23:39.859956,15.29,382.07,32.35,31.03,62.2,Charging,Normal,-0.4677
OVN-EV-003,2026-03-25 10:23:42.860731,18.38,409.77,34.39,44.44,44.44,Charging,Normal,-0.4626
OVN-EV-002,2026-03-25 10:23:42.860731,11.41,382.91,33.27,38.54,48.62,Charging,Normal,-0.4727
OVN-EV-001,2026-03-25 10:23:42.860731,18.65,400.7,34.12,37.81,26.08,Charging,Normal,-0.474
OVN-EV-003,2026-03-25 10:23:45.880419,24.05,380.35,29.17,37.75,52.47,Charging,Normal,-0.5001
OVN-EV-002,2026-03-25 10:23:45.880419,13.36,402.73,35.21,37.87,52.41,Charging,Normal,-0.4689
OVN-EV-001,2026-03-25 10:23:45.880419,11.18,395.9,35.03,39.36,58.34,Charging,Normal,-0.4816
OVN-EV-003,2026-03-25 10:23:48.896552,20.49,407.14,31.69,43.96,24.68,Charging,Normal,-0.503
OVN-EV-002,2026-03-25 10:23:48.896552,23.62,388.65,30.88,33.3,61.27,Charging,Normal,-0.4729
OVN-EV-001,2026-03-25 10:23:48.896552,22.45,396.7,31.94,44.34,39.95,Charging,Normal,-0.4737
OVN-EV-003,2026-03-25 10:23:51.903555,22.16,393.53,34.27,33.8,67.07,Charging,Normal,-0.4535
OVN-EV-002,2026-03-25 10:23:51.903555,18.9,391.07,32.73,32.09,34.25,Charging,Normal,-0.4653
OVN-EV-001,2026-03-25 10:23:51.903555,10.11,399.33,35.38,37.34,92.21,Charging,Normal,-0.5345
OVN-EV-003,2026-03-25 10:23:54.910036,20.06,392.27,33.98,32.57,94.66,Charging,Normal,-0.4949
OVN-EV-002,2026-03-25 10:23:54.910036,24.67,395.63,29.25,34.37,29.19,Charging,Normal,-0.508
OVN-EV-001,2026-03-25 10:23:54.910036,17.4,395.67,30.93,33.3,93.04,Charging,Normal,-0.4796
OVN-EV-003,2026-03-25 10:23:57.926378,16.38,391.75,31.2,35.9,24.99,Charging,Normal,-0.4599
OVN-EV-002,2026-03-25 10:23:57.927031,24.11,396.3,28.78,41.55,22.93,Charging,Normal,-0.5189
OVN-EV-001,2026-03-25 10:23:57.928060,12.53,395.49,29.57,39.05,42.94,Charging,Normal,-0.4585
OVN-EV-003,2026-03-25 10:24:00.932788,17.34,414.44,30.51,42.24,62.72,Charging,Normal,-0.4484
OVN-EV-002,2026-03-25 10:24:00.932788,18.28,454.63,86.14,80.56,72.97,ANOMALY,ANOMALY,-0.678
OVN-EV-001,2026-03-25 10:24:00.932788,13.2,403.73,31.52,38.14,58.77,Charging,Normal,-0.4315
OVN-EV-003,2026-03-25 10:24:03.936307,18.44,406.06,34.4,31.88,35.15,Charging,Normal,-0.4766
OVN-EV-002,2026-03-25 10:24:03.936307,24.16,391.04,29.83,38.26,21.48,Charging,Normal,-0.5039
OVN-EV-001,2026-03-25 10:24:03.936307,18.87,416.48,31.85,32.43,59.66,Charging,Normal,-0.4538
OVN-EV-003,2026-03-25 10:24:06.940400,12.63,410.96,28.59,36.52,46.08,Charging,Normal,-0.4566
OVN-EV-002,2026-03-25 10:24:06.940400,18.09,414.58,35.78,41.24,94.64,Charging,Normal,-0.5298
OVN-EV-001,2026-03-25 10:24:06.940400,14.41,388.88,34.9,42.64,75.1,Charging,Normal,-0.4793
OVN-EV-003,2026-03-25 10:24:09.956654,20.55,390.91,31.1,39.54,89.85,Charging,Normal,-0.4632
OVN-EV-002,2026-03-25 10:24:09.956654,14.88,404.74,29.49,30.49,53.79,Charging,Normal,-0.4633
OVN-EV-001,2026-03-25 10:24:09.959263,24.79,384.42,34.38,37.9,90.38,Charging,Normal,-0.5298
OVN-EV-003,2026-03-25 10:24:12.960334,23.44,401.16,32.01,30.33,25.13,Charging,Normal,-0.4979
OVN-EV-002,2026-03-25 10:24:12.962487,14.3,385.97,28.33,34.11,42.83,Charging,Normal,-0.4756
OVN-EV-001,2026-03-25 10:24:12.963846,11.8,411.06,33.9,33.54,44.87,Charging,Normal,-0.4745
OVN-EV-003,2026-03-25 10:24:15.955722,22.56,405.62,35.14,39.55,91.54,Charging,Normal,-0.5077
OVN-EV-002,2026-03-25 10:24:15.955722,13.16,387.61,28.2,41.96,30.4,Charging,Normal,-0.5028
OVN-EV-001,2026-03-25 10:24:15.987800,12.46,412.74,32.0,30.08,72.3,Charging,Normal,-0.4939
OVN-EV-003,2026-03-25 10:24:18.973656,17.72,380.54,35.99,30.62,40.24,Charging,Normal,-0.5441
OVN-EV-002,2026-03-25 10:24:18.973656,15.89,394.37,31.56,32.28,31.58,Charging,Normal,-0.4551
OVN-EV-001,2026-03-25 10:24:18.974868,22.83,401.7,28.94,41.23,93.06,Charging,Normal,-0.5135
OVN-EV-003,2026-03-25 10:24:21.977388,24.24,409.07,35.39,40.31,28.22,Charging,Normal,-0.5125
OVN-EV-002,2026-03-25 10:24:21.977388,22.71,410.06,35.24,31.81,67.71,Charging,Normal,-0.4977
OVN-EV-001,2026-03-25 10:24:21.978460,16.8,391.69,33.85,32.01,69.78,Charging,Normal,-0.4543
OVN-EV-003,2026-03-25 10:24:24.989225,12.03,381.63,32.04,40.89,83.71,Charging,Normal,-0.4791
OVN-EV-002,2026-03-25 10:24:24.998071,20.53,410.04,30.83,38.28,59.92,Charging,Normal,-0.4335
OVN-EV-001,2026-03-25 10:24:24.998071,16.38,400.23,32.21,43.03,40.32,Charging,Normal,-0.4409
OVN-EV-003,2026-03-25 10:24:28.018886,14.32,416.68,30.04,41.24,79.95,Charging,Normal,-0.4726
OVN-EV-002,2026-03-25 10:24:28.018886,13.4,381.62,30.71,38.94,89.53,Charging,Normal,-0.4799
OVN-EV-001,2026-03-25 10:24:28.034922,19.13,394.52,31.21,38.87,34.94,Charging,Normal,-0.4303
OVN-EV-003,2026-03-25 10:24:31.031173,11.41,395.27,35.27,31.29,51.92,Charging,Normal,-0.5002
OVN-EV-002,2026-03-25 10:24:31.031173,21.94,381.49,33.04,37.71,92.18,Charging,Normal,-0.5122
OVN-EV-001,2026-03-25 10:24:31.031173,24.67,403.43,29.08,42.07,91.63,Charging,Normal,-0.5268
OVN-EV-003,2026-03-25 10:24:34.038946,16.4,394.1,29.27,43.51,90.87,Charging,Normal,-0.4951
OVN-EV-002,2026-03-25 10:24:34.038946,17.85,412.86,30.76,38.5,38.03,Charging,Normal,-0.4385
OVN-EV-001,2026-03-25 10:24:34.041094,17.73,391.85,30.07,41.99,68.48,Charging,Normal,-0.4381
OVN-EV-003,2026-03-25 10:24:37.025695,16.42,381.57,33.48,41.72,66.97,Charging,Normal,-0.4562
OVN-EV-002,2026-03-25 10:24:37.044473,22.61,414.41,35.0,34.11,64.41,Charging,Normal,-0.479
OVN-EV-001,2026-03-25 10:24:37.044473,10.73,392.87,28.03,38.28,71.66,Charging,Normal,-0.4968
OVN-EV-003,2026-03-25 10:24:40.044154,14.46,381.28,28.98,41.32,47.62,Charging,Normal,-0.4718
OVN-EV-002,2026-03-25 10:24:40.044154,23.27,412.65,35.23,40.46,79.46,Charging,Normal,-0.4953
OVN-EV-001,2026-03-25 10:24:40.044154,19.61,386.02,31.33,40.12,62.21,Charging,Normal,-0.4346
OVN-EV-003,2026-03-25 10:24:43.053693,18.85,384.51,28.93,39.11,85.21,Charging,Normal,-0.4758
OVN-EV-002,2026-03-25 10:24:43.053693,24.44,412.38,29.54,41.11,87.79,Charging,Normal,-0.5105
OVN-EV-001,2026-03-25 10:24:43.053693,16.98,400.27,28.75,42.44,63.21,Charging,Normal,-0.4456
OVN-EV-003,2026-03-25 10:24:46.056440,15.17,397.17,32.85,34.51,31.42,Charging,Normal,-0.4426
OVN-EV-002,2026-03-25 10:24:46.059958,15.06,408.41,33.14,32.27,24.85,Charging,Normal,-0.4704
OVN-EV-001,2026-03-25 10:24:46.061223,22.57,393.65,31.74,31.39,83.27,Charging,Normal,-0.4869
OVN-EV-003,2026-03-25 10:24:49.066623,16.86,409.7,31.07,31.42,53.41,Charging,Normal,-0.4472
OVN-EV-002,2026-03-25 10:24:49.067789,16.76,400.45,31.12,36.1,76.36,Charging,Normal,-0.4285
OVN-EV-001,2026-03-25 10:24:49.068297,16.12,410.13,29.03,32.99,61.87,Charging,Normal,-0.4486
OVN-EV-003,2026-03-25 10:24:52.072315,15.92,419.57,30.45,41.32,35.13,Charging,Normal,-0.4761
OVN-EV-002,2026-03-25 10:24:52.072315,23.64,384.46,28.48,34.43,22.17,Charging,Normal,-0.5173
OVN-EV-001,2026-03-25 10:24:52.073384,14.87,400.37,31.54,37.14,27.59,Charging,Normal,-0.4471
OVN-EV-003,2026-03-25 10:24:55.085050,15.61,399.16,32.55,41.2,79.29,Charging,Normal,-0.4354
OVN-EV-002,2026-03-25 10:24:55.086273,23.2,393.8,29.85,33.96,88.81,Charging,Normal,-0.4797
OVN-EV-001,2026-03-25 10:24:55.086273,10.3,382.24,34.5,43.03,48.31,Charging,Normal,-0.531
OVN-EV-003,2026-03-25 10:24:58.089949,22.28,386.05,28.01,40.91,94.46,Charging,Normal,-0.5418
OVN-EV-002,2026-03-25 10:24:58.089949,17.21,395.61,29.25,35.85,61.96,Charging,Normal,-0.4243
OVN-EV-001,2026-03-25 10:24:58.089949,11.03,398.15,29.7,43.67,48.65,Charging,Normal,-0.4832
OVN-EV-003,2026-03-25 10:25:01.112339,16.41,392.64,33.99,42.64,69.66,Charging,Normal,-0.4512
OVN-EV-002,2026-03-25 10:25:01.113617,22.54,394.2,32.25,37.38,38.71,Charging,Normal,-0.4441
OVN-EV-001,2026-03-25 10:25:01.113617,17.28,385.18,34.06,34.73,34.74,Charging,Normal,-0.4589
OVN-EV-003,2026-03-25 10:25:04.125761,23.84,383.18,30.23,44.82,74.09,Charging,Normal,-0.5145
OVN-EV-002,2026-03-25 10:25:04.125761,17.38,411.22,32.58,36.65,23.72,Charging,Normal,-0.4603
OVN-EV-001,2026-03-25 10:25:04.125761,23.69,416.56,34.34,32.31,38.32,Charging,Normal,-0.494
OVN-EV-003,2026-03-25 10:25:07.128159,20.77,395.51,28.68,44.51,34.23,Charging,Normal,-0.4942
OVN-EV-002,2026-03-25 10:25:07.128159,10.09,388.07,32.43,34.79,84.41,Charging,Normal,-0.5051
OVN-EV-001,2026-03-25 10:25:07.130644,16.07,482.59,93.85,73.91,75.37,ANOMALY,ANOMALY,-0.6844
OVN-EV-003,2026-03-25 10:25:10.140509,23.81,468.94,88.42,87.19,92.05,ANOMALY,ANOMALY,-0.69
OVN-EV-002,2026-03-25 10:25:10.140509,15.79,400.8,32.57,42.37,50.9,Charging,Normal,-0.4305
OVN-EV-001,2026-03-25 10:25:10.140509,22.78,410.02,29.39,37.97,27.95,Charging,Normal,-0.4826
OVN-EV-003,2026-03-25 10:25:13.145103,11.87,411.64,33.93,35.21,45.39,Charging,Normal,-0.4713
OVN-EV-002,2026-03-25 10:25:13.145103,24.47,419.68,29.55,35.01,67.27,Charging,Normal,-0.5072
OVN-EV-001,2026-03-25 10:25:13.145103,24.1,413.74,30.83,38.35,44.58,Charging,Normal,-0.473
OVN-EV-003,2026-03-25 10:25:16.153306,23.68,413.15,33.06,34.66,32.36,Charging,Normal,-0.4833
OVN-EV-002,2026-03-25 10:25:16.153306,22.5,413.2,29.6,41.38,24.46,Charging,Normal,-0.4906
OVN-EV-001,2026-03-25 10:25:16.153306,15.89,384.37,28.6,36.69,44.03,Charging,Normal,-0.4679
OVN-EV-003,2026-03-25 10:25:19.161362,12.67,400.86,28.31,38.88,20.6,Charging,Normal,-0.5103
OVN-EV-002,2026-03-25 10:25:19.161362,21.99,479.34,92.97,77.2,37.79,ANOMALY,ANOMALY,-0.6791
OVN-EV-001,2026-03-25 10:25:19.162659,23.49,380.89,31.71,43.17,71.04,Charging,Normal,-0.5061
OVN-EV-003,2026-03-25 10:25:22.161242,13.46,395.61,30.94,39.52,25.15,Charging,Normal,-0.4651
OVN-EV-002,2026-03-25 10:25:22.161792,17.31,470.62,96.01,76.55,89.96,ANOMALY,ANOMALY,-0.6851
OVN-EV-001,2026-03-25 10:25:22.161792,21.39,391.26,30.73,40.09,61.9,Charging,Normal,-0.4432
OVN-EV-003,2026-03-25 10:25:25.158722,14.81,405.99,35.57,39.39,82.64,Charging,Normal,-0.468
OVN-EV-002,2026-03-25 10:25:25.158722,21.35,394.04,31.88,40.68,92.32,Charging,Normal,-0.4877
OVN-EV-001,2026-03-25 10:25:25.158722,13.93,391.91,35.13,30.02,73.04,Charging,Normal,-0.4895
OVN-EV-003,2026-03-25 10:25:28.163484,22.65,469.37,84.07,80.71,28.3,ANOMALY,ANOMALY,-0.6802
OVN-EV-002,2026-03-25 10:25:28.163484,12.87,415.41,34.88,42.76,30.33,Charging,Normal,-0.5012
OVN-EV-001,2026-03-25 10:25:28.163484,15.21,403.3,31.08,35.59,59.49,Charging,Normal,-0.4157
OVN-EV-003,2026-03-25 10:25:31.175624,13.65,393.32,32.69,44.42,33.42,Charging,Normal,-0.4705
OVN-EV-002,2026-03-25 10:25:31.175624,15.87,414.98,29.99,43.45,83.39,Charging,Normal,-0.4687
OVN-EV-001,2026-03-25 10:25:31.176673,23.08,403.12,29.8,39.27,86.39,Charging,Normal,-0.4701
OVN-EV-003,2026-03-25 10:25:34.184952,20.7,404.88,29.77,38.56,70.55,Charging,Normal,-0.4448
OVN-EV-002,2026-03-25 10:25:34.184952,23.01,406.52,34.88,33.4,69.85,Charging,Normal,-0.4812
OVN-EV-001,2026-03-25 10:25:34.184952,12.04,408.79,35.34,40.97,81.76,Charging,Normal,-0.4859
OVN-EV-003,2026-03-25 10:25:37.194692,21.38,403.27,31.25,38.31,26.73,Charging,Normal,-0.4622
OVN-EV-002,2026-03-25 10:25:37.195517,23.71,381.73,28.85,41.31,51.2,Charging,Normal,-0.4991
OVN-EV-001,2026-03-25 10:25:37.195517,13.04,463.78,94.59,79.76,82.99,ANOMALY,ANOMALY,-0.6823
OVN-EV-003,2026-03-25 10:25:40.192532,24.58,402.3,33.78,30.46,35.24,Charging,Normal,-0.5071
OVN-EV-002,2026-03-25 10:25:40.192532,12.1,407.38,35.56,34.26,94.98,Charging,Normal,-0.5356
OVN-EV-001,2026-03-25 10:25:40.192532,24.75,413.54,31.0,31.68,69.1,Charging,Normal,-0.5074
OVN-EV-003,2026-03-25 10:25:43.203051,19.18,405.02,32.42,42.43,88.07,Charging,Normal,-0.4647
OVN-EV-002,2026-03-25 10:25:43.203051,11.53,416.67,29.36,43.13,88.57,Charging,Normal,-0.5259
OVN-EV-001,2026-03-25 10:25:43.203051,17.24,399.72,34.5,42.46,81.64,Charging,Normal,-0.4592
OVN-EV-003,2026-03-25 10:25:46.209820,17.43,386.41,28.58,38.74,39.23,Charging,Normal,-0.4601
OVN-EV-002,2026-03-25 10:25:46.209820,22.68,498.96,85.34,85.15,71.1,ANOMALY,ANOMALY,-0.7005
OVN-EV-001,2026-03-25 10:25:46.209820,18.28,406.36,31.27,42.66,29.0,Charging,Normal,-0.4608
OVN-EV-003,2026-03-25 10:25:49.219092,13.39,469.31,94.02,85.86,31.34,ANOMALY,ANOMALY,-0.6859
OVN-EV-002,2026-03-25 10:25:49.219602,15.83,400.85,33.87,40.9,80.97,Charging,Normal,-0.439
OVN-EV-001,2026-03-25 10:25:49.219602,24.6,383.29,31.52,44.92,31.56,Charging,Normal,-0.5375
OVN-EV-003,2026-03-25 10:25:52.229067,24.46,387.05,35.22,39.79,78.35,Charging,Normal,-0.5001
OVN-EV-002,2026-03-25 10:25:52.229067,13.13,407.45,34.57,41.06,64.28,Charging,Normal,-0.4504
OVN-EV-001,2026-03-25 10:25:52.229067,24.3,394.92,34.52,35.45,27.42,Charging,Normal,-0.5053
OVN-EV-003,2026-03-25 10:25:55.242493,10.1,404.04,33.55,35.37,29.04,Charging,Normal,-0.5161
OVN-EV-002,2026-03-25 10:25:55.242493,19.57,383.89,32.22,39.58,43.72,Charging,Normal,-0.4417
OVN-EV-001,2026-03-25 10:25:55.242493,11.2,389.86,33.09,31.54,42.44,Charging,Normal,-0.4797
OVN-EV-003,2026-03-25 10:25:58.256595,12.18,399.1,31.22,34.1,67.89,Charging,Normal,-0.4355
OVN-EV-002,2026-03-25 10:25:58.256595,15.24,401.91,32.92,42.02,39.99,Charging,Normal,-0.4317
OVN-EV-001,2026-03-25 10:25:58.256595,18.92,413.77,29.41,41.62,32.72,Charging,Normal,-0.4774
OVN-EV-003,2026-03-25 10:26:01.271867,19.04,418.33,30.0,42.24,53.48,Charging,Normal,-0.4636
OVN-EV-002,2026-03-25 10:26:01.271867,15.28,391.78,32.0,39.04,60.37,Charging,Normal,-0.424
OVN-EV-001,2026-03-25 10:26:01.271867,19.4,412.72,35.52,31.45,42.13,Charging,Normal,-0.4943
OVN-EV-003,2026-03-25 10:26:04.283416,17.3,389.94,32.97,39.92,41.96,Charging,Normal,-0.4364
OVN-EV-002,2026-03-25 10:26:04.283416,18.44,387.51,35.26,36.06,91.99,Charging,Normal,-0.5039
OVN-EV-001,2026-03-25 10:26:04.285103,13.95,400.61,28.72,35.94,51.88,Charging,Normal,-0.4435
OVN-EV-003,2026-03-25 10:26:07.277785,10.93,400.94,33.37,42.91,32.03,Charging,Normal,-0.4853
OVN-EV-002,2026-03-25 10:26:07.279268,24.93,412.09,30.95,35.68,22.81,Charging,Normal,-0.5168
OVN-EV-001,2026-03-25 10:26:07.279268,16.08,408.13,32.39,32.61,59.28,Charging,Normal,-0.4356
OVN-EV-003,2026-03-25 10:26:10.290846,20.46,389.42,30.45,39.64,92.26,Charging,Normal,-0.4745
OVN-EV-002,2026-03-25 10:26:10.290846,14.07,417.84,31.32,31.08,77.83,Charging,Normal,-0.4875
OVN-EV-001,2026-03-25 10:26:10.290846,14.03,389.28,33.08,43.48,47.37,Charging,Normal,-0.446
OVN-EV-003,2026-03-25 10:26:13.303185,15.62,407.76,31.52,38.55,67.29,Charging,Normal,-0.4199
OVN-EV-002,2026-03-25 10:26:13.303185,20.63,408.17,31.37,32.71,71.23,Charging,Normal,-0.4457
OVN-EV-001,2026-03-25 10:26:13.303185,17.31,419.53,30.36,31.72,48.72,Charging,Normal,-0.4815
OVN-EV-003,2026-03-25 10:26:16.308236,11.58,462.26,95.42,78.96,68.22,ANOMALY,ANOMALY,-0.69
OVN-EV-002,2026-03-25 10:26:16.308236,24.95,410.33,35.87,41.34,94.09,Charging,Normal,-0.5595
OVN-EV-001,2026-03-25 10:26:16.310005,15.5,393.44,32.85,41.0,40.91,Charging,Normal,-0.433
OVN-EV-003,2026-03-25 10:26:19.322647,24.0,417.05,30.53,30.43,32.1,Charging,Normal,-0.5229
OVN-EV-002,2026-03-25 10:26:19.322647,15.98,417.87,32.46,38.17,23.4,Charging,Normal,-0.4729
OVN-EV-001,2026-03-25 10:26:19.322647,16.37,384.57,35.31,32.87,74.72,Charging,Normal,-0.4806
OVN-EV-003,2026-03-25 10:26:22.335191,12.17,467.54,94.82,70.48,86.63,ANOMALY,ANOMALY,-0.6893
OVN-EV-002,2026-03-25 10:26:22.335191,13.68,384.93,28.91,43.08,64.59,Charging,Normal,-0.4627
OVN-EV-001,2026-03-25 10:26:22.335191,24.01,390.37,30.52,40.15,26.38,Charging,Normal,-0.495
OVN-EV-003,2026-03-25 10:26:25.328747,14.69,392.17,33.63,42.17,21.57,Charging,Normal,-0.4846
OVN-EV-002,2026-03-25 10:26:25.328747,11.1,409.19,35.18,40.24,44.84,Charging,Normal,-0.4926
OVN-EV-001,2026-03-25 10:26:25.328747,21.43,382.66,34.48,43.32,42.82,Charging,Normal,-0.4915
OVN-EV-003,2026-03-25 10:26:28.330838,10.45,400.82,31.24,34.98,42.16,Charging,Normal,-0.4685
OVN-EV-002,2026-03-25 10:26:28.330838,16.97,411.02,34.55,32.8,76.32,Charging,Normal,-0.4642
OVN-EV-001,2026-03-25 10:26:28.330838,24.01,402.05,34.89,35.76,85.38,Charging,Normal,-0.4892
OVN-EV-003,2026-03-25 10:26:31.346515,12.1,410.24,32.66,33.52,76.25,Charging,Normal,-0.4743
OVN-EV-002,2026-03-25 10:26:31.346515,15.61,396.84,32.13,36.53,57.73,Charging,Normal,-0.4156
OVN-EV-001,2026-03-25 10:26:31.346515,21.87,387.18,30.58,39.32,47.81,Charging,Normal,-0.4527
OVN-EV-003,2026-03-25 10:26:34.347284,20.09,399.98,31.15,43.3,49.18,Charging,Normal,-0.4416
OVN-EV-002,2026-03-25 10:26:34.347284,24.3,397.08,33.14,39.22,66.06,Charging,Normal,-0.4614
OVN-EV-001,2026-03-25 10:26:34.348398,10.16,394.57,33.21,35.91,62.26,Charging,Normal,-0.4905
OVN-EV-003,2026-03-25 10:26:37.362939,18.17,382.66,33.31,40.22,61.42,Charging,Normal,-0.4511
OVN-EV-002,2026-03-25 10:26:37.362939,20.08,384.24,34.4,44.12,49.81,Charging,Normal,-0.4737
OVN-EV-001,2026-03-25 10:26:37.365126,24.62,406.35,33.55,32.4,61.71,Charging,Normal,-0.4882
OVN-EV-003,2026-03-25 10:26:40.376331,20.34,389.81,33.57,30.49,73.74,Charging,Normal,-0.4822
OVN-EV-002,2026-03-25 10:26:40.376331,11.4,380.19,29.68,34.43,70.29,Charging,Normal,-0.5047
OVN-EV-001,2026-03-25 10:26:40.376331,10.38,407.15,31.96,38.75,75.69,Charging,Normal,-0.4742
OVN-EV-003,2026-03-25 10:26:43.395660,10.67,382.23,29.32,35.33,37.93,Charging,Normal,-0.5088
OVN-EV-002,2026-03-25 10:26:43.395660,22.82,396.66,28.17,42.53,49.29,Charging,Normal,-0.4819
OVN-EV-001,2026-03-25 10:26:43.395660,14.12,388.84,33.76,41.97,52.88,Charging,Normal,-0.4441
OVN-EV-003,2026-03-25 10:26:46.407362,17.39,380.63,29.75,33.05,49.84,Charging,Normal,-0.4753
OVN-EV-002,2026-03-25 10:26:46.407362,14.33,490.75,99.83,82.98,36.97,ANOMALY,ANOMALY,-0.6982
OVN-EV-001,2026-03-25 10:26:46.409042,13.42,416.42,34.27,30.09,63.97,Charging,Normal,-0.4918
OVN-EV-003,2026-03-25 10:26:49.413640,16.47,394.71,35.81,33.44,26.74,Charging,Normal,-0.5073
OVN-EV-002,2026-03-25 10:26:49.413640,21.59,386.25,29.0,40.55,36.48,Charging,Normal,-0.4747
OVN-EV-001,2026-03-25 10:26:49.414670,21.22,402.65,30.53,39.36,86.42,Charging,Normal,-0.4514
OVN-EV-003,2026-03-25 10:26:52.411640,18.4,401.88,29.97,38.71,63.69,Charging,Normal,-0.4204
OVN-EV-002,2026-03-25 10:26:52.411640,16.42,419.04,28.06,35.15,76.76,Charging,Normal,-0.4922
OVN-EV-001,2026-03-25 10:26:52.443124,14.44,392.15,32.54,34.99,78.78,Charging,Normal,-0.4489
OVN-EV-003,2026-03-25 10:26:55.422204,17.22,412.02,33.28,30.42,78.26,Charging,Normal,-0.4824
OVN-EV-002,2026-03-25 10:26:55.422204,18.92,414.07,28.92,35.92,59.27,Charging,Normal,-0.441
OVN-EV-001,2026-03-25 10:26:55.424840,18.83,413.57,29.13,37.85,63.95,Charging,Normal,-0.4366
OVN-EV-003,2026-03-25 10:26:58.425497,10.54,390.6,29.23,35.37,24.15,Charging,Normal,-0.5249
OVN-EV-002,2026-03-25 10:26:58.425497,24.37,407.44,29.63,38.7,53.25,Charging,Normal,-0.4699
OVN-EV-001,2026-03-25 10:26:58.425497,16.49,387.17,32.28,35.51,65.31,Charging,Normal,-0.4457
OVN-EV-003,2026-03-25 10:27:01.424712,15.49,383.11,34.42,37.82,94.69,Charging,Normal,-0.5091
OVN-EV-002,2026-03-25 10:27:01.424712,21.43,411.06,35.89,34.98,77.97,Charging,Normal,-0.489
OVN-EV-001,2026-03-25 10:27:01.424712,11.88,411.0,29.89,35.45,22.43,Charging,Normal,-0.4976
OVN-EV-003,2026-03-25 10:27:04.438780,18.47,389.82,33.84,37.63,73.46,Charging,Normal,-0.4409
OVN-EV-002,2026-03-25 10:27:04.438780,24.62,466.12,93.32,71.5,73.41,ANOMALY,ANOMALY,-0.6828
OVN-EV-001,2026-03-25 10:27:04.440977,23.65,412.85,33.1,33.0,35.17,Charging,Normal,-0.4942
OVN-EV-003,2026-03-25 10:27:07.447553,17.58,413.74,29.22,36.34,83.65,Charging,Normal,-0.4529
OVN-EV-001,2026-03-25 10:27:07.448121,13.39,413.34,35.25,30.16,32.16,Charging,Normal,-0.5237
OVN-EV-002,2026-03-25 10:27:07.448121,10.84,414.01,35.32,40.66,65.81,Charging,Normal,-0.5001
OVN-EV-003,2026-03-25 10:27:10.453538,10.4,408.89,29.02,39.91,29.31,Charging,Normal,-0.5124
OVN-EV-001,2026-03-25 10:27:10.454978,16.5,410.7,28.26,41.74,41.77,Charging,Normal,-0.4727
OVN-EV-002,2026-03-25 10:27:10.455487,21.44,414.92,30.11,30.21,23.27,Charging,Normal,-0.5195
OVN-EV-003,2026-03-25 10:27:13.466548,19.24,412.5,35.93,44.56,65.99,Charging,Normal,-0.5089
OVN-EV-001,2026-03-25 10:27:13.466548,19.03,385.83,33.4,44.64,69.3,Charging,Normal,-0.4778
OVN-EV-002,2026-03-25 10:27:13.466548,14.92,411.93,32.28,41.19,48.56,Charging,Normal,-0.4337
OVN-EV-003,2026-03-25 10:27:16.472464,21.84,392.52,33.6,32.85,53.65,Charging,Normal,-0.4481
OVN-EV-001,2026-03-25 10:27:16.472464,10.5,471.49,87.43,71.95,34.02,ANOMALY,ANOMALY,-0.6935
OVN-EV-002,2026-03-25 10:27:16.472464,18.98,387.85,28.15,44.04,63.5,Charging,Normal,-0.483
OVN-EV-003,2026-03-25 10:27:19.487403,20.37,398.0,34.43,37.02,68.22,Charging,Normal,-0.4317
OVN-EV-001,2026-03-25 10:27:19.487403,18.34,393.75,35.44,43.94,34.13,Charging,Normal,-0.489
OVN-EV-002,2026-03-25 10:27:19.487403,22.49,408.43,32.03,40.26,88.99,Charging,Normal,-0.4596
OVN-EV-003,2026-03-25 10:27:22.490858,17.19,413.82,34.02,38.41,50.55,Charging,Normal,-0.4413
OVN-EV-001,2026-03-25 10:27:22.490858,19.56,413.5,30.6,36.13,77.01,Charging,Normal,-0.4448
OVN-EV-002,2026-03-25 10:27:22.493513,10.69,401.0,32.31,40.37,84.59,Charging,Normal,-0.4769
OVN-EV-003,2026-03-25 10:27:25.497641,21.43,386.57,29.94,44.61,87.08,Charging,Normal,-0.5096
OVN-EV-001,2026-03-25 10:27:25.499491,24.3,381.21,32.5,33.17,88.01,Charging,Normal,-0.5116
OVN-EV-002,2026-03-25 10:27:25.499491,14.11,410.03,35.16,36.07,40.32,Charging,Normal,-0.455
OVN-EV-003,2026-03-25 10:27:28.505354,10.13,477.93,90.62,86.06,75.89,ANOMALY,ANOMALY,-0.6968
OVN-EV-001,2026-03-25 10:27:28.505354,21.56,383.01,29.53,33.11,44.74,Charging,Normal,-0.4653
OVN-EV-002,2026-03-25 10:27:28.505354,18.93,413.68,30.19,34.78,68.05,Charging,Normal,-0.4419
OVN-EV-003,2026-03-25 10:27:31.514330,22.34,380.74,30.44,35.02,27.0,Charging,Normal,-0.4896
OVN-EV-001,2026-03-25 10:27:31.514330,14.45,395.88,34.43,41.25,77.5,Charging,Normal,-0.4465
OVN-EV-002,2026-03-25 10:27:31.514330,22.21,415.72,30.84,34.76,91.85,Charging,Normal,-0.4983
OVN-EV-003,2026-03-25 10:27:34.521759,13.88,402.22,31.15,36.27,61.31,Charging,Normal,-0.4183
OVN-EV-001,2026-03-25 10:27:34.521759,22.98,411.61,35.21,43.38,82.27,Charging,Normal,-0.5059
OVN-EV-002,2026-03-25 10:27:34.521759,23.16,415.77,32.97,43.49,20.91,Charging,Normal,-0.5295
OVN-EV-003,2026-03-25 10:27:37.526505,11.82,412.2,34.67,43.95,87.18,Charging,Normal,-0.5226
OVN-EV-001,2026-03-25 10:27:37.526505,20.7,402.95,30.34,42.23,68.13,Charging,Normal,-0.4399
OVN-EV-002,2026-03-25 10:27:37.526505,14.17,415.69,34.53,32.09,46.81,Charging,Normal,-0.4803
OVN-EV-003,2026-03-25 10:27:40.547792,21.94,399.54,33.79,33.24,21.68,Charging,Normal,-0.4904
OVN-EV-001,2026-03-25 10:27:40.547792,14.46,403.06,29.03,37.96,32.29,Charging,Normal,-0.4579
OVN-EV-002,2026-03-25 10:27:40.547792,24.87,411.11,35.06,34.78,64.17,Charging,Normal,-0.4926
OVN-EV-003,2026-03-25 10:27:43.559163,14.08,381.0,31.18,42.97,91.67,Charging,Normal,-0.5051
OVN-EV-001,2026-03-25 10:27:43.559163,19.6,412.61,33.1,38.81,60.15,Charging,Normal,-0.4406
OVN-EV-002,2026-03-25 10:27:43.559163,13.4,402.03,28.92,44.8,34.71,Charging,Normal,-0.4953
OVN-EV-003,2026-03-25 10:27:46.573602,20.66,402.63,35.22,41.89,26.3,Charging,Normal,-0.4938
OVN-EV-001,2026-03-25 10:27:46.573602,24.65,397.98,34.28,41.54,40.17,Charging,Normal,-0.491
OVN-EV-002,2026-03-25 10:27:46.573602,13.3,417.62,34.09,33.39,72.39,Charging,Normal,-0.4768
OVN-EV-003,2026-03-25 10:27:49.579186,19.24,415.19,35.08,43.47,91.99,Charging,Normal,-0.5227
OVN-EV-001,2026-03-25 10:27:49.579691,24.92,406.67,34.19,44.51,47.32,Charging,Normal,-0.5145
OVN-EV-002,2026-03-25 10:27:49.579691,22.33,409.15,32.65,33.81,29.87,Charging,Normal,-0.4668
OVN-EV-003,2026-03-25 10:27:52.593582,23.0,404.48,28.02,44.57,77.28,Charging,Normal,-0.5097
OVN-EV-001,2026-03-25 10:27:52.593582,11.56,390.35,31.85,38.34,79.94,Charging,Normal,-0.4694
OVN-EV-002,2026-03-25 10:27:52.593582,21.6,410.37,28.46,37.67,25.05,Charging,Normal,-0.5019
OVN-EV-003,2026-03-25 10:27:55.597538,12.94,478.42,81.61,72.3,47.73,ANOMALY,ANOMALY,-0.6842
OVN-EV-001,2026-03-25 10:27:55.598064,20.09,415.39,29.95,33.55,63.13,Charging,Normal,-0.456
OVN-EV-002,2026-03-25 10:27:55.598064,22.76,399.47,33.23,30.95,39.96,Charging,Normal,-0.4645
OVN-EV-003,2026-03-25 10:27:58.605527,22.01,388.89,29.92,41.13,78.38,Charging,Normal,-0.4507
OVN-EV-001,2026-03-25 10:27:58.605527,12.79,389.8,35.57,35.72,36.62,Charging,Normal,-0.4923
OVN-EV-002,2026-03-25 10:27:58.605527,24.56,395.85,30.49,43.9,92.32,Charging,Normal,-0.5341
OVN-EV-003,2026-03-25 10:28:01.632268,16.11,406.77,33.77,39.04,29.09,Charging,Normal,-0.4557
OVN-EV-001,2026-03-25 10:28:01.632268,10.02,387.3,34.13,40.23,57.16,Charging,Normal,-0.52
OVN-EV-002,2026-03-25 10:28:01.632268,13.53,403.19,33.65,34.0,80.65,Charging,Normal,-0.4527
OVN-EV-003,2026-03-25 10:28:04.630139,24.75,388.39,29.44,39.88,61.16,Charging,Normal,-0.475
OVN-EV-001,2026-03-25 10:28:04.630139,12.08,398.39,33.4,30.27,69.93,Charging,Normal,-0.4977
OVN-EV-002,2026-03-25 10:28:04.632155,24.93,387.35,29.97,30.02,77.03,Charging,Normal,-0.5334
OVN-EV-003,2026-03-25 10:28:07.636965,17.45,415.6,31.78,39.86,89.69,Charging,Normal,-0.4791
OVN-EV-001,2026-03-25 10:28:07.636965,13.76,404.92,33.01,33.15,76.93,Charging,Normal,-0.4498
OVN-EV-002,2026-03-25 10:28:07.636965,13.11,383.4,30.75,43.71,82.43,Charging,Normal,-0.4803
OVN-EV-003,2026-03-25 10:28:10.644833,14.37,411.25,34.85,30.79,57.08,Charging,Normal,-0.4857
OVN-EV-001,2026-03-25 10:28:10.646353,10.47,397.27,28.89,31.77,87.01,Charging,Normal,-0.5318
OVN-EV-002,2026-03-25 10:28:10.646353,10.37,387.86,33.92,42.62,31.76,Charging,Normal,-0.5266
OVN-EV-003,2026-03-25 10:28:13.648240,20.24,414.58,34.87,35.36,27.32,Charging,Normal,-0.5054
OVN-EV-001,2026-03-25 10:28:13.648240,23.76,402.15,35.18,35.15,25.57,Charging,Normal,-0.4996
OVN-EV-002,2026-03-25 10:28:13.648240,12.69,393.53,31.04,40.97,45.69,Charging,Normal,-0.453
OVN-EV-003,2026-03-25 10:28:16.646160,16.21,399.4,28.62,41.58,51.3,Charging,Normal,-0.4361
OVN-EV-001,2026-03-25 10:28:16.646160,10.54,386.36,28.56,34.2,81.69,Charging,Normal,-0.51
OVN-EV-002,2026-03-25 10:28:16.670544,17.77,395.25,33.12,42.8,83.45,Charging,Normal,-0.445
OVN-EV-003,2026-03-25 10:28:19.642177,17.2,402.43,35.84,31.78,43.82,Charging,Normal,-0.4936
OVN-EV-001,2026-03-25 10:28:19.642177,14.67,418.8,30.06,36.17,33.06,Charging,Normal,-0.4839
OVN-EV-002,2026-03-25 10:28:19.686247,24.52,384.74,29.58,37.95,31.13,Charging,Normal,-0.4964
OVN-EV-003,2026-03-25 10:28:22.653954,23.25,411.34,30.6,30.88,20.51,Charging,Normal,-0.5197
OVN-EV-001,2026-03-25 10:28:22.653954,17.94,392.74,33.53,44.26,60.55,Charging,Normal,-0.4512
OVN-EV-002,2026-03-25 10:28:22.692012,16.94,402.92,33.74,42.55,83.84,Charging,Normal,-0.4528
OVN-EV-001,2026-03-25 10:28:25.659013,11.29,395.59,29.95,35.07,42.73,Charging,Normal,-0.4743
OVN-EV-003,2026-03-25 10:28:25.659013,23.9,416.01,34.09,40.19,65.07,Charging,Normal,-0.4859
OVN-EV-002,2026-03-25 10:28:25.707208,10.42,415.33,33.61,31.24,20.06,Charging,Normal,-0.5474
OVN-EV-001,2026-03-25 10:28:28.664568,10.97,389.72,34.32,30.19,41.86,Charging,Normal,-0.5311
OVN-EV-003,2026-03-25 10:28:28.665633,15.86,394.43,34.65,41.62,43.73,Charging,Normal,-0.4581
OVN-EV-002,2026-03-25 10:28:28.736421,20.66,415.19,31.6,34.82,57.18,Charging,Normal,-0.4497
OVN-EV-001,2026-03-25 10:28:31.659601,20.33,408.93,33.81,36.84,37.84,Charging,Normal,-0.4523
OVN-EV-003,2026-03-25 10:28:31.659601,19.36,456.0,99.95,82.24,43.04,ANOMALY,ANOMALY,-0.6839
OVN-EV-002,2026-03-25 10:28:31.738936,17.97,398.75,31.02,32.4,75.78,Charging,Normal,-0.4509
OVN-EV-001,2026-03-25 10:28:34.664621,10.59,397.96,35.66,42.5,62.83,Charging,Normal,-0.5042
OVN-EV-003,2026-03-25 10:28:34.665770,18.81,387.46,28.73,30.34,65.94,Charging,Normal,-0.4866
OVN-EV-002,2026-03-25 10:28:34.747817,15.83,396.38,32.82,33.23,51.03,Charging,Normal,-0.4335
OVN-EV-001,2026-03-25 10:28:37.659170,19.88,390.78,32.47,37.68,55.52,Charging,Normal,-0.4358
OVN-EV-003,2026-03-25 10:28:37.659170,18.04,412.42,31.65,31.89,62.91,Charging,Normal,-0.4543
OVN-EV-002,2026-03-25 10:28:37.762364,17.21,399.51,35.47,41.31,51.1,Charging,Normal,-0.4502
OVN-EV-001,2026-03-25 10:28:40.661914,13.28,419.48,31.19,39.6,83.34,Charging,Normal,-0.4822
OVN-EV-003,2026-03-25 10:28:40.661914,14.55,419.96,31.58,43.52,43.65,Charging,Normal,-0.4768
OVN-EV-002,2026-03-25 10:28:40.781610,10.33,407.6,33.35,36.94,88.25,Charging,Normal,-0.4938
OVN-EV-001,2026-03-25 10:28:43.664799,13.0,499.32,85.64,71.52,32.17,ANOMALY,ANOMALY,-0.7022
OVN-EV-003,2026-03-25 10:28:43.664799,21.72,381.53,32.07,31.53,63.29,Charging,Normal,-0.4841
OVN-EV-002,2026-03-25 10:28:43.797894,15.18,386.72,29.11,34.43,44.31,Charging,Normal,-0.4637
OVN-EV-003,2026-03-25 10:28:46.673417,15.04,380.62,33.44,36.25,80.34,Charging,Normal,-0.4783
OVN-EV-001,2026-03-25 10:28:46.673417,22.48,385.41,32.95,33.96,75.9,Charging,Normal,-0.4635
OVN-EV-002,2026-03-25 10:28:46.801573,14.6,417.2,29.25,35.58,70.37,Charging,Normal,-0.4618
OVN-EV-003,2026-03-25 10:28:49.678419,18.68,397.55,34.7,42.62,45.97,Charging,Normal,-0.4627
OVN-EV-001,2026-03-25 10:28:49.678419,11.54,454.2,85.22,78.37,90.79,ANOMALY,ANOMALY,-0.7035
OVN-EV-002,2026-03-25 10:28:49.815205,12.88,386.95,33.5,36.25,75.11,Charging,Normal,-0.469
OVN-EV-003,2026-03-25 10:28:52.681158,17.7,396.63,28.15,44.75,27.03,Charging,Normal,-0.5201
OVN-EV-001,2026-03-25 10:28:52.681158,10.97,408.6,30.03,43.27,67.32,Charging,Normal,-0.4775
OVN-EV-002,2026-03-25 10:28:52.812029,17.78,399.55,32.87,44.57,66.62,Charging,Normal,-0.4524
OVN-EV-003,2026-03-25 10:28:55.678978,23.43,381.38,33.46,35.59,22.8,Charging,Normal,-0.5074
OVN-EV-001,2026-03-25 10:28:55.678978,19.58,402.76,31.47,44.55,26.93,Charging,Normal,-0.5047
OVN-EV-002,2026-03-25 10:28:55.832794,12.94,382.63,32.15,31.21,21.51,Charging,Normal,-0.5252
OVN-EV-003,2026-03-25 10:28:58.686337,14.4,396.45,31.83,39.42,32.91,Charging,Normal,-0.4478
OVN-EV-001,2026-03-25 10:28:58.686337,10.51,400.88,28.68,41.75,84.87,Charging,Normal,-0.5112
OVN-EV-002,2026-03-25 10:28:58.829767,23.0,410.4,30.96,34.33,28.43,Charging,Normal,-0.4879
OVN-EV-003,2026-03-25 10:29:01.689163,19.17,386.77,28.3,43.71,83.18,Charging,Normal,-0.4949
OVN-EV-001,2026-03-25 10:29:01.689163,15.46,413.09,34.2,33.59,78.94,Charging,Normal,-0.4548
OVN-EV-002,2026-03-25 10:29:01.840074,12.26,417.53,34.91,39.49,23.56,Charging,Normal,-0.5214
OVN-EV-001,2026-03-25 10:29:04.703785,15.1,395.57,28.29,42.15,56.84,Charging,Normal,-0.4713
OVN-EV-003,2026-03-25 10:29:04.703785,17.49,408.99,35.39,31.41,70.35,Charging,Normal,-0.4708
OVN-EV-002,2026-03-25 10:29:04.848336,24.38,415.05,28.44,44.09,91.81,Charging,Normal,-0.567
OVN-EV-001,2026-03-25 10:29:07.718543,15.49,399.1,32.6,42.18,71.01,Charging,Normal,-0.4369
OVN-EV-003,2026-03-25 10:29:07.718543,16.88,386.54,34.03,32.53,73.11,Charging,Normal,-0.4583
OVN-EV-002,2026-03-25 10:29:07.846500,18.56,385.63,30.16,33.17,26.93,Charging,Normal,-0.4731
OVN-EV-001,2026-03-25 10:29:10.722473,21.39,384.64,32.0,33.31,82.73,Charging,Normal,-0.4634
OVN-EV-003,2026-03-25 10:29:10.722473,11.94,383.33,30.83,43.95,41.77,Charging,Normal,-0.4931
OVN-EV-002,2026-03-25 10:29:10.856743,20.38,400.94,31.91,36.7,52.75,Charging,Normal,-0.4267
OVN-EV-001,2026-03-25 10:29:13.720287,10.04,411.62,30.73,40.84,46.57,Charging,Normal,-0.5111
OVN-EV-003,2026-03-25 10:29:13.720287,10.92,408.22,29.13,36.52,73.99,Charging,Normal,-0.4911
OVN-EV-002,2026-03-25 10:29:13.864231,17.46,406.52,35.68,31.01,31.35,Charging,Normal,-0.5002
OVN-EV-001,2026-03-25 10:29:16.739249,10.65,396.99,32.91,30.54,49.34,Charging,Normal,-0.5085
OVN-EV-003,2026-03-25 10:29:16.739249,15.41,384.77,29.12,41.52,79.27,Charging,Normal,-0.4773
OVN-EV-002,2026-03-25 10:29:16.874956,21.13,387.55,35.37,34.7,53.13,Charging,Normal,-0.4659
OVN-EV-001,2026-03-25 10:29:19.741480,23.29,380.63,35.66,34.87,77.2,Charging,Normal,-0.5097
OVN-EV-003,2026-03-25 10:29:19.741480,18.2,392.7,29.62,30.75,49.96,Charging,Normal,-0.4794
OVN-EV-002,2026-03-25 10:29:19.894534,18.29,404.11,33.57,30.03,31.29,Charging,Normal,-0.4801
OVN-EV-001,2026-03-25 10:29:22.751907,19.11,387.97,29.05,41.01,43.13,Charging,Normal,-0.4505
OVN-EV-003,2026-03-25 10:29:22.751907,14.06,398.47,34.61,44.58,23.27,Charging,Normal,-0.5109
OVN-EV-002,2026-03-25 10:29:22.906259,23.05,406.21,30.99,35.79,50.68,Charging,Normal,-0.444
OVN-EV-003,2026-03-25 10:29:25.758193,18.3,391.02,28.68,38.92,27.29,Charging,Normal,-0.4715
OVN-EV-001,2026-03-25 10:29:25.758193,17.68,414.73,30.42,41.88,83.86,Charging,Normal,-0.4759
OVN-EV-002,2026-03-25 10:29:25.929460,21.79,400.23,31.03,37.26,20.08,Charging,Normal,-0.4836
OVN-EV-003,2026-03-25 10:29:28.762246,24.76,381.06,32.57,40.99,76.39,Charging,Normal,-0.5089
OVN-EV-001,2026-03-25 10:29:28.762246,14.77,403.72,33.96,34.82,21.71,Charging,Normal,-0.4728
OVN-EV-002,2026-03-25 10:29:28.929703,17.58,404.1,31.48,44.14,46.28,Charging,Normal,-0.4407
OVN-EV-003,2026-03-25 10:29:31.782050,14.28,388.1,33.06,41.54,74.19,Charging,Normal,-0.4559
OVN-EV-001,2026-03-25 10:29:31.782050,16.26,388.06,34.8,42.98,49.94,Charging,Normal,-0.4603
OVN-EV-002,2026-03-25 10:29:31.933230,24.5,392.32,28.03,35.07,33.95,Charging,Normal,-0.5109
OVN-EV-003,2026-03-25 10:29:34.785489,20.42,393.21,29.47,31.23,34.65,Charging,Normal,-0.4817
OVN-EV-001,2026-03-25 10:29:34.785489,21.98,410.3,30.7,40.51,60.36,Charging,Normal,-0.449
OVN-EV-002,2026-03-25 10:29:34.954158,14.6,381.72,29.88,33.13,28.11,Charging,Normal,-0.4862
OVN-EV-003,2026-03-25 10:29:37.784889,20.67,490.96,89.23,85.03,79.02,ANOMALY,ANOMALY,-0.6877
OVN-EV-001,2026-03-25 10:29:37.786212,21.02,414.6,31.15,35.07,81.55,Charging,Normal,-0.4651
OVN-EV-002,2026-03-25 10:29:37.970669,13.11,381.44,33.21,36.78,57.22,Charging,Normal,-0.4655
OVN-EV-003,2026-03-25 10:29:40.781437,15.5,408.17,34.36,35.66,37.07,Charging,Normal,-0.4415
OVN-EV-001,2026-03-25 10:29:40.781437,13.82,391.98,31.04,40.98,37.26,Charging,Normal,-0.4421
OVN-EV-002,2026-03-25 10:29:40.970700,13.93,390.46,29.72,32.24,92.4,Charging,Normal,-0.4994
OVN-EV-003,2026-03-25 10:29:43.787674,15.69,402.42,31.38,43.54,77.05,Charging,Normal,-0.4389
OVN-EV-001,2026-03-25 10:29:43.789019,20.29,412.41,28.43,40.83,82.63,Charging,Normal,-0.4888
OVN-EV-002,2026-03-25 10:29:43.988705,15.02,381.58,35.23,33.59,83.57,Charging,Normal,-0.5018
OVN-EV-001,2026-03-25 10:29:46.796723,10.87,398.54,32.13,41.15,89.14,Charging,Normal,-0.4869
OVN-EV-003,2026-03-25 10:29:46.796723,15.86,396.45,30.01,30.36,76.37,Charging,Normal,-0.4796
OVN-EV-002,2026-03-25 10:29:46.994692,19.11,415.75,31.35,44.81,58.13,Charging,Normal,-0.4878
OVN-EV-001,2026-03-25 10:29:49.797286,11.29,386.93,29.32,38.01,51.02,Charging,Normal,-0.4879
OVN-EV-003,2026-03-25 10:29:49.797286,13.71,406.67,28.51,37.05,69.18,Charging,Normal,-0.4519
OVN-EV-002,2026-03-25 10:29:50.015010,18.79,399.29,29.53,36.01,75.99,Charging,Normal,-0.4386
OVN-EV-001,2026-03-25 10:29:52.803014,18.86,403.97,32.1,38.02,50.04,Charging,Normal,-0.4291
OVN-EV-003,2026-03-25 10:29:52.803014,20.92,407.06,29.45,40.15,26.36,Charging,Normal,-0.4698
OVN-EV-002,2026-03-25 10:29:53.021058,14.5,397.71,33.27,43.43,42.29,Charging,Normal,-0.4517
OVN-EV-001,2026-03-25 10:29:55.810116,13.1,397.9,28.5,39.45,29.32,Charging,Normal,-0.4789
OVN-EV-003,2026-03-25 10:29:55.810116,13.02,398.69,33.87,31.52,42.63,Charging,Normal,-0.4706
OVN-EV-002,2026-03-25 10:29:56.015642,10.45,415.57,35.7,43.92,31.35,Charging,Normal,-0.561
OVN-EV-001,2026-03-25 10:29:58.817310,19.35,419.84,30.7,33.82,26.16,Charging,Normal,-0.5014
OVN-EV-003,2026-03-25 10:29:58.817310,13.14,392.89,30.62,31.06,86.56,Charging,Normal,-0.4867
OVN-EV-002,2026-03-25 10:29:59.030285,16.96,388.67,35.03,31.56,76.68,Charging,Normal,-0.4784
OVN-EV-001,2026-03-25 10:30:01.816730,21.71,395.56,35.92,30.59,33.93,Charging,Normal,-0.5383
OVN-EV-003,2026-03-25 10:30:01.816730,22.78,403.89,29.25,35.9,58.39,Charging,Normal,-0.4436
OVN-EV-002,2026-03-25 10:30:02.046188,15.45,395.4,29.42,32.38,93.99,Charging,Normal,-0.4937
OVN-EV-003,2026-03-25 10:30:04.817190,19.62,404.84,33.43,37.29,22.68,Charging,Normal,-0.4692
OVN-EV-001,2026-03-25 10:30:04.817190,20.2,390.91,33.08,44.65,78.55,Charging,Normal,-0.4719
OVN-EV-002,2026-03-25 10:30:05.058845,16.44,409.35,35.24,40.5,83.75,Charging,Normal,-0.4654
OVN-EV-003,2026-03-25 10:30:07.812346,24.02,396.64,31.93,37.69,51.3,Charging,Normal,-0.4445
OVN-EV-001,2026-03-25 10:30:07.812346,12.58,403.66,33.23,33.88,92.12,Charging,Normal,-0.4758
OVN-EV-002,2026-03-25 10:30:08.065841,23.18,403.28,30.77,32.54,83.26,Charging,Normal,-0.4651
OVN-EV-003,2026-03-25 10:30:10.817318,13.54,410.42,32.11,44.77,88.86,Charging,Normal,-0.4894
OVN-EV-001,2026-03-25 10:30:10.817318,17.81,400.15,35.2,36.77,52.44,Charging,Normal,-0.4428
OVN-EV-002,2026-03-25 10:30:11.078991,12.02,390.07,31.44,35.01,34.47,Charging,Normal,-0.4731
OVN-EV-003,2026-03-25 10:30:13.816324,23.17,404.86,31.12,30.18,29.26,Charging,Normal,-0.5011
OVN-EV-001,2026-03-25 10:30:13.817316,14.02,411.41,32.83,40.75,80.63,Charging,Normal,-0.4495
OVN-EV-002,2026-03-25 10:30:14.092554,19.34,394.09,35.83,32.67,64.04,Charging,Normal,-0.4879
OVN-EV-003,2026-03-25 10:30:16.821956,12.89,410.13,35.25,37.3,37.53,Charging,Normal,-0.4682
OVN-EV-001,2026-03-25 10:30:16.821956,18.54,404.9,33.74,41.12,67.34,Charging,Normal,-0.4258
OVN-EV-002,2026-03-25 10:30:17.095025,20.24,386.35,35.52,43.21,62.4,Charging,Normal,-0.4782
OVN-EV-003,2026-03-25 10:30:19.817383,18.56,406.66,28.04,35.72,43.4,Charging,Normal,-0.4527
OVN-EV-001,2026-03-25 10:30:19.842455,23.82,416.85,32.92,41.02,87.98,Charging,Normal,-0.4963
OVN-EV-002,2026-03-25 10:30:20.095923,24.06,384.42,35.38,41.35,82.39,Charging,Normal,-0.522
OVN-EV-003,2026-03-25 10:30:22.817521,14.07,387.88,30.45,30.92,23.21,Charging,Normal,-0.499
OVN-EV-001,2026-03-25 10:30:22.850815,14.19,405.86,30.3,39.92,93.58,Charging,Normal,-0.4731
OVN-EV-002,2026-03-25 10:30:23.108888,13.82,472.93,99.89,80.96,30.18,ANOMALY,ANOMALY,-0.6862
OVN-EV-003,2026-03-25 10:30:25.812966,16.05,415.85,33.04,41.29,25.38,Charging,Normal,-0.4744
OVN-EV-001,2026-03-25 10:30:25.846222,24.51,382.64,32.77,43.66,37.24,Charging,Normal,-0.5069
OVN-EV-002,2026-03-25 10:30:26.126741,13.9,399.05,34.28,42.04,66.58,Charging,Normal,-0.4439
OVN-EV-003,2026-03-25 10:30:28.816148,10.15,401.68,35.94,34.86,30.49,Charging,Normal,-0.5365
OVN-EV-001,2026-03-25 10:30:28.857002,23.26,405.76,29.14,42.91,39.63,Charging,Normal,-0.4778
OVN-EV-002,2026-03-25 10:30:29.127532,13.34,387.28,33.74,31.48,38.97,Charging,Normal,-0.4763
OVN-EV-003,2026-03-25 10:30:31.821390,21.15,411.56,28.79,36.2,64.96,Charging,Normal,-0.4365
OVN-EV-001,2026-03-25 10:30:31.878502,17.23,476.47,97.17,78.55,32.81,ANOMALY,ANOMALY,-0.677
OVN-EV-002,2026-03-25 10:30:32.132238,24.13,406.11,35.31,44.65,72.97,Charging,Normal,-0.5029
OVN-EV-003,2026-03-25 10:30:34.825990,17.92,411.07,29.49,31.11,93.01,Charging,Normal,-0.494
OVN-EV-001,2026-03-25 10:30:34.883765,15.78,401.98,32.12,44.59,69.62,Charging,Normal,-0.4507
OVN-EV-002,2026-03-25 10:30:35.121687,17.65,411.59,35.68,34.61,22.39,Charging,Normal,-0.4958
OVN-EV-003,2026-03-25 10:30:37.829588,23.33,381.32,29.16,35.68,82.54,Charging,Normal,-0.4952
OVN-EV-001,2026-03-25 10:30:37.893689,20.69,406.1,35.94,39.38,60.98,Charging,Normal,-0.4809
OVN-EV-002,2026-03-25 10:30:38.132007,19.8,392.73,30.39,38.92,88.98,Charging,Normal,-0.458
OVN-EV-003,2026-03-25 10:30:40.834436,13.35,416.49,35.14,34.6,84.21,Charging,Normal,-0.4952
OVN-EV-001,2026-03-25 10:30:40.908117,16.1,408.81,35.69,35.25,43.98,Charging,Normal,-0.4581
OVN-EV-002,2026-03-25 10:30:41.132211,10.59,389.85,34.9,35.32,71.8,Charging,Normal,-0.4999
OVN-EV-003,2026-03-25 10:30:43.840265,11.12,393.25,32.36,41.25,48.11,Charging,Normal,-0.464
OVN-EV-001,2026-03-25 10:30:43.911725,15.44,394.41,33.72,42.61,83.36,Charging,Normal,-0.4596
OVN-EV-002,2026-03-25 10:30:44.139221,23.29,398.06,29.87,32.19,31.55,Charging,Normal,-0.4909
OVN-EV-003,2026-03-25 10:30:46.849266,20.23,399.7,29.84,43.84,31.49,Charging,Normal,-0.46
OVN-EV-001,2026-03-25 10:30:46.921103,23.46,382.66,29.35,33.27,86.0,Charging,Normal,-0.5046
OVN-EV-002,2026-03-25 10:30:47.148551,24.81,396.86,34.98,40.96,28.99,Charging,Normal,-0.5084
OVN-EV-003,2026-03-25 10:30:49.867769,19.26,384.42,29.15,43.94,63.14,Charging,Normal,-0.476
OVN-EV-001,2026-03-25 10:30:49.947104,19.89,390.12,34.79,37.86,26.51,Charging,Normal,-0.4787
OVN-EV-002,2026-03-25 10:30:50.135566,17.21,389.12,34.97,41.13,50.58,Charging,Normal,-0.4418
OVN-EV-003,2026-03-25 10:30:52.862066,22.88,401.49,35.37,41.43,61.23,Charging,Normal,-0.4641
OVN-EV-001,2026-03-25 10:30:52.968054,21.17,401.54,30.74,32.24,38.72,Charging,Normal,-0.4453
OVN-EV-002,2026-03-25 10:30:53.148352,11.66,385.88,34.02,41.22,52.33,Charging,Normal,-0.4792
OVN-EV-003,2026-03-25 10:30:55.882109,13.49,385.22,34.23,43.85,83.98,Charging,Normal,-0.4981
OVN-EV-001,2026-03-25 10:30:55.989021,17.41,402.9,30.42,41.63,91.52,Charging,Normal,-0.4649
OVN-EV-002,2026-03-25 10:30:56.147874,19.95,381.59,35.65,38.41,30.54,Charging,Normal,-0.5136
OVN-EV-003,2026-03-25 10:30:58.886173,25.0,381.56,33.29,34.04,93.94,Charging,Normal,-0.5508
OVN-EV-001,2026-03-25 10:30:58.999627,10.5,413.74,29.8,40.56,50.27,Charging,Normal,-0.4883
OVN-EV-002,2026-03-25 10:30:59.156637,18.97,401.39,31.84,30.37,67.46,Charging,Normal,-0.4478
OVN-EV-003,2026-03-25 10:31:01.895907,20.99,382.26,31.68,33.29,43.59,Charging,Normal,-0.4549
OVN-EV-001,2026-03-25 10:31:02.013586,21.7,398.56,30.12,33.09,81.02,Charging,Normal,-0.4709
OVN-EV-002,2026-03-25 10:31:02.164583,11.25,483.29,84.57,72.51,42.97,ANOMALY,ANOMALY,-0.6863
OVN-EV-003,2026-03-25 10:31:04.907209,19.15,389.19,29.43,41.38,20.92,Charging,Normal,-0.4943
OVN-EV-001,2026-03-25 10:31:05.027367,23.84,388.32,31.86,37.29,52.1,Charging,Normal,-0.4618
OVN-EV-002,2026-03-25 10:31:05.165072,17.75,489.63,92.23,75.24,83.06,ANOMALY,ANOMALY,-0.6778
OVN-EV-003,2026-03-25 10:31:07.927962,22.4,389.33,33.67,30.94,74.36,Charging,Normal,-0.4837
OVN-EV-001,2026-03-25 10:31:08.037574,16.14,405.59,34.82,42.92,60.24,Charging,Normal,-0.4475
OVN-EV-002,2026-03-25 10:31:08.168438,12.48,385.05,32.55,31.75,70.51,Charging,Normal,-0.4845
OVN-EV-003,2026-03-25 10:31:10.932388,13.06,400.45,31.63,32.0,26.85,Charging,Normal,-0.4699
OVN-EV-001,2026-03-25 10:31:11.038609,16.32,401.65,30.73,32.71,66.56,Charging,Normal,-0.4396
OVN-EV-002,2026-03-25 10:31:11.185742,10.14,411.63,28.07,30.96,93.94,Charging,Normal,-0.5948
OVN-EV-003,2026-03-25 10:31:13.945869,13.46,410.74,35.37,35.64,77.46,Charging,Normal,-0.4827
OVN-EV-001,2026-03-25 10:31:14.051675,11.02,398.21,34.95,37.21,77.58,Charging,Normal,-0.4789
OVN-EV-002,2026-03-25 10:31:14.199968,18.94,387.89,31.15,42.1,78.74,Charging,Normal,-0.4623
OVN-EV-003,2026-03-25 10:31:16.934839,11.91,395.52,29.53,38.0,33.43,Charging,Normal,-0.4775
OVN-EV-001,2026-03-25 10:31:17.056778,12.29,417.38,35.99,43.45,26.11,Charging,Normal,-0.5419
OVN-EV-002,2026-03-25 10:31:17.201818,15.63,413.27,34.35,36.53,46.53,Charging,Normal,-0.4387
OVN-EV-003,2026-03-25 10:31:19.940750,20.08,401.71,32.92,31.28,58.01,Charging,Normal,-0.4459
OVN-EV-001,2026-03-25 10:31:20.071160,11.05,393.6,33.3,33.38,63.17,Charging,Normal,-0.4741
OVN-EV-002,2026-03-25 10:31:20.219577,12.79,417.32,29.17,44.39,25.4,Charging,Normal,-0.5331
OVN-EV-003,2026-03-25 10:31:22.950541,20.76,407.81,34.87,39.83,85.05,Charging,Normal,-0.4687
OVN-EV-001,2026-03-25 10:31:23.071837,18.6,454.46,90.76,87.58,39.0,ANOMALY,ANOMALY,-0.685
OVN-EV-002,2026-03-25 10:31:23.236399,19.98,399.59,31.68,44.01,65.01,Charging,Normal,-0.4465
OVN-EV-003,2026-03-25 10:31:25.963027,18.62,401.85,34.57,43.63,49.62,Charging,Normal,-0.4498
OVN-EV-001,2026-03-25 10:31:26.062254,22.77,417.08,34.83,41.76,68.63,Charging,Normal,-0.4932
OVN-EV-002,2026-03-25 10:31:26.236423,12.9,390.38,35.23,32.06,33.78,Charging,Normal,-0.503
OVN-EV-003,2026-03-25 10:31:28.981399,22.4,408.56,35.56,33.28,47.53,Charging,Normal,-0.4965
OVN-EV-001,2026-03-25 10:31:29.061290,18.39,389.08,32.92,39.93,34.53,Charging,Normal,-0.4401
OVN-EV-002,2026-03-25 10:31:29.235096,14.81,405.96,34.27,34.54,22.16,Charging,Normal,-0.4798
OVN-EV-003,2026-03-25 10:31:31.995150,16.02,404.59,32.49,40.03,43.91,Charging,Normal,-0.4216
OVN-EV-001,2026-03-25 10:31:32.067816,20.4,392.86,31.26,38.67,30.62,Charging,Normal,-0.4478
OVN-EV-002,2026-03-25 10:31:32.245593,14.24,402.58,34.01,43.96,43.64,Charging,Normal,-0.4544
OVN-EV-003,2026-03-25 10:31:34.999464,24.93,398.31,32.19,43.56,48.27,Charging,Normal,-0.5042
OVN-EV-001,2026-03-25 10:31:35.065913,10.47,384.75,29.92,31.19,27.94,Charging,Normal,-0.5487
OVN-EV-002,2026-03-25 10:31:35.270704,23.06,406.01,31.61,35.69,68.47,Charging,Normal,-0.4503
OVN-EV-003,2026-03-25 10:31:38.019390,22.96,383.33,35.3,44.53,61.89,Charging,Normal,-0.5174
OVN-EV-001,2026-03-25 10:31:38.067158,20.75,409.91,29.73,34.19,86.72,Charging,Normal,-0.465
OVN-EV-002,2026-03-25 10:31:38.282288,16.0,419.68,29.87,41.14,82.34,Charging,Normal,-0.4845
OVN-EV-003,2026-03-25 10:31:41.031750,15.4,390.35,31.36,36.55,41.8,Charging,Normal,-0.4269
OVN-EV-001,2026-03-25 10:31:41.069074,13.64,416.17,32.43,43.12,20.41,Charging,Normal,-0.5102
OVN-EV-002,2026-03-25 10:31:41.298386,21.96,384.12,31.3,32.35,88.98,Charging,Normal,-0.5037
OVN-EV-003,2026-03-25 10:31:44.035212,11.34,398.17,29.96,34.64,67.74,Charging,Normal,-0.4611
OVN-EV-001,2026-03-25 10:31:44.067848,17.59,409.87,28.76,40.89,20.66,Charging,Normal,-0.4936
OVN-EV-002,2026-03-25 10:31:44.314299,20.6,393.51,28.3,39.69,57.5,Charging,Normal,-0.4586
OVN-EV-003,2026-03-25 10:31:47.034646,16.76,404.09,33.69,39.07,41.37,Charging,Normal,-0.4352
OVN-EV-001,2026-03-25 10:31:47.082316,14.63,409.12,30.71,30.03,90.77,Charging,Normal,-0.5043
OVN-EV-002,2026-03-25 10:31:47.330570,14.21,382.9,31.44,44.94,26.82,Charging,Normal,-0.52
OVN-EV-003,2026-03-25 10:31:50.035923,13.55,390.49,32.41,37.55,31.98,Charging,Normal,-0.4514
OVN-EV-001,2026-03-25 10:31:50.092346,12.48,404.7,28.14,40.01,33.02,Charging,Normal,-0.4814
OVN-EV-002,2026-03-25 10:31:50.347218,22.52,383.09,33.96,37.06,84.13,Charging,Normal,-0.4887
OVN-EV-003,2026-03-25 10:31:53.036943,23.4,394.55,31.39,42.64,87.62,Charging,Normal,-0.5043
OVN-EV-001,2026-03-25 10:31:53.104203,23.92,382.25,31.68,40.06,59.32,Charging,Normal,-0.4714
OVN-EV-002,2026-03-25 10:31:53.349544,17.68,382.42,28.7,32.21,61.04,Charging,Normal,-0.4772
OVN-EV-003,2026-03-25 10:31:56.036572,22.22,389.33,30.24,31.73,28.08,Charging,Normal,-0.4966
OVN-EV-001,2026-03-25 10:31:56.119300,24.55,401.64,29.55,32.8,74.87,Charging,Normal,-0.4861
OVN-EV-002,2026-03-25 10:31:56.341786,19.59,391.78,34.62,36.38,66.11,Charging,Normal,-0.4427
OVN-EV-003,2026-03-25 10:31:59.033881,18.78,385.2,31.47,34.78,91.94,Charging,Normal,-0.4801
OVN-EV-001,2026-03-25 10:31:59.130142,11.09,390.2,29.83,32.47,86.37,Charging,Normal,-0.5102
OVN-EV-002,2026-03-25 10:31:59.363086,20.16,403.7,35.51,43.54,49.7,Charging,Normal,-0.4721
OVN-EV-003,2026-03-25 10:32:02.045881,14.3,395.84,32.42,37.43,66.43,Charging,Normal,-0.4212
OVN-EV-001,2026-03-25 10:32:02.137737,15.12,408.15,33.83,32.93,80.7,Charging,Normal,-0.452
OVN-EV-002,2026-03-25 10:32:02.360454,10.35,384.54,30.54,35.89,33.43,Charging,Normal,-0.5083
OVN-EV-003,2026-03-25 10:32:05.055242,11.93,394.79,35.64,36.22,75.83,Charging,Normal,-0.4832
OVN-EV-001,2026-03-25 10:32:05.152817,20.34,394.52,33.25,33.8,79.85,Charging,Normal,-0.4391
OVN-EV-002,2026-03-25 10:32:05.367922,16.08,407.89,33.59,30.5,59.93,Charging,Normal,-0.4685
OVN-EV-003,2026-03-25 10:32:08.064621,23.69,387.37,31.97,39.18,86.44,Charging,Normal,-0.4874
OVN-EV-001,2026-03-25 10:32:08.169490,23.96,382.1,33.55,39.12,23.09,Charging,Normal,-0.514
OVN-EV-002,2026-03-25 10:32:08.362957,10.9,412.6,31.68,32.35,37.43,Charging,Normal,-0.5025
OVN-EV-003,2026-03-25 10:32:11.080393,11.16,413.54,33.54,35.48,85.75,Charging,Normal,-0.4974
OVN-EV-001,2026-03-25 10:32:11.177311,16.87,400.35,35.22,39.81,34.66,Charging,Normal,-0.4579
OVN-EV-002,2026-03-25 10:32:11.374536,17.63,380.52,32.2,30.22,36.81,Charging,Normal,-0.5042
OVN-EV-003,2026-03-25 10:32:14.084026,24.14,400.08,28.29,36.63,59.65,Charging,Normal,-0.4821
OVN-EV-001,2026-03-25 10:32:14.181210,13.38,394.5,29.52,42.06,23.36,Charging,Normal,-0.4862
OVN-EV-002,2026-03-25 10:32:14.386253,24.7,383.59,29.34,33.23,91.73,Charging,Normal,-0.5479
OVN-EV-003,2026-03-25 10:32:17.088403,17.5,416.73,29.04,39.53,50.24,Charging,Normal,-0.4526
OVN-EV-001,2026-03-25 10:32:17.192197,17.66,387.6,35.46,41.98,61.67,Charging,Normal,-0.4694
OVN-EV-002,2026-03-25 10:32:17.404668,20.83,395.53,30.47,34.24,58.45,Charging,Normal,-0.4299
OVN-EV-003,2026-03-25 10:32:20.099566,17.09,382.26,30.99,34.89,85.5,Charging,Normal,-0.4788
OVN-EV-001,2026-03-25 10:32:20.204395,19.6,395.13,31.07,41.64,41.64,Charging,Normal,-0.4432
OVN-EV-002,2026-03-25 10:32:20.418424,23.98,417.12,31.84,31.17,89.66,Charging,Normal,-0.5302
OVN-EV-003,2026-03-25 10:32:23.111302,12.63,414.9,30.81,33.48,24.72,Charging,Normal,-0.4877
OVN-EV-001,2026-03-25 10:32:23.214286,12.6,403.84,28.99,38.64,56.71,Charging,Normal,-0.4412
OVN-EV-002,2026-03-25 10:32:23.424483,16.16,413.78,28.73,38.21,73.64,Charging,Normal,-0.454
OVN-EV-003,2026-03-25 10:32:26.115266,21.14,418.56,35.68,31.79,48.97,Charging,Normal,-0.5179
OVN-EV-001,2026-03-25 10:32:26.235270,21.33,391.64,35.66,42.34,68.19,Charging,Normal,-0.4719
OVN-EV-002,2026-03-25 10:32:26.439615,19.33,412.62,29.39,34.33,62.03,Charging,Normal,-0.4363
OVN-EV-003,2026-03-25 10:32:29.113811,19.32,380.37,33.58,42.91,45.73,Charging,Normal,-0.4798
OVN-EV-001,2026-03-25 10:32:29.253008,16.24,386.41,28.48,43.57,68.69,Charging,Normal,-0.4755
OVN-EV-002,2026-03-25 10:32:29.453459,23.94,408.62,33.18,43.59,28.32,Charging,Normal,-0.5049
OVN-EV-003,2026-03-25 10:32:32.120294,13.19,401.96,33.55,41.8,36.93,Charging,Normal,-0.4507
OVN-EV-001,2026-03-25 10:32:32.255763,16.82,408.27,34.92,31.35,53.72,Charging,Normal,-0.469
OVN-EV-002,2026-03-25 10:32:32.472718,16.53,414.94,29.5,35.66,46.32,Charging,Normal,-0.4444
OVN-EV-003,2026-03-25 10:32:35.135188,21.29,416.12,29.16,36.16,21.43,Charging,Normal,-0.5075
OVN-EV-001,2026-03-25 10:32:35.250332,18.77,414.53,34.67,31.93,72.87,Charging,Normal,-0.4743
OVN-EV-002,2026-03-25 10:32:35.485175,16.05,398.42,32.72,31.29,69.49,Charging,Normal,-0.4501
OVN-EV-003,2026-03-25 10:32:38.149610,12.67,388.92,34.73,35.65,41.04,Charging,Normal,-0.4692
OVN-EV-001,2026-03-25 10:32:38.261542,24.81,498.82,81.23,70.42,70.16,ANOMALY,ANOMALY,-0.7098
OVN-EV-002,2026-03-25 10:32:38.487276,15.97,382.92,35.67,38.41,63.57,Charging,Normal,-0.4709
OVN-EV-003,2026-03-25 10:32:41.150323,11.7,402.58,31.38,34.3,39.55,Charging,Normal,-0.4595
OVN-EV-001,2026-03-25 10:32:41.268236,21.22,389.42,30.16,42.53,30.64,Charging,Normal,-0.4682
OVN-EV-002,2026-03-25 10:32:41.500892,17.12,415.69,30.32,38.08,57.16,Charging,Normal,-0.4475
OVN-EV-003,2026-03-25 10:32:44.172867,23.23,394.93,30.61,40.23,62.97,Charging,Normal,-0.4431
OVN-EV-001,2026-03-25 10:32:44.269901,20.59,387.18,28.83,39.34,68.15,Charging,Normal,-0.4484
OVN-EV-002,2026-03-25 10:32:44.520314,18.74,387.2,29.18,34.51,77.55,Charging,Normal,-0.4545
OVN-EV-003,2026-03-25 10:32:47.185908,11.37,380.36,32.09,30.71,56.57,Charging,Normal,-0.5239
OVN-EV-001,2026-03-25 10:32:47.266605,19.05,409.92,34.85,32.41,81.95,Charging,Normal,-0.4734
OVN-EV-002,2026-03-25 10:32:47.533568,10.83,418.33,32.24,32.96,90.32,Charging,Normal,-0.5306
OVN-EV-003,2026-03-25 10:32:50.200695,15.23,409.22,28.37,40.27,60.04,Charging,Normal,-0.4469
OVN-EV-001,2026-03-25 10:32:50.266915,12.2,383.56,30.74,44.58,59.41,Charging,Normal,-0.4872
OVN-EV-002,2026-03-25 10:32:50.538029,13.2,408.73,29.29,44.43,33.37,Charging,Normal,-0.4974
OVN-EV-003,2026-03-25 10:32:53.220014,10.08,418.78,29.48,44.06,79.31,Charging,Normal,-0.5538
OVN-EV-001,2026-03-25 10:32:53.268866,14.58,399.28,31.25,44.94,25.65,Charging,Normal,-0.4963
OVN-EV-002,2026-03-25 10:32:53.537216,15.0,401.71,35.23,42.95,94.36,Charging,Normal,-0.5055
OVN-EV-003,2026-03-25 10:32:56.242307,11.65,398.43,30.41,38.66,90.95,Charging,Normal,-0.4869
OVN-EV-001,2026-03-25 10:32:56.282329,13.37,380.4,33.71,38.24,23.96,Charging,Normal,-0.4908
OVN-EV-002,2026-03-25 10:32:56.547040,16.91,470.2,99.3,74.96,66.47,ANOMALY,ANOMALY,-0.6711
OVN-EV-003,2026-03-25 10:32:59.242257,22.8,386.04,33.23,43.27,63.18,Charging,Normal,-0.4699
OVN-EV-001,2026-03-25 10:32:59.289815,16.0,390.85,33.66,43.1,88.62,Charging,Normal,-0.4698
OVN-EV-002,2026-03-25 10:32:59.560488,24.66,398.38,35.58,34.78,88.89,Charging,Normal,-0.546
OVN-EV-003,2026-03-25 10:33:02.242479,11.56,414.64,28.67,41.95,91.59,Charging,Normal,-0.5086
OVN-EV-001,2026-03-25 10:33:02.297936,17.73,401.31,34.0,31.98,50.73,Charging,Normal,-0.45
OVN-EV-002,2026-03-25 10:33:02.568062,21.35,389.45,29.37,36.09,77.01,Charging,Normal,-0.448
OVN-EV-003,2026-03-25 10:33:05.237540,15.54,409.09,31.06,38.9,33.95,Charging,Normal,-0.4421
OVN-EV-001,2026-03-25 10:33:05.311393,18.9,417.97,28.91,42.53,62.4,Charging,Normal,-0.4753
OVN-EV-002,2026-03-25 10:33:05.563331,21.99,408.81,35.47,32.05,92.46,Charging,Normal,-0.5159
OVN-EV-003,2026-03-25 10:33:08.239895,24.6,388.26,32.65,30.84,56.42,Charging,Normal,-0.4972
OVN-EV-001,2026-03-25 10:33:08.318722,18.62,417.9,30.59,37.42,65.25,Charging,Normal,-0.4531
OVN-EV-002,2026-03-25 10:33:08.569921,23.87,387.99,31.07,36.43,71.07,Charging,Normal,-0.4553
OVN-EV-003,2026-03-25 10:33:11.253342,13.77,412.29,34.87,42.97,82.15,Charging,Normal,-0.485
OVN-EV-001,2026-03-25 10:33:11.316867,16.77,415.83,33.82,31.44,35.33,Charging,Normal,-0.485
OVN-EV-002,2026-03-25 10:33:11.572966,17.6,405.88,28.37,40.0,26.7,Charging,Normal,-0.4733
OVN-EV-003,2026-03-25 10:33:14.253002,20.88,395.95,33.9,34.97,89.76,Charging,Normal,-0.466
OVN-EV-001,2026-03-25 10:33:14.316818,11.38,403.44,33.56,44.38,30.55,Charging,Normal,-0.4912
OVN-EV-002,2026-03-25 10:33:14.594246,11.99,474.94,80.09,80.91,41.04,ANOMALY,ANOMALY,-0.676
OVN-EV-003,2026-03-25 10:33:17.256753,18.44,398.7,34.91,41.89,47.97,Charging,Normal,-0.4546
OVN-EV-001,2026-03-25 10:33:17.323879,17.45,394.51,33.4,39.47,82.5,Charging,Normal,-0.4363
OVN-EV-002,2026-03-25 10:33:17.598922,14.67,404.83,34.02,34.09,23.15,Charging,Normal,-0.4775
OVN-EV-003,2026-03-25 10:33:20.269322,12.78,402.06,29.91,30.47,67.29,Charging,Normal,-0.4702
OVN-EV-001,2026-03-25 10:33:20.333424,11.56,419.61,29.95,40.5,86.36,Charging,Normal,-0.5075
OVN-EV-002,2026-03-25 10:33:20.602171,17.05,407.01,34.16,37.23,94.69,Charging,Normal,-0.4846
OVN-EV-003,2026-03-25 10:33:23.281578,15.07,415.63,33.93,34.24,55.55,Charging,Normal,-0.4483
OVN-EV-001,2026-03-25 10:33:23.338023,15.65,381.86,32.2,40.68,56.21,Charging,Normal,-0.4535
OVN-EV-002,2026-03-25 10:33:23.590539,15.55,383.6,33.96,41.86,74.91,Charging,Normal,-0.4598
OVN-EV-003,2026-03-25 10:33:26.290800,21.79,383.21,29.93,35.69,24.16,Charging,Normal,-0.4912
OVN-EV-001,2026-03-25 10:33:26.346582,14.77,415.29,34.8,44.25,30.34,Charging,Normal,-0.4938
OVN-EV-002,2026-03-25 10:33:26.609150,23.02,406.99,29.83,30.25,61.11,Charging,Normal,-0.4769
OVN-EV-003,2026-03-25 10:33:29.308643,17.83,395.77,28.71,43.58,34.8,Charging,Normal,-0.4752
OVN-EV-001,2026-03-25 10:33:29.348689,17.39,399.04,29.05,30.09,37.98,Charging,Normal,-0.4905
OVN-EV-002,2026-03-25 10:33:29.628116,19.58,398.6,34.17,37.55,37.46,Charging,Normal,-0.4435
OVN-EV-003,2026-03-25 10:33:32.319519,10.86,400.39,32.74,36.98,57.04,Charging,Normal,-0.4536
OVN-EV-001,2026-03-25 10:33:32.359481,22.0,398.36,35.63,43.85,82.04,Charging,Normal,-0.4914
OVN-EV-002,2026-03-25 10:33:32.626908,23.23,409.91,35.57,30.0,92.77,Charging,Normal,-0.5448
OVN-EV-003,2026-03-25 10:33:35.318670,12.02,416.71,28.01,38.43,64.11,Charging,Normal,-0.4968
OVN-EV-001,2026-03-25 10:33:35.379720,16.92,413.49,32.36,38.4,60.13,Charging,Normal,-0.4365
OVN-EV-002,2026-03-25 10:33:35.635738,13.0,396.26,32.46,30.13,72.19,Charging,Normal,-0.4703
OVN-EV-003,2026-03-25 10:33:38.317909,18.26,390.88,34.38,43.73,53.02,Charging,Normal,-0.4675
OVN-EV-001,2026-03-25 10:33:38.389462,17.95,398.44,28.16,36.46,42.8,Charging,Normal,-0.4585
OVN-EV-002,2026-03-25 10:33:38.643518,21.14,395.98,34.08,31.56,23.89,Charging,Normal,-0.4897
OVN-EV-003,2026-03-25 10:33:41.333162,18.73,398.97,28.31,42.0,20.27,Charging,Normal,-0.5045
OVN-EV-001,2026-03-25 10:33:41.398469,19.22,394.2,29.95,39.83,89.68,Charging,Normal,-0.4572
OVN-EV-002,2026-03-25 10:33:41.649578,14.96,395.84,34.45,44.53,33.54,Charging,Normal,-0.4774
OVN-EV-003,2026-03-25 10:33:44.345996,15.6,410.43,30.15,31.73,90.63,Charging,Normal,-0.4801
OVN-EV-001,2026-03-25 10:33:44.397332,21.19,405.44,32.33,31.24,29.04,Charging,Normal,-0.487
OVN-EV-002,2026-03-25 10:33:44.638292,11.51,400.43,34.64,37.84,67.09,Charging,Normal,-0.4673
OVN-EV-003,2026-03-25 10:33:47.354653,11.39,404.94,30.71,36.24,63.73,Charging,Normal,-0.4494
OVN-EV-001,2026-03-25 10:33:47.385975,24.69,404.26,34.61,35.27,75.0,Charging,Normal,-0.4853
OVN-EV-002,2026-03-25 10:33:47.639615,16.17,400.24,32.34,41.07,63.83,Charging,Normal,-0.4223
OVN-EV-003,2026-03-25 10:33:50.363029,15.38,414.27,29.77,36.63,68.29,Charging,Normal,-0.452
OVN-EV-001,2026-03-25 10:33:50.404031,24.69,404.84,33.23,33.41,88.06,Charging,Normal,-0.5065
OVN-EV-002,2026-03-25 10:33:50.650036,21.88,401.11,31.17,32.28,31.95,Charging,Normal,-0.479
OVN-EV-003,2026-03-25 10:33:53.384782,10.77,418.32,34.66,35.79,45.07,Charging,Normal,-0.5002
OVN-EV-001,2026-03-25 10:33:53.401191,22.31,411.09,33.65,30.01,74.56,Charging,Normal,-0.491
OVN-EV-002,2026-03-25 10:33:53.651774,23.38,408.5,31.09,41.98,84.07,Charging,Normal,-0.4715
OVN-EV-003,2026-03-25 10:33:56.388040,11.63,415.61,28.1,31.47,82.39,Charging,Normal,-0.5389
OVN-EV-001,2026-03-25 10:33:56.415611,11.4,388.89,31.4,40.85,54.32,Charging,Normal,-0.4656
OVN-EV-002,2026-03-25 10:33:56.670475,21.95,402.05,30.12,42.01,37.3,Charging,Normal,-0.4525
OVN-EV-003,2026-03-25 10:33:59.403959,18.8,413.66,34.78,39.11,57.18,Charging,Normal,-0.4534
OVN-EV-001,2026-03-25 10:33:59.405840,24.53,399.5,28.22,41.05,59.51,Charging,Normal,-0.5056
OVN-EV-002,2026-03-25 10:33:59.675421,19.58,400.29,34.99,43.98,53.36,Charging,Normal,-0.464
OVN-EV-003,2026-03-25 10:34:02.407089,22.85,386.34,34.5,40.47,49.86,Charging,Normal,-0.4607
OVN-EV-001,2026-03-25 10:34:02.407089,12.58,399.37,29.1,42.86,54.03,Charging,Normal,-0.4515
OVN-EV-002,2026-03-25 10:34:02.682503,16.04,413.51,28.62,43.51,89.41,Charging,Normal,-0.492
OVN-EV-001,2026-03-25 10:34:05.417316,20.72,404.78,29.53,42.8,62.55,Charging,Normal,-0.448
OVN-EV-003,2026-03-25 10:34:05.417316,12.1,408.63,34.33,36.66,20.9,Charging,Normal,-0.4884
OVN-EV-002,2026-03-25 10:34:05.695472,13.13,387.86,34.8,40.96,47.9,Charging,Normal,-0.4628
OVN-EV-001,2026-03-25 10:34:08.435042,13.89,408.37,31.74,41.16,67.23,Charging,Normal,-0.4319
OVN-EV-003,2026-03-25 10:34:08.435042,10.97,383.08,33.64,36.94,26.74,Charging,Normal,-0.5116
OVN-EV-002,2026-03-25 10:34:08.689457,14.54,393.25,32.26,33.6,94.04,Charging,Normal,-0.4886
OVN-EV-001,2026-03-25 10:34:11.449664,17.92,406.0,34.09,35.91,34.69,Charging,Normal,-0.4502
OVN-EV-003,2026-03-25 10:34:11.449664,10.16,414.37,28.73,41.57,31.0,Charging,Normal,-0.5353
OVN-EV-002,2026-03-25 10:34:11.695985,22.81,388.07,29.77,38.81,29.75,Charging,Normal,-0.4661
OVN-EV-001,2026-03-25 10:34:14.466034,15.39,492.57,90.63,83.71,25.16,ANOMALY,ANOMALY,-0.6926
OVN-EV-003,2026-03-25 10:34:14.466034,17.43,402.09,32.49,33.34,38.63,Charging,Normal,-0.4277
OVN-EV-002,2026-03-25 10:34:14.688246,16.39,386.58,33.66,40.35,73.54,Charging,Normal,-0.4489
OVN-EV-001,2026-03-25 10:34:17.472407,22.18,409.42,30.97,34.57,91.93,Charging,Normal,-0.488
OVN-EV-003,2026-03-25 10:34:17.472407,14.55,478.51,81.29,77.38,91.36,ANOMALY,ANOMALY,-0.6967
OVN-EV-002,2026-03-25 10:34:17.704323,23.85,417.97,35.98,35.71,67.0,Charging,Normal,-0.5028
OVN-EV-001,2026-03-25 10:34:20.476809,22.07,418.28,32.59,32.66,33.35,Charging,Normal,-0.4988
OVN-EV-003,2026-03-25 10:34:20.476809,10.63,415.81,33.99,44.94,77.26,Charging,Normal,-0.5126
OVN-EV-002,2026-03-25 10:34:20.719050,19.23,401.17,28.5,40.39,27.73,Charging,Normal,-0.4783
OVN-EV-001,2026-03-25 10:34:23.483991,14.15,398.57,30.41,30.63,43.12,Charging,Normal,-0.4691
OVN-EV-003,2026-03-25 10:34:23.483991,19.18,390.92,28.87,40.67,70.11,Charging,Normal,-0.4421
OVN-EV-002,2026-03-25 10:34:23.728000,24.21,416.81,35.89,36.12,84.07,Charging,Normal,-0.5308
OVN-EV-003,2026-03-25 10:34:26.486688,21.7,408.97,29.16,41.09,42.74,Charging,Normal,-0.4417
OVN-EV-001,2026-03-25 10:34:26.486688,21.08,411.44,30.41,38.9,92.98,Charging,Normal,-0.4977
OVN-EV-002,2026-03-25 10:34:26.737955,21.78,381.02,33.13,44.57,34.11,Charging,Normal,-0.5044
OVN-EV-003,2026-03-25 10:34:29.498154,14.6,382.88,31.59,33.17,91.09,Charging,Normal,-0.4877
OVN-EV-001,2026-03-25 10:34:29.498154,12.06,411.24,29.12,42.61,73.78,Charging,Normal,-0.473
OVN-EV-002,2026-03-25 10:34:29.735947,16.4,391.69,33.28,36.82,33.22,Charging,Normal,-0.4438
OVN-EV-003,2026-03-25 10:34:32.519854,12.72,394.99,31.35,36.06,61.98,Charging,Normal,-0.4312
OVN-EV-001,2026-03-25 10:34:32.519854,14.61,387.57,34.96,39.01,52.59,Charging,Normal,-0.4573
OVN-EV-002,2026-03-25 10:34:32.754768,17.75,408.56,33.81,35.93,76.51,Charging,Normal,-0.4354
OVN-EV-003,2026-03-25 10:34:35.525080,20.3,471.39,94.51,82.2,46.84,ANOMALY,ANOMALY,-0.6542
OVN-EV-001,2026-03-25 10:34:35.525080,14.43,399.42,34.93,35.78,84.84,Charging,Normal,-0.4599
OVN-EV-002,2026-03-25 10:34:35.749746,20.82,391.68,29.22,37.6,55.25,Charging,Normal,-0.4353
OVN-EV-003,2026-03-25 10:34:38.517492,23.98,399.99,29.18,32.63,70.94,Charging,Normal,-0.4787
OVN-EV-001,2026-03-25 10:34:38.533577,20.16,400.12,28.98,38.33,68.19,Charging,Normal,-0.4403
OVN-EV-002,2026-03-25 10:34:38.756348,23.69,385.18,32.15,41.04,54.12,Charging,Normal,-0.4645
OVN-EV-003,2026-03-25 10:34:41.536158,24.9,411.2,33.45,40.5,72.03,Charging,Normal,-0.4873
OVN-EV-001,2026-03-25 10:34:41.536158,15.74,405.86,28.07,44.69,60.01,Charging,Normal,-0.47
OVN-EV-002,2026-03-25 10:34:41.770255,21.35,418.94,33.84,36.62,25.13,Charging,Normal,-0.4987
OVN-EV-003,2026-03-25 10:34:44.543321,21.27,399.51,32.3,32.2,82.82,Charging,Normal,-0.4622
OVN-EV-001,2026-03-25 10:34:44.543321,13.8,394.42,34.57,43.88,30.38,Charging,Normal,-0.4726
OVN-EV-002,2026-03-25 10:34:44.767090,19.34,492.54,82.44,80.11,34.91,ANOMALY,ANOMALY,-0.6778
OVN-EV-003,2026-03-25 10:34:47.553321,24.35,401.38,34.63,37.04,23.21,Charging,Normal,-0.5089
OVN-EV-001,2026-03-25 10:34:47.553321,19.7,412.78,31.26,44.08,20.25,Charging,Normal,-0.5069
OVN-EV-002,2026-03-25 10:34:47.787823,17.31,384.21,35.72,31.37,85.02,Charging,Normal,-0.5249
OVN-EV-003,2026-03-25 10:34:50.567124,13.93,400.66,29.49,37.91,91.54,Charging,Normal,-0.4676
OVN-EV-001,2026-03-25 10:34:50.567124,19.96,396.78,35.51,35.47,83.39,Charging,Normal,-0.4836
OVN-EV-002,2026-03-25 10:34:50.792454,12.81,406.21,32.7,35.7,89.36,Charging,Normal,-0.4744
OVN-EV-003,2026-03-25 10:34:53.572570,19.9,395.53,35.01,37.98,32.38,Charging,Normal,-0.4766
OVN-EV-001,2026-03-25 10:34:53.573749,22.83,403.25,34.96,42.44,25.24,Charging,Normal,-0.491
OVN-EV-002,2026-03-25 10:34:53.803500,13.05,393.92,29.04,36.69,69.52,Charging,Normal,-0.4542
OVN-EV-003,2026-03-25 10:34:56.593538,14.8,416.69,29.87,35.87,60.49,Charging,Normal,-0.4401
OVN-EV-001,2026-03-25 10:34:56.593538,22.15,385.92,33.91,33.49,51.6,Charging,Normal,-0.4575
OVN-EV-002,2026-03-25 10:34:56.804748,15.17,380.2,28.34,33.04,65.89,Charging,Normal,-0.4972
OVN-EV-003,2026-03-25 10:34:59.610064,24.01,406.2,35.58,41.23,87.39,Charging,Normal,-0.5004
OVN-EV-001,2026-03-25 10:34:59.611104,21.07,397.46,35.5,40.16,51.87,Charging,Normal,-0.4631
OVN-EV-002,2026-03-25 10:34:59.811835,23.53,386.73,34.69,43.88,62.49,Charging,Normal,-0.489
OVN-EV-003,2026-03-25 10:35:02.618224,21.51,416.58,35.0,41.77,83.93,Charging,Normal,-0.495
OVN-EV-001,2026-03-25 10:35:02.618224,15.46,400.74,31.4,43.86,72.23,Charging,Normal,-0.4412
OVN-EV-002,2026-03-25 10:35:02.818358,10.09,408.8,32.46,43.97,34.63,Charging,Normal,-0.5433
OVN-EV-003,2026-03-25 10:35:05.617710,20.7,382.24,33.93,39.43,88.35,Charging,Normal,-0.4886
OVN-EV-001,2026-03-25 10:35:05.649196,18.95,419.42,29.83,36.69,26.77,Charging,Normal,-0.4907
OVN-EV-002,2026-03-25 10:35:05.832526,24.9,413.47,34.69,33.76,34.14,Charging,Normal,-0.5207
OVN-EV-003,2026-03-25 10:35:08.617813,20.22,393.7,29.56,38.9,33.17,Charging,Normal,-0.4589
OVN-EV-001,2026-03-25 10:35:08.657941,11.4,403.0,34.75,42.45,67.05,Charging,Normal,-0.4753
OVN-EV-002,2026-03-25 10:35:08.836802,17.53,417.53,28.54,39.67,91.71,Charging,Normal,-0.5006
OVN-EV-003,2026-03-25 10:35:11.627359,20.49,387.28,34.62,43.78,89.78,Charging,Normal,-0.5043
OVN-EV-001,2026-03-25 10:35:11.659586,10.91,400.16,29.5,34.31,32.2,Charging,Normal,-0.4873
OVN-EV-002,2026-03-25 10:35:11.844190,22.52,389.23,30.65,40.36,90.73,Charging,Normal,-0.4832
OVN-EV-003,2026-03-25 10:35:14.630095,15.25,396.59,28.86,30.5,74.42,Charging,Normal,-0.4844
OVN-EV-001,2026-03-25 10:35:14.664494,14.03,407.1,34.24,36.16,59.65,Charging,Normal,-0.4324
OVN-EV-002,2026-03-25 10:35:14.853697,13.02,383.29,28.13,34.0,43.77,Charging,Normal,-0.494
OVN-EV-003,2026-03-25 10:35:17.630998,12.43,401.71,33.93,39.54,40.75,Charging,Normal,-0.45
OVN-EV-001,2026-03-25 10:35:17.663461,15.94,411.71,30.82,35.17,84.35,Charging,Normal,-0.4423
OVN-EV-002,2026-03-25 10:35:17.882841,23.3,416.07,34.54,38.4,40.26,Charging,Normal,-0.4815
OVN-EV-003,2026-03-25 10:35:20.633705,14.57,397.6,30.86,34.69,25.39,Charging,Normal,-0.4556
OVN-EV-001,2026-03-25 10:35:20.675387,11.43,403.38,28.02,34.56,61.08,Charging,Normal,-0.4901
OVN-EV-002,2026-03-25 10:35:20.891421,13.69,411.12,32.09,33.48,57.26,Charging,Normal,-0.4485
OVN-EV-003,2026-03-25 10:35:23.642116,10.65,396.55,34.63,40.32,44.39,Charging,Normal,-0.487
OVN-EV-001,2026-03-25 10:35:23.682013,24.52,418.7,31.87,36.08,49.56,Charging,Normal,-0.4953
OVN-EV-002,2026-03-25 10:35:23.889886,15.85,380.55,28.03,35.9,35.86,Charging,Normal,-0.5106
OVN-EV-003,2026-03-25 10:35:26.645926,11.96,388.29,29.01,44.25,67.91,Charging,Normal,-0.4938
OVN-EV-001,2026-03-25 10:35:26.702713,12.88,383.42,34.45,38.7,31.48,Charging,Normal,-0.486
OVN-EV-002,2026-03-25 10:35:26.897786,19.78,383.37,34.71,42.08,50.68,Charging,Normal,-0.4718
OVN-EV-003,2026-03-25 10:35:29.648925,16.6,385.19,29.92,37.19,60.35,Charging,Normal,-0.4499
OVN-EV-001,2026-03-25 10:35:29.716133,19.02,406.19,32.86,32.08,55.86,Charging,Normal,-0.4384
OVN-EV-002,2026-03-25 10:35:29.889034,12.68,407.07,34.74,42.23,94.59,Charging,Normal,-0.5026
OVN-EV-003,2026-03-25 10:35:32.653384,24.51,414.61,28.37,36.36,42.78,Charging,Normal,-0.5107
OVN-EV-001,2026-03-25 10:35:32.718600,21.08,386.69,28.24,42.94,59.08,Charging,Normal,-0.4869
OVN-EV-002,2026-03-25 10:35:32.898729,24.31,409.37,33.56,42.89,20.97,Charging,Normal,-0.5219
OVN-EV-003,2026-03-25 10:35:35.668135,16.2,401.26,31.7,40.13,75.92,Charging,Normal,-0.4239
OVN-EV-001,2026-03-25 10:35:35.720119,10.58,383.54,34.36,32.63,37.66,Charging,Normal,-0.5249
OVN-EV-002,2026-03-25 10:35:35.894961,13.2,392.36,35.6,37.55,49.33,Charging,Normal,-0.4644
OVN-EV-003,2026-03-25 10:35:38.686571,22.49,400.06,31.22,31.49,90.56,Charging,Normal,-0.4989
OVN-EV-001,2026-03-25 10:35:38.727159,24.56,417.65,31.95,39.86,38.89,Charging,Normal,-0.4892
OVN-EV-002,2026-03-25 10:35:38.912993,10.43,385.37,35.13,43.28,56.09,Charging,Normal,-0.5157
OVN-EV-003,2026-03-25 10:35:41.685927,21.95,380.03,28.7,31.17,84.55,Charging,Normal,-0.5294
OVN-EV-001,2026-03-25 10:35:41.717968,22.0,400.22,34.67,42.42,76.04,Charging,Normal,-0.4635
OVN-EV-002,2026-03-25 10:35:41.923428,22.39,388.66,34.65,35.77,40.83,Charging,Normal,-0.4682
OVN-EV-003,2026-03-25 10:35:44.706237,15.11,399.73,31.1,40.68,84.62,Charging,Normal,-0.4392
OVN-EV-001,2026-03-25 10:35:44.737698,23.58,390.17,28.63,45.0,77.11,Charging,Normal,-0.5152
OVN-EV-002,2026-03-25 10:35:44.937408,23.45,418.26,35.12,42.08,68.51,Charging,Normal,-0.5059
OVN-EV-003,2026-03-25 10:35:47.715519,13.78,391.81,30.58,39.64,85.53,Charging,Normal,-0.4446
OVN-EV-001,2026-03-25 10:35:47.716836,13.1,419.51,30.02,30.53,85.76,Charging,Normal,-0.5291
OVN-EV-002,2026-03-25 10:35:47.939498,21.0,384.81,35.33,36.84,54.56,Charging,Normal,-0.4699
OVN-EV-003,2026-03-25 10:35:50.735709,12.93,396.2,29.47,31.04,47.72,Charging,Normal,-0.4739
OVN-EV-001,2026-03-25 10:35:50.735709,21.04,413.34,33.96,30.55,83.94,Charging,Normal,-0.5055
OVN-EV-002,2026-03-25 10:35:50.951435,16.35,380.16,30.9,31.63,85.58,Charging,Normal,-0.5002
OVN-EV-003,2026-03-25 10:35:53.735651,19.42,395.58,29.26,39.51,74.79,Charging,Normal,-0.4373
OVN-EV-001,2026-03-25 10:35:53.735651,16.71,475.32,94.97,77.78,22.61,ANOMALY,ANOMALY,-0.6933
OVN-EV-002,2026-03-25 10:35:53.960008,20.83,382.58,31.46,33.42,71.32,Charging,Normal,-0.4728
OVN-EV-003,2026-03-25 10:35:56.742998,22.9,389.36,28.12,37.96,23.74,Charging,Normal,-0.5114
OVN-EV-001,2026-03-25 10:35:56.744059,16.5,401.99,29.58,35.93,64.3,Charging,Normal,-0.4302
OVN-EV-002,2026-03-25 10:35:56.955139,12.92,402.16,30.45,36.29,73.62,Charging,Normal,-0.4409
OVN-EV-003,2026-03-25 10:35:59.754280,24.08,397.15,28.5,42.69,86.61,Charging,Normal,-0.5078
OVN-EV-001,2026-03-25 10:35:59.754280,20.92,482.35,95.51,82.78,59.51,ANOMALY,ANOMALY,-0.6621
OVN-EV-002,2026-03-25 10:35:59.971632,22.83,401.83,32.23,33.43,94.56,Charging,Normal,-0.482
OVN-EV-003,2026-03-25 10:36:02.754446,17.08,405.22,28.49,32.94,67.57,Charging,Normal,-0.4511
OVN-EV-001,2026-03-25 10:36:02.754446,11.22,393.71,34.85,41.56,73.04,Charging,Normal,-0.485
OVN-EV-002,2026-03-25 10:36:02.973800,15.61,397.94,32.54,41.29,61.92,Charging,Normal,-0.4303
OVN-EV-001,2026-03-25 10:36:05.762227,19.89,392.12,30.75,34.01,76.98,Charging,Normal,-0.4532
OVN-EV-003,2026-03-25 10:36:05.762227,19.04,391.97,35.62,38.67,20.6,Charging,Normal,-0.5159
OVN-EV-002,2026-03-25 10:36:05.969412,10.27,410.49,30.41,36.59,28.24,Charging,Normal,-0.518
OVN-EV-001,2026-03-25 10:36:08.774592,18.87,387.17,34.56,37.71,61.85,Charging,Normal,-0.4569
OVN-EV-003,2026-03-25 10:36:08.774592,11.05,418.06,33.37,38.53,44.33,Charging,Normal,-0.489
OVN-EV-002,2026-03-25 10:36:08.991286,17.83,380.41,28.62,32.21,28.26,Charging,Normal,-0.524
OVN-EV-001,2026-03-25 10:36:11.786728,11.81,411.19,33.79,34.63,37.22,Charging,Normal,-0.4791
OVN-EV-003,2026-03-25 10:36:11.786728,19.0,397.82,34.48,41.88,68.49,Charging,Normal,-0.4525
OVN-EV-002,2026-03-25 10:36:11.997238,24.34,393.58,32.1,40.61,91.23,Charging,Normal,-0.5057
OVN-EV-001,2026-03-25 10:36:14.792183,10.71,386.59,31.17,34.79,67.08,Charging,Normal,-0.4805
OVN-EV-003,2026-03-25 10:36:14.793750,19.67,400.28,30.06,42.24,38.36,Charging,Normal,-0.4491
OVN-EV-002,2026-03-25 10:36:15.001394,12.15,495.68,91.22,84.94,86.85,ANOMALY,ANOMALY,-0.7085
OVN-EV-001,2026-03-25 10:36:17.800700,11.69,398.71,32.68,41.79,57.78,Charging,Normal,-0.4575
OVN-EV-003,2026-03-25 10:36:17.800700,24.34,397.94,30.86,30.58,27.16,Charging,Normal,-0.5205
OVN-EV-002,2026-03-25 10:36:18.004935,22.92,381.0,33.04,36.49,30.16,Charging,Normal,-0.496
OVN-EV-001,2026-03-25 10:36:20.810867,20.4,382.32,35.3,34.55,49.32,Charging,Normal,-0.4896
OVN-EV-003,2026-03-25 10:36:20.810867,15.08,413.33,35.93,33.86,46.59,Charging,Normal,-0.4833
OVN-EV-002,2026-03-25 10:36:21.006855,15.29,401.79,35.11,32.19,72.01,Charging,Normal,-0.4686
OVN-EV-001,2026-03-25 10:36:23.818821,23.71,415.89,30.62,39.72,43.25,Charging,Normal,-0.4789
OVN-EV-003,2026-03-25 10:36:23.818821,20.7,414.86,32.21,33.65,85.19,Charging,Normal,-0.4843
OVN-EV-002,2026-03-25 10:36:24.015874,20.95,487.72,89.82,88.08,82.42,ANOMALY,ANOMALY,-0.7008
OVN-EV-003,2026-03-25 10:36:26.827416,13.41,390.28,31.46,42.39,72.3,Charging,Normal,-0.4476
OVN-EV-001,2026-03-25 10:36:26.827416,10.06,404.0,33.52,36.59,86.02,Charging,Normal,-0.5055
OVN-EV-002,2026-03-25 10:36:27.020928,15.58,396.87,34.9,30.51,83.14,Charging,Normal,-0.4878
OVN-EV-003,2026-03-25 10:36:29.846009,17.09,391.49,31.27,41.36,57.85,Charging,Normal,-0.4245
OVN-EV-001,2026-03-25 10:36:29.846009,11.15,396.41,29.49,43.44,35.89,Charging,Normal,-0.4821
OVN-EV-002,2026-03-25 10:36:30.031344,15.11,386.79,34.3,36.57,40.93,Charging,Normal,-0.4567
OVN-EV-003,2026-03-25 10:36:32.856839,21.87,391.19,31.38,33.42,59.69,Charging,Normal,-0.4516
OVN-EV-001,2026-03-25 10:36:32.857915,21.42,386.81,34.53,36.87,39.47,Charging,Normal,-0.4764
OVN-EV-002,2026-03-25 10:36:33.034334,15.88,404.78,30.41,40.79,45.72,Charging,Normal,-0.4334
OVN-EV-003,2026-03-25 10:36:35.866479,13.66,398.95,34.61,41.06,44.47,Charging,Normal,-0.4519
OVN-EV-001,2026-03-25 10:36:35.866479,14.52,380.02,30.67,40.24,37.26,Charging,Normal,-0.4745
OVN-EV-002,2026-03-25 10:36:36.052845,20.55,481.11,93.01,85.26,31.39,ANOMALY,ANOMALY,-0.7007
OVN-EV-003,2026-03-25 10:36:38.873097,19.91,412.26,33.7,31.13,50.89,Charging,Normal,-0.4755
OVN-EV-001,2026-03-25 10:36:38.873097,24.99,412.55,33.01,44.2,83.13,Charging,Normal,-0.527
OVN-EV-002,2026-03-25 10:36:39.057815,17.81,400.3,33.54,33.81,22.87,Charging,Normal,-0.4705
OVN-EV-003,2026-03-25 10:36:41.887610,24.54,419.33,28.57,33.47,63.88,Charging,Normal,-0.5139
OVN-EV-001,2026-03-25 10:36:41.889006,24.44,417.17,33.21,34.28,93.33,Charging,Normal,-0.5441
OVN-EV-002,2026-03-25 10:36:42.069819,18.16,387.59,31.87,37.01,48.97,Charging,Normal,-0.4405
OVN-EV-001,2026-03-25 10:36:44.898346,17.13,397.0,35.21,30.96,94.97,Charging,Normal,-0.5121
OVN-EV-003,2026-03-25 10:36:44.898346,14.88,417.24,29.87,40.93,64.0,Charging,Normal,-0.4532
OVN-EV-002,2026-03-25 10:36:45.076441,10.87,381.31,31.1,35.92,46.76,Charging,Normal,-0.4963
OVN-EV-001,2026-03-25 10:36:47.897173,18.28,404.23,31.51,31.74,25.07,Charging,Normal,-0.4688
OVN-EV-003,2026-03-25 10:36:47.897173,13.75,383.69,30.62,37.49,68.69,Charging,Normal,-0.4576
OVN-EV-002,2026-03-25 10:36:48.099071,23.5,388.21,30.8,36.35,41.34,Charging,Normal,-0.4624
OVN-EV-001,2026-03-25 10:36:50.896556,14.56,403.48,28.16,44.38,21.52,Charging,Normal,-0.5348
OVN-EV-003,2026-03-25 10:36:50.896556,14.14,381.7,34.56,42.58,47.33,Charging,Normal,-0.4786
OVN-EV-002,2026-03-25 10:36:51.110731,11.56,388.08,32.55,31.41,49.9,Charging,Normal,-0.4822
OVN-EV-001,2026-03-25 10:36:53.906688,16.54,401.08,28.47,39.2,73.91,Charging,Normal,-0.4562
OVN-EV-003,2026-03-25 10:36:53.906688,23.28,414.49,31.23,37.86,34.9,Charging,Normal,-0.4735
OVN-EV-002,2026-03-25 10:36:54.116682,20.37,380.12,31.15,44.15,65.73,Charging,Normal,-0.4969
OVN-EV-001,2026-03-25 10:36:56.923658,21.31,385.61,30.6,42.78,52.27,Charging,Normal,-0.4555
OVN-EV-003,2026-03-25 10:36:56.923658,17.13,462.07,87.13,83.21,91.42,ANOMALY,ANOMALY,-0.6896
OVN-EV-002,2026-03-25 10:36:57.118448,16.25,419.41,33.53,40.73,53.58,Charging,Normal,-0.462
OVN-EV-001,2026-03-25 10:36:59.935911,12.04,390.82,30.14,34.32,25.19,Charging,Normal,-0.4931
OVN-EV-003,2026-03-25 10:36:59.935911,13.69,418.11,28.31,37.24,71.89,Charging,Normal,-0.4933
OVN-EV-002,2026-03-25 10:37:00.121940,11.42,391.09,33.86,41.34,72.78,Charging,Normal,-0.477
OVN-EV-001,2026-03-25 10:37:02.954081,13.94,407.86,35.51,42.61,58.84,Charging,Normal,-0.4636
OVN-EV-003,2026-03-25 10:37:02.954081,14.02,397.46,29.56,43.99,89.24,Charging,Normal,-0.4827
OVN-EV-002,2026-03-25 10:37:03.130069,16.73,380.23,34.74,44.04,32.73,Charging,Normal,-0.5207
OVN-EV-003,2026-03-25 10:37:05.958289,24.06,390.48,32.82,38.76,54.31,Charging,Normal,-0.4552
OVN-EV-001,2026-03-25 10:37:05.958289,17.99,404.21,28.39,39.28,28.32,Charging,Normal,-0.4695
OVN-EV-002,2026-03-25 10:37:06.138519,14.48,386.13,29.81,35.79,49.64,Charging,Normal,-0.4452
OVN-EV-003,2026-03-25 10:37:08.956657,12.49,411.88,29.04,41.75,23.85,Charging,Normal,-0.4954
OVN-EV-001,2026-03-25 10:37:08.956657,12.6,382.97,35.76,44.5,36.03,Charging,Normal,-0.5236
OVN-EV-002,2026-03-25 10:37:09.152706,21.37,414.71,29.35,34.36,22.63,Charging,Normal,-0.4971
OVN-EV-003,2026-03-25 10:37:11.958435,10.33,392.09,33.71,43.87,61.67,Charging,Normal,-0.5007
OVN-EV-001,2026-03-25 10:37:11.958435,17.08,402.23,32.58,36.38,90.48,Charging,Normal,-0.4426
OVN-EV-002,2026-03-25 10:37:12.170688,19.86,390.98,35.19,32.36,52.63,Charging,Normal,-0.4674
OVN-EV-003,2026-03-25 10:37:14.959613,11.54,382.61,35.57,41.71,81.88,Charging,Normal,-0.528
OVN-EV-001,2026-03-25 10:37:14.960260,24.93,381.31,30.67,34.94,93.88,Charging,Normal,-0.5467
OVN-EV-002,2026-03-25 10:37:15.182903,17.25,404.48,33.82,43.08,65.73,Charging,Normal,-0.4349
OVN-EV-003,2026-03-25 10:37:17.951595,22.99,411.64,35.71,36.31,59.21,Charging,Normal,-0.4777
OVN-EV-001,2026-03-25 10:37:17.951595,13.36,417.94,29.88,33.83,63.72,Charging,Normal,-0.4633
OVN-EV-002,2026-03-25 10:37:18.190056,11.25,410.35,32.37,31.81,63.8,Charging,Normal,-0.4862
OVN-EV-003,2026-03-25 10:37:20.960759,24.0,390.33,30.66,32.67,82.06,Charging,Normal,-0.4738
OVN-EV-001,2026-03-25 10:37:20.960759,14.43,405.72,33.97,44.71,67.37,Charging,Normal,-0.4617
OVN-EV-002,2026-03-25 10:37:21.218187,22.73,404.3,32.03,37.8,58.27,Charging,Normal,-0.4267
OVN-EV-003,2026-03-25 10:37:23.974364,21.28,391.68,33.33,39.03,71.39,Charging,Normal,-0.4361
OVN-EV-001,2026-03-25 10:37:23.974364,12.58,415.15,35.89,34.58,43.59,Charging,Normal,-0.4971
OVN-EV-002,2026-03-25 10:37:24.231364,11.11,386.4,33.71,31.65,83.58,Charging,Normal,-0.5169
OVN-EV-001,2026-03-25 10:37:26.977753,22.95,388.95,28.03,36.37,27.9,Charging,Normal,-0.5091
OVN-EV-003,2026-03-25 10:37:26.979256,17.74,413.47,35.12,31.91,20.41,Charging,Normal,-0.5124
OVN-EV-002,2026-03-25 10:37:27.237218,20.37,391.79,30.55,32.13,85.09,Charging,Normal,-0.4568
OVN-EV-001,2026-03-25 10:37:29.993912,20.23,391.87,34.05,42.4,37.19,Charging,Normal,-0.4506
OVN-EV-003,2026-03-25 10:37:29.993912,10.53,399.87,32.94,32.8,55.11,Charging,Normal,-0.4847
OVN-EV-002,2026-03-25 10:37:30.245375,19.76,400.0,34.09,32.07,65.45,Charging,Normal,-0.4363
OVN-EV-001,2026-03-25 10:37:32.995645,10.59,399.41,35.5,31.46,85.56,Charging,Normal,-0.5297
OVN-EV-003,2026-03-25 10:37:32.995645,23.26,408.86,33.71,40.92,94.01,Charging,Normal,-0.4966
OVN-EV-002,2026-03-25 10:37:33.252180,17.95,406.88,33.19,36.12,24.08,Charging,Normal,-0.4536
OVN-EV-001,2026-03-25 10:37:36.004885,24.9,381.03,35.56,41.41,24.44,Charging,Normal,-0.5633
OVN-EV-003,2026-03-25 10:37:36.004885,18.77,407.69,32.5,30.23,48.56,Charging,Normal,-0.456
OVN-EV-002,2026-03-25 10:37:36.257669,11.93,398.81,31.72,30.03,54.35,Charging,Normal,-0.4885
OVN-EV-001,2026-03-25 10:37:39.016644,14.29,405.8,29.6,42.73,78.62,Charging,Normal,-0.448
OVN-EV-003,2026-03-25 10:37:39.016644,15.75,381.33,35.43,33.79,45.26,Charging,Normal,-0.4816
OVN-EV-002,2026-03-25 10:37:39.270157,18.24,410.09,34.0,34.25,62.8,Charging,Normal,-0.4288
OVN-EV-001,2026-03-25 10:37:42.019406,22.64,388.24,33.12,42.84,39.19,Charging,Normal,-0.4712
OVN-EV-003,2026-03-25 10:37:42.020704,21.44,381.62,28.61,44.87,83.03,Charging,Normal,-0.5305
OVN-EV-002,2026-03-25 10:37:42.290139,11.76,405.2,30.59,37.19,58.91,Charging,Normal,-0.4406
OVN-EV-003,2026-03-25 10:37:45.023541,16.11,407.63,35.14,31.19,59.28,Charging,Normal,-0.4766
OVN-EV-001,2026-03-25 10:37:45.023541,14.64,388.67,30.97,42.63,42.52,Charging,Normal,-0.4554
OVN-EV-002,2026-03-25 10:37:45.279760,16.36,412.58,28.07,42.01,24.26,Charging,Normal,-0.5186
OVN-EV-003,2026-03-25 10:37:48.019809,22.26,419.72,31.86,40.91,53.26,Charging,Normal,-0.4733
OVN-EV-001,2026-03-25 10:37:48.043832,15.8,397.02,31.25,37.16,58.46,Charging,Normal,-0.4133
OVN-EV-002,2026-03-25 10:37:48.286687,12.27,401.5,34.42,30.44,25.1,Charging,Normal,-0.5179
OVN-EV-003,2026-03-25 10:37:51.031006,19.97,417.92,28.0,38.81,64.47,Charging,Normal,-0.478
OVN-EV-001,2026-03-25 10:37:51.047029,17.52,385.81,32.1,36.0,30.97,Charging,Normal,-0.4594
OVN-EV-002,2026-03-25 10:37:51.297776,23.12,408.17,33.36,43.98,87.66,Charging,Normal,-0.4822
OVN-EV-003,2026-03-25 10:37:54.035496,13.14,397.04,32.75,31.07,20.51,Charging,Normal,-0.508
OVN-EV-001,2026-03-25 10:37:54.059774,23.69,382.18,29.5,30.88,22.39,Charging,Normal,-0.5287
OVN-EV-002,2026-03-25 10:37:54.309325,18.69,419.39,28.01,38.81,67.07,Charging,Normal,-0.4861
OVN-EV-003,2026-03-25 10:37:57.033154,16.71,415.41,34.61,32.06,79.83,Charging,Normal,-0.4693
OVN-EV-001,2026-03-25 10:37:57.065465,24.45,404.6,30.58,32.79,22.63,Charging,Normal,-0.5058
OVN-EV-002,2026-03-25 10:37:57.330948,22.42,400.44,35.93,44.81,68.23,Charging,Normal,-0.5091
OVN-EV-003,2026-03-25 10:38:00.041623,15.17,388.94,29.43,35.67,39.56,Charging,Normal,-0.4526
OVN-EV-001,2026-03-25 10:38:00.041623,18.13,385.95,31.25,35.09,45.55,Charging,Normal,-0.4417
OVN-EV-002,2026-03-25 10:38:00.329066,15.69,390.79,32.41,36.69,49.05,Charging,Normal,-0.4179
OVN-EV-003,2026-03-25 10:38:03.045541,20.25,391.32,34.59,41.36,80.0,Charging,Normal,-0.4568
OVN-EV-001,2026-03-25 10:38:03.045541,16.99,412.94,28.09,33.97,78.55,Charging,Normal,-0.4753
OVN-EV-002,2026-03-25 10:38:03.341403,22.75,385.84,33.98,31.12,64.87,Charging,Normal,-0.4822
OVN-EV-001,2026-03-25 10:38:06.053110,24.62,381.01,35.49,38.82,56.68,Charging,Normal,-0.5254
OVN-EV-003,2026-03-25 10:38:06.053622,13.82,394.42,33.38,35.49,83.47,Charging,Normal,-0.4492
OVN-EV-002,2026-03-25 10:38:06.351987,21.1,413.59,28.13,42.79,77.76,Charging,Normal,-0.4838
OVN-EV-001,2026-03-25 10:38:09.067318,17.94,417.54,34.97,42.93,37.71,Charging,Normal,-0.4841
OVN-EV-003,2026-03-25 10:38:09.067318,10.62,404.58,29.02,44.5,70.64,Charging,Normal,-0.5088
OVN-EV-002,2026-03-25 10:38:09.354576,24.8,404.48,28.03,40.54,60.6,Charging,Normal,-0.5145
OVN-EV-001,2026-03-25 10:38:12.064234,17.64,479.86,81.25,79.79,21.11,ANOMALY,ANOMALY,-0.6921
OVN-EV-003,2026-03-25 10:38:12.064234,12.89,387.74,29.3,32.21,71.56,Charging,Normal,-0.4772
OVN-EV-002,2026-03-25 10:38:12.373807,21.17,383.21,28.79,39.78,94.85,Charging,Normal,-0.5161
OVN-EV-001,2026-03-25 10:38:15.063097,24.31,393.6,30.84,42.58,80.91,Charging,Normal,-0.4827
OVN-EV-003,2026-03-25 10:38:15.063097,12.14,408.02,28.32,37.84,40.19,Charging,Normal,-0.4753
OVN-EV-002,2026-03-25 10:38:15.380555,14.81,398.51,28.7,38.13,25.87,Charging,Normal,-0.4568
OVN-EV-001,2026-03-25 10:38:18.078147,23.3,415.25,29.89,38.27,50.77,Charging,Normal,-0.4691
OVN-EV-003,2026-03-25 10:38:18.078147,18.95,382.73,30.99,32.73,68.35,Charging,Normal,-0.4601
OVN-EV-002,2026-03-25 10:38:18.390084,10.32,413.37,32.01,44.52,44.88,Charging,Normal,-0.5074
OVN-EV-001,2026-03-25 10:38:21.089804,23.69,415.65,28.66,31.0,91.8,Charging,Normal,-0.5565
OVN-EV-003,2026-03-25 10:38:21.089804,13.62,384.7,35.69,34.85,79.53,Charging,Normal,-0.4943
OVN-EV-002,2026-03-25 10:38:21.390662,10.76,417.55,34.42,42.85,90.68,Charging,Normal,-0.5235
OVN-EV-001,2026-03-25 10:38:24.100937,19.22,399.58,33.67,36.52,52.0,Charging,Normal,-0.4317
OVN-EV-003,2026-03-25 10:38:24.100937,17.14,392.11,33.92,39.98,89.51,Charging,Normal,-0.4564
OVN-EV-002,2026-03-25 10:38:24.411213,12.45,400.92,32.91,31.77,63.79,Charging,Normal,-0.4562
OVN-EV-003,2026-03-25 10:38:27.109798,16.81,380.29,28.76,36.79,87.02,Charging,Normal,-0.4963
OVN-EV-001,2026-03-25 10:38:27.110320,17.09,471.75,99.98,84.62,53.28,ANOMALY,ANOMALY,-0.6924
OVN-EV-002,2026-03-25 10:38:27.414253,23.38,405.9,31.25,36.45,61.8,Charging,Normal,-0.4394
OVN-EV-003,2026-03-25 10:38:30.123452,19.44,406.15,34.89,39.15,83.3,Charging,Normal,-0.4494
OVN-EV-001,2026-03-25 10:38:30.123452,20.82,407.08,35.09,39.33,76.24,Charging,Normal,-0.4469
OVN-EV-002,2026-03-25 10:38:30.417268,14.0,390.63,28.14,41.33,92.83,Charging,Normal,-0.5078
OVN-EV-003,2026-03-25 10:38:33.129504,22.0,399.08,31.01,34.59,82.06,Charging,Normal,-0.4554
OVN-EV-001,2026-03-25 10:38:33.130815,17.46,418.41,34.79,43.95,31.58,Charging,Normal,-0.512
OVN-EV-002,2026-03-25 10:38:33.442736,16.37,414.25,35.72,42.61,79.94,Charging,Normal,-0.472
OVN-EV-003,2026-03-25 10:38:36.138266,17.48,417.81,32.51,42.74,62.36,Charging,Normal,-0.4552
OVN-EV-001,2026-03-25 10:38:36.139346,10.31,406.6,32.0,40.83,87.48,Charging,Normal,-0.4958
OVN-EV-002,2026-03-25 10:38:36.451706,16.93,384.57,28.93,42.75,43.29,Charging,Normal,-0.4722
OVN-EV-003,2026-03-25 10:38:39.149949,13.51,396.89,28.76,35.39,26.26,Charging,Normal,-0.4686
OVN-EV-001,2026-03-25 10:38:39.151291,19.93,383.3,33.52,30.25,31.49,Charging,Normal,-0.5034
OVN-EV-002,2026-03-25 10:38:39.456216,18.5,397.64,33.85,36.89,26.87,Charging,Normal,-0.4627
OVN-EV-003,2026-03-25 10:38:42.172405,19.57,410.99,30.59,43.33,63.56,Charging,Normal,-0.4435
OVN-EV-001,2026-03-25 10:38:42.172405,20.06,403.82,34.93,40.43,77.26,Charging,Normal,-0.4398
OVN-EV-002,2026-03-25 10:38:42.455013,21.31,412.58,28.6,36.57,86.72,Charging,Normal,-0.4716
OVN-EV-001,2026-03-25 10:38:45.181031,12.19,387.83,35.46,35.63,76.12,Charging,Normal,-0.4884
OVN-EV-003,2026-03-25 10:38:45.182548,18.84,415.6,28.43,41.52,34.98,Charging,Normal,-0.4868
OVN-EV-002,2026-03-25 10:38:45.465464,24.18,419.27,31.25,43.53,33.82,Charging,Normal,-0.5349
OVN-EV-001,2026-03-25 10:38:48.188369,20.54,399.07,30.28,36.44,36.19,Charging,Normal,-0.4357
OVN-EV-003,2026-03-25 10:38:48.188369,24.31,391.12,32.24,34.01,69.02,Charging,Normal,-0.4636
OVN-EV-002,2026-03-25 10:38:48.484374,15.53,408.96,30.56,38.12,25.07,Charging,Normal,-0.4532
OVN-EV-001,2026-03-25 10:38:51.194017,12.48,390.85,33.61,42.98,52.64,Charging,Normal,-0.4606
OVN-EV-003,2026-03-25 10:38:51.194017,20.48,468.35,93.9,88.69,89.48,ANOMALY,ANOMALY,-0.7
OVN-EV-002,2026-03-25 10:38:51.503703,20.63,382.82,29.15,32.26,39.87,Charging,Normal,-0.479
OVN-EV-001,2026-03-25 10:38:54.201838,20.96,397.7,31.39,33.06,93.31,Charging,Normal,-0.4815
OVN-EV-003,2026-03-25 10:38:54.203276,10.45,418.98,32.83,42.46,58.15,Charging,Normal,-0.5056
OVN-EV-002,2026-03-25 10:38:54.515816,12.79,396.59,34.55,43.95,35.59,Charging,Normal,-0.4783
OVN-EV-001,2026-03-25 10:38:57.215446,23.26,395.08,30.49,40.99,84.4,Charging,Normal,-0.4644
OVN-EV-003,2026-03-25 10:38:57.215446,14.91,407.63,28.29,32.67,70.56,Charging,Normal,-0.4649
OVN-EV-002,2026-03-25 10:38:57.520771,17.63,397.58,34.75,34.38,31.98,Charging,Normal,-0.4605
OVN-EV-001,2026-03-25 10:39:00.228501,14.1,403.33,30.27,37.74,44.44,Charging,Normal,-0.4328
OVN-EV-003,2026-03-25 10:39:00.228501,22.71,381.33,35.81,44.39,43.69,Charging,Normal,-0.5245
OVN-EV-002,2026-03-25 10:39:00.516097,18.73,410.81,35.59,34.55,70.14,Charging,Normal,-0.4877
OVN-EV-001,2026-03-25 10:39:03.247953,10.04,418.54,33.91,41.55,81.33,Charging,Normal,-0.5328
OVN-EV-003,2026-03-25 10:39:03.249968,17.02,381.85,34.9,33.93,21.62,Charging,Normal,-0.5199
OVN-EV-002,2026-03-25 10:39:03.522109,12.12,390.57,34.26,34.33,59.5,Charging,Normal,-0.4591
OVN-EV-003,2026-03-25 10:39:06.262270,13.72,417.3,28.97,32.49,91.59,Charging,Normal,-0.5079
OVN-EV-001,2026-03-25 10:39:06.263277,24.02,382.44,31.01,37.09,29.53,Charging,Normal,-0.4985
OVN-EV-002,2026-03-25 10:39:06.518267,20.27,403.72,28.92,39.83,57.46,Charging,Normal,-0.4417
OVN-EV-003,2026-03-25 10:39:09.268922,23.95,417.04,33.07,43.96,72.41,Charging,Normal,-0.5008
OVN-EV-001,2026-03-25 10:39:09.268922,18.48,382.26,34.56,39.03,27.47,Charging,Normal,-0.4814
OVN-EV-002,2026-03-25 10:39:09.526101,14.35,387.85,33.53,44.12,41.72,Charging,Normal,-0.4628
OVN-EV-003,2026-03-25 10:39:12.269424,16.5,397.3,31.19,33.45,43.43,Charging,Normal,-0.4419
OVN-EV-001,2026-03-25 10:39:12.269424,14.68,386.94,32.89,32.3,55.51,Charging,Normal,-0.4511
OVN-EV-002,2026-03-25 10:39:12.535447,11.81,405.7,32.02,43.71,27.0,Charging,Normal,-0.4849
OVN-EV-003,2026-03-25 10:39:15.275256,11.2,419.32,35.36,43.3,32.16,Charging,Normal,-0.5363
OVN-EV-001,2026-03-25 10:39:15.275256,20.18,416.99,34.85,33.27,82.88,Charging,Normal,-0.4903
OVN-EV-002,2026-03-25 10:39:15.542655,22.45,385.6,34.89,33.16,27.79,Charging,Normal,-0.5155
OVN-EV-003,2026-03-25 10:39:18.280373,18.6,394.87,30.88,33.85,68.05,Charging,Normal,-0.4315
OVN-EV-001,2026-03-25 10:39:18.280373,13.71,405.56,33.06,37.49,37.7,Charging,Normal,-0.434
OVN-EV-002,2026-03-25 10:39:18.552148,13.4,415.97,30.43,35.7,34.02,Charging,Normal,-0.4789
OVN-EV-003,2026-03-25 10:39:21.288302,22.36,402.44,31.24,31.46,68.1,Charging,Normal,-0.4612
OVN-EV-001,2026-03-25 10:39:21.288302,13.21,393.74,29.54,35.78,93.41,Charging,Normal,-0.4917
OVN-EV-002,2026-03-25 10:39:21.560962,21.91,407.74,33.61,38.19,84.67,Charging,Normal,-0.4574
OVN-EV-003,2026-03-25 10:39:24.287867,17.42,409.62,31.14,41.42,52.91,Charging,Normal,-0.4295
OVN-EV-001,2026-03-25 10:39:24.287867,23.94,405.34,29.05,36.72,75.39,Charging,Normal,-0.4665
OVN-EV-002,2026-03-25 10:39:24.575503,19.94,391.84,32.78,37.46,46.25,Charging,Normal,-0.4393
OVN-EV-001,2026-03-25 10:39:27.276218,20.81,413.03,33.64,32.33,92.08,Charging,Normal,-0.4903
OVN-EV-003,2026-03-25 10:39:27.276218,10.5,411.92,29.85,38.66,77.71,Charging,Normal,-0.4863
OVN-EV-002,2026-03-25 10:39:27.589322,15.13,408.08,28.13,33.26,68.67,Charging,Normal,-0.4633
OVN-EV-001,2026-03-25 10:39:30.286172,23.56,405.75,31.89,37.29,70.97,Charging,Normal,-0.457
OVN-EV-003,2026-03-25 10:39:30.286172,16.47,416.31,34.38,30.74,93.99,Charging,Normal,-0.5304
OVN-EV-002,2026-03-25 10:39:30.617766,20.86,409.65,30.21,42.55,82.95,Charging,Normal,-0.4653
OVN-EV-001,2026-03-25 10:39:33.291334,13.8,405.22,31.44,36.28,53.49,Charging,Normal,-0.4257
OVN-EV-003,2026-03-25 10:39:33.291334,20.58,409.97,30.44,36.67,93.18,Charging,Normal,-0.4716
OVN-EV-002,2026-03-25 10:39:33.620862,19.96,412.25,28.75,34.13,59.4,Charging,Normal,-0.4528
OVN-EV-001,2026-03-25 10:39:36.294865,20.29,402.13,29.33,30.62,50.58,Charging,Normal,-0.4751
OVN-EV-003,2026-03-25 10:39:36.296721,17.24,389.54,32.76,40.41,63.91,Charging,Normal,-0.435
OVN-EV-002,2026-03-25 10:39:36.629666,18.57,380.86,34.41,30.63,75.64,Charging,Normal,-0.5013
OVN-EV-001,2026-03-25 10:39:39.315008,17.19,386.07,31.01,38.44,76.73,Charging,Normal,-0.4489
OVN-EV-003,2026-03-25 10:39:39.315008,21.58,415.93,30.73,30.07,85.35,Charging,Normal,-0.5317
OVN-EV-002,2026-03-25 10:39:39.642774,17.01,392.08,35.2,35.53,51.78,Charging,Normal,-0.4523
OVN-EV-001,2026-03-25 10:39:42.327248,14.72,418.74,31.03,44.86,86.57,Charging,Normal,-0.5102
OVN-EV-003,2026-03-25 10:39:42.328276,11.92,417.93,32.72,38.62,58.77,Charging,Normal,-0.4697
OVN-EV-002,2026-03-25 10:39:42.644380,14.92,388.88,30.27,37.41,72.82,Charging,Normal,-0.4314
OVN-EV-003,2026-03-25 10:39:45.328060,24.57,388.55,30.88,40.48,49.99,Charging,Normal,-0.4881
OVN-EV-001,2026-03-25 10:39:45.328915,10.72,384.65,28.73,33.27,67.53,Charging,Normal,-0.5197
OVN-EV-002,2026-03-25 10:39:45.646455,23.53,395.36,30.41,32.53,93.12,Charging,Normal,-0.5134
OVN-EV-003,2026-03-25 10:39:48.346328,23.39,415.37,32.17,37.85,88.69,Charging,Normal,-0.4929
OVN-EV-001,2026-03-25 10:39:48.346328,16.6,418.76,35.65,44.82,75.03,Charging,Normal,-0.5139
OVN-EV-002,2026-03-25 10:39:48.656427,20.68,387.98,35.34,41.76,30.6,Charging,Normal,-0.4914
OVN-EV-003,2026-03-25 10:39:51.359889,14.83,400.56,29.1,31.48,90.8,Charging,Normal,-0.485
OVN-EV-001,2026-03-25 10:39:51.359889,16.05,396.07,28.95,32.96,88.87,Charging,Normal,-0.4709
OVN-EV-002,2026-03-25 10:39:51.672902,17.85,416.53,28.17,35.78,44.37,Charging,Normal,-0.4832
OVN-EV-003,2026-03-25 10:39:54.361462,15.45,404.5,30.46,31.0,44.62,Charging,Normal,-0.455
OVN-EV-001,2026-03-25 10:39:54.361462,21.77,402.33,33.47,38.46,75.47,Charging,Normal,-0.4378
OVN-EV-002,2026-03-25 10:39:54.678422,22.07,389.2,33.86,36.0,32.31,Charging,Normal,-0.4682
OVN-EV-003,2026-03-25 10:39:57.368719,13.47,412.74,29.62,44.18,30.8,Charging,Normal,-0.4834
OVN-EV-001,2026-03-25 10:39:57.369919,23.63,390.02,32.16,40.39,29.09,Charging,Normal,-0.4817
OVN-EV-002,2026-03-25 10:39:57.674482,12.66,419.28,29.42,37.91,83.44,Charging,Normal,-0.4942
OVN-EV-003,2026-03-25 10:40:00.390616,22.1,401.78,32.93,32.73,90.61,Charging,Normal,-0.4838
OVN-EV-001,2026-03-25 10:40:00.390616,13.84,482.09,89.28,70.17,60.51,ANOMALY,ANOMALY,-0.6639
OVN-EV-002,2026-03-25 10:40:00.672758,14.12,411.48,28.98,36.39,93.18,Charging,Normal,-0.4888
OVN-EV-003,2026-03-25 10:40:03.395347,24.33,409.04,29.77,42.83,88.75,Charging,Normal,-0.5071
OVN-EV-001,2026-03-25 10:40:03.396505,16.83,462.73,97.21,73.88,47.96,ANOMALY,ANOMALY,-0.6795
OVN-EV-002,2026-03-25 10:40:03.678922,18.49,416.68,28.21,31.53,25.51,Charging,Normal,-0.5295
OVN-EV-001,2026-03-25 10:40:06.406060,24.49,396.59,28.98,37.23,43.35,Charging,Normal,-0.4907
OVN-EV-003,2026-03-25 10:40:06.406060,20.96,380.53,34.67,34.14,47.42,Charging,Normal,-0.4794
OVN-EV-002,2026-03-25 10:40:06.687570,22.5,380.95,30.04,41.34,33.11,Charging,Normal,-0.4787
OVN-EV-001,2026-03-25 10:40:09.409345,22.63,389.59,33.94,41.19,48.89,Charging,Normal,-0.4507
OVN-EV-003,2026-03-25 10:40:09.409959,10.43,418.83,29.83,42.48,69.62,Charging,Normal,-0.5093
OVN-EV-002,2026-03-25 10:40:09.702923,19.26,418.68,29.64,34.45,20.15,Charging,Normal,-0.5122
OVN-EV-001,2026-03-25 10:40:12.413122,21.96,394.68,35.62,35.87,42.92,Charging,Normal,-0.4664
OVN-EV-003,2026-03-25 10:40:12.413572,21.61,418.93,31.31,34.08,20.09,Charging,Normal,-0.5156
OVN-EV-002,2026-03-25 10:40:12.712418,18.81,417.57,33.63,36.41,58.02,Charging,Normal,-0.4547
OVN-EV-001,2026-03-25 10:40:15.428795,19.09,480.33,99.93,71.69,40.34,ANOMALY,ANOMALY,-0.6881
OVN-EV-003,2026-03-25 10:40:15.429870,10.69,417.27,28.72,31.65,63.25,Charging,Normal,-0.5211
OVN-EV-002,2026-03-25 10:40:15.728113,16.82,418.96,28.68,39.93,81.38,Charging,Normal,-0.4926
OVN-EV-001,2026-03-25 10:40:18.426390,21.51,396.05,32.86,30.59,68.9,Charging,Normal,-0.4582
OVN-EV-003,2026-03-25 10:40:18.426390,12.25,403.72,34.61,38.7,65.39,Charging,Normal,-0.4502
OVN-EV-002,2026-03-25 10:40:18.744128,16.07,400.66,29.89,41.52,21.3,Charging,Normal,-0.4696
OVN-EV-001,2026-03-25 10:40:21.420742,14.0,411.77,28.71,36.23,74.2,Charging,Normal,-0.4506
OVN-EV-003,2026-03-25 10:40:21.420742,23.88,415.83,30.22,44.14,31.44,Charging,Normal,-0.5168
OVN-EV-002,2026-03-25 10:40:21.765191,14.62,393.91,34.58,40.3,68.44,Charging,Normal,-0.4335
OVN-EV-001,2026-03-25 10:40:24.439535,14.57,411.95,35.51,34.83,55.78,Charging,Normal,-0.4705
OVN-EV-003,2026-03-25 10:40:24.440676,15.5,394.23,35.6,35.68,75.81,Charging,Normal,-0.4627
OVN-EV-002,2026-03-25 10:40:24.796809,17.55,414.49,29.43,40.58,68.52,Charging,Normal,-0.4454
OVN-EV-003,2026-03-25 10:40:27.454109,12.9,463.84,99.96,85.95,56.28,ANOMALY,ANOMALY,-0.6729
OVN-EV-001,2026-03-25 10:40:27.454109,20.79,407.14,34.56,31.95,89.78,Charging,Normal,-0.485
OVN-EV-002,2026-03-25 10:40:27.814034,16.22,406.92,35.72,43.73,85.22,Charging,Normal,-0.4884
OVN-EV-003,2026-03-25 10:40:30.478967,15.16,380.8,35.6,30.83,49.51,Charging,Normal,-0.5215
OVN-EV-001,2026-03-25 10:40:30.478967,14.91,404.98,28.71,40.7,70.02,Charging,Normal,-0.4344
OVN-EV-002,2026-03-25 10:40:30.811787,20.55,411.16,29.19,31.69,22.06,Charging,Normal,-0.5057
OVN-EV-003,2026-03-25 10:40:33.486036,21.87,395.92,34.22,37.25,74.21,Charging,Normal,-0.4445
OVN-EV-001,2026-03-25 10:40:33.486036,22.9,388.35,29.64,32.6,68.12,Charging,Normal,-0.4632
OVN-EV-002,2026-03-25 10:40:33.815582,24.73,417.06,28.63,34.51,61.33,Charging,Normal,-0.5189
OVN-EV-003,2026-03-25 10:40:36.495936,11.52,404.46,33.18,34.88,84.57,Charging,Normal,-0.4646
OVN-EV-001,2026-03-25 10:40:36.496522,17.44,385.59,31.8,42.22,64.95,Charging,Normal,-0.4416
OVN-EV-002,2026-03-25 10:40:36.811600,22.75,416.34,34.98,33.37,51.41,Charging,Normal,-0.4847
OVN-EV-003,2026-03-25 10:40:39.512866,12.39,405.71,35.56,39.48,76.02,Charging,Normal,-0.4769
OVN-EV-001,2026-03-25 10:40:39.514719,24.07,380.9,30.74,32.26,57.6,Charging,Normal,-0.4949
OVN-EV-002,2026-03-25 10:40:39.828943,14.72,497.32,83.33,72.12,52.01,ANOMALY,ANOMALY,-0.693
OVN-EV-003,2026-03-25 10:40:42.519773,21.67,391.66,33.9,34.82,22.51,Charging,Normal,-0.4824
OVN-EV-001,2026-03-25 10:40:42.519773,24.11,419.19,28.3,43.3,43.59,Charging,Normal,-0.5401
OVN-EV-002,2026-03-25 10:40:42.845029,22.41,385.38,29.93,36.2,29.44,Charging,Normal,-0.4778
OVN-EV-001,2026-03-25 10:40:45.529381,24.12,414.49,30.08,30.64,83.08,Charging,Normal,-0.51
OVN-EV-003,2026-03-25 10:40:45.530682,21.24,408.44,33.38,31.53,26.14,Charging,Normal,-0.5
OVN-EV-002,2026-03-25 10:40:45.858926,24.41,416.86,29.6,38.42,64.39,Charging,Normal,-0.4883
OVN-EV-001,2026-03-25 10:40:48.533393,22.98,397.8,30.16,36.99,39.97,Charging,Normal,-0.4612
OVN-EV-003,2026-03-25 10:40:48.533393,14.06,391.48,28.92,33.03,88.5,Charging,Normal,-0.4752
OVN-EV-002,2026-03-25 10:40:48.876594,14.51,401.72,35.85,36.52,36.45,Charging,Normal,-0.4793
OVN-EV-001,2026-03-25 10:40:51.546207,17.98,406.85,33.28,32.66,21.98,Charging,Normal,-0.4815
OVN-EV-003,2026-03-25 10:40:51.546207,20.08,403.0,29.59,32.53,79.59,Charging,Normal,-0.457
OVN-EV-002,2026-03-25 10:40:51.877538,20.9,413.51,30.08,42.74,59.98,Charging,Normal,-0.4619
OVN-EV-001,2026-03-25 10:40:54.564360,20.12,416.06,30.09,44.2,90.58,Charging,Normal,-0.4959
OVN-EV-003,2026-03-25 10:40:54.565633,22.44,410.96,32.34,31.59,49.57,Charging,Normal,-0.474
OVN-EV-002,2026-03-25 10:40:54.880765,22.39,418.13,34.96,43.4,27.96,Charging,Normal,-0.5258
OVN-EV-001,2026-03-25 10:40:57.580334,24.59,393.02,34.21,38.89,73.84,Charging,Normal,-0.4757
OVN-EV-003,2026-03-25 10:40:57.581073,14.56,392.62,30.79,42.5,92.59,Charging,Normal,-0.4735
OVN-EV-002,2026-03-25 10:40:57.880649,13.94,403.24,30.89,41.97,92.35,Charging,Normal,-0.4699
OVN-EV-001,2026-03-25 10:41:00.596415,15.52,400.74,33.57,36.82,65.69,Charging,Normal,-0.4184
OVN-EV-003,2026-03-25 10:41:00.596980,21.43,415.77,30.3,35.96,44.7,Charging,Normal,-0.4561
OVN-EV-002,2026-03-25 10:41:00.891104,17.3,392.86,31.54,34.7,79.91,Charging,Normal,-0.4403
OVN-EV-001,2026-03-25 10:41:03.596068,20.21,410.03,32.64,42.35,76.14,Charging,Normal,-0.4492
OVN-EV-003,2026-03-25 10:41:03.597528,17.54,388.04,30.49,37.41,58.92,Charging,Normal,-0.4308
OVN-EV-002,2026-03-25 10:41:03.896390,21.55,406.62,34.1,36.4,20.2,Charging,Normal,-0.4936
OVN-EV-003,2026-03-25 10:41:06.609676,19.88,414.46,29.71,39.54,78.42,Charging,Normal,-0.4431
OVN-EV-001,2026-03-25 10:41:06.609676,18.83,396.2,34.13,43.96,65.01,Charging,Normal,-0.4457
OVN-EV-002,2026-03-25 10:41:06.909284,20.62,402.71,31.91,32.43,27.85,Charging,Normal,-0.4897
OVN-EV-003,2026-03-25 10:41:09.624940,14.56,383.67,31.89,33.27,76.26,Charging,Normal,-0.4712
OVN-EV-001,2026-03-25 10:41:09.624940,24.79,389.67,29.83,32.99,21.15,Charging,Normal,-0.5367
OVN-EV-002,2026-03-25 10:41:09.913102,16.57,416.3,28.61,37.72,45.62,Charging,Normal,-0.465
OVN-EV-003,2026-03-25 10:41:12.644059,19.9,381.46,28.85,36.21,39.7,Charging,Normal,-0.4704
OVN-EV-001,2026-03-25 10:41:12.644059,23.07,410.92,30.92,34.68,24.57,Charging,Normal,-0.4894
OVN-EV-002,2026-03-25 10:41:12.912762,23.09,418.59,29.09,42.9,41.59,Charging,Normal,-0.4969
OVN-EV-003,2026-03-25 10:41:15.655518,21.12,412.38,29.79,41.5,54.05,Charging,Normal,-0.453
OVN-EV-001,2026-03-25 10:41:15.655518,12.18,390.81,32.43,34.3,67.3,Charging,Normal,-0.4484
OVN-EV-002,2026-03-25 10:41:15.906433,22.13,402.07,30.62,44.56,52.19,Charging,Normal,-0.476
OVN-EV-003,2026-03-25 10:41:18.660722,21.15,487.29,86.1,86.48,21.09,ANOMALY,ANOMALY,-0.701
OVN-EV-001,2026-03-25 10:41:18.661716,20.41,400.15,35.71,37.44,57.05,Charging,Normal,-0.4631
OVN-EV-002,2026-03-25 10:41:18.913908,21.7,386.25,32.01,38.22,56.72,Charging,Normal,-0.4417
OVN-EV-003,2026-03-25 10:41:21.664103,22.4,380.33,34.72,42.12,23.32,Charging,Normal,-0.5215
OVN-EV-001,2026-03-25 10:41:21.664692,23.75,411.68,28.11,30.77,88.85,Charging,Normal,-0.5456
OVN-EV-002,2026-03-25 10:41:21.907058,16.5,414.15,34.56,44.45,59.69,Charging,Normal,-0.4751
OVN-EV-003,2026-03-25 10:41:24.657745,18.36,413.52,29.75,34.77,27.1,Charging,Normal,-0.4688
OVN-EV-001,2026-03-25 10:41:24.689326,16.68,418.86,33.24,37.02,81.32,Charging,Normal,-0.4637
OVN-EV-002,2026-03-25 10:41:24.909135,13.07,394.98,35.82,35.47,23.73,Charging,Normal,-0.512
OVN-EV-003,2026-03-25 10:41:27.671727,19.08,407.31,32.33,37.79,55.05,Charging,Normal,-0.4208
OVN-EV-001,2026-03-25 10:41:27.671727,21.53,403.98,31.17,41.86,63.13,Charging,Normal,-0.4453
OVN-EV-002,2026-03-25 10:41:27.907255,12.24,395.84,30.33,33.51,39.77,Charging,Normal,-0.4691
OVN-EV-003,2026-03-25 10:41:30.680155,17.24,401.45,30.12,30.59,29.7,Charging,Normal,-0.4783
OVN-EV-001,2026-03-25 10:41:30.681335,14.01,392.26,30.45,37.69,47.15,Charging,Normal,-0.4375
OVN-EV-002,2026-03-25 10:41:30.929041,11.82,397.63,28.55,38.33,41.19,Charging,Normal,-0.4717
OVN-EV-003,2026-03-25 10:41:33.681905,22.85,417.22,31.88,36.34,35.28,Charging,Normal,-0.4794
OVN-EV-001,2026-03-25 10:41:33.681905,12.84,478.31,86.98,79.46,43.44,ANOMALY,ANOMALY,-0.6683
OVN-EV-002,2026-03-25 10:41:33.923270,18.91,383.0,33.76,33.45,79.42,Charging,Normal,-0.4675
OVN-EV-003,2026-03-25 10:41:36.703458,12.56,385.44,29.05,33.43,82.33,Charging,Normal,-0.4959
OVN-EV-001,2026-03-25 10:41:36.704942,22.12,394.25,34.91,33.05,76.54,Charging,Normal,-0.4727
OVN-EV-002,2026-03-25 10:41:36.925717,14.2,384.82,33.77,36.45,73.47,Charging,Normal,-0.4696
OVN-EV-003,2026-03-25 10:41:39.728956,16.78,463.31,88.6,89.85,20.96,ANOMALY,ANOMALY,-0.6995
OVN-EV-001,2026-03-25 10:41:39.730746,16.14,393.21,33.39,40.98,41.15,Charging,Normal,-0.4316
OVN-EV-002,2026-03-25 10:41:39.926914,21.03,412.92,32.17,31.53,66.29,Charging,Normal,-0.4613
OVN-EV-003,2026-03-25 10:41:42.745797,14.9,408.34,30.43,36.9,33.17,Charging,Normal,-0.4441
OVN-EV-001,2026-03-25 10:41:42.746900,22.71,419.89,33.02,44.68,80.71,Charging,Normal,-0.5217
OVN-EV-002,2026-03-25 10:41:42.924038,19.83,417.86,32.32,39.55,87.81,Charging,Normal,-0.4788
OVN-EV-001,2026-03-25 10:41:45.755660,15.15,386.14,32.67,30.81,85.19,Charging,Normal,-0.484
OVN-EV-003,2026-03-25 10:41:45.755660,13.24,419.52,30.58,35.76,65.62,Charging,Normal,-0.4746
OVN-EV-002,2026-03-25 10:41:45.937747,20.06,397.54,35.56,38.88,47.88,Charging,Normal,-0.4698
OVN-EV-001,2026-03-25 10:41:48.766361,18.5,383.98,34.28,40.99,33.53,Charging,Normal,-0.4723
OVN-EV-003,2026-03-25 10:41:48.766361,13.77,411.13,32.15,40.95,78.08,Charging,Normal,-0.4431
OVN-EV-002,2026-03-25 10:41:48.946029,11.33,397.87,34.24,34.48,50.77,Charging,Normal,-0.4643
OVN-EV-001,2026-03-25 10:41:51.777062,12.38,383.45,31.98,39.32,31.81,Charging,Normal,-0.4836
OVN-EV-003,2026-03-25 10:41:51.778168,24.3,383.82,34.33,41.76,84.09,Charging,Normal,-0.5178
OVN-EV-002,2026-03-25 10:41:51.939079,18.72,382.68,29.12,32.32,74.23,Charging,Normal,-0.4831
OVN-EV-001,2026-03-25 10:41:54.795759,12.27,403.29,30.05,41.06,36.14,Charging,Normal,-0.4621
OVN-EV-003,2026-03-25 10:41:54.795759,19.29,418.54,28.37,38.78,41.22,Charging,Normal,-0.4904
OVN-EV-002,2026-03-25 10:41:54.939754,19.73,410.36,30.29,34.33,71.45,Charging,Normal,-0.4339
OVN-EV-001,2026-03-25 10:41:57.804905,14.41,386.06,33.6,43.91,33.39,Charging,Normal,-0.4749
OVN-EV-003,2026-03-25 10:41:57.804905,13.42,381.62,29.2,37.9,90.26,Charging,Normal,-0.498
OVN-EV-002,2026-03-25 10:41:57.948025,24.32,396.47,30.9,35.57,85.75,Charging,Normal,-0.4806
OVN-EV-001,2026-03-25 10:42:00.794203,23.87,414.82,30.36,37.01,41.18,Charging,Normal,-0.4711
OVN-EV-003,2026-03-25 10:42:00.795201,11.38,385.76,34.65,36.73,65.21,Charging,Normal,-0.4795
OVN-EV-002,2026-03-25 10:42:00.953667,20.77,402.41,33.83,42.42,52.93,Charging,Normal,-0.4366
OVN-EV-001,2026-03-25 10:42:03.797250,23.14,415.55,30.12,38.07,38.51,Charging,Normal,-0.4601
OVN-EV-003,2026-03-25 10:42:03.798252,12.25,410.82,29.64,41.84,61.76,Charging,Normal,-0.4489
OVN-EV-002,2026-03-25 10:42:03.963243,24.62,393.41,35.04,35.76,55.55,Charging,Normal,-0.4848
OVN-EV-003,2026-03-25 10:42:06.812333,17.55,407.78,33.16,39.28,27.39,Charging,Normal,-0.4471
OVN-EV-001,2026-03-25 10:42:06.812333,21.17,387.59,35.07,44.31,64.9,Charging,Normal,-0.4797
OVN-EV-002,2026-03-25 10:42:06.970818,19.06,381.2,35.63,43.01,68.91,Charging,Normal,-0.499
OVN-EV-003,2026-03-25 10:42:09.829277,10.22,407.65,30.86,35.5,94.42,Charging,Normal,-0.5258
OVN-EV-001,2026-03-25 10:42:09.829277,16.57,380.33,28.02,36.95,25.1,Charging,Normal,-0.529
OVN-EV-002,2026-03-25 10:42:09.983289,14.72,389.77,29.91,42.57,78.4,Charging,Normal,-0.4506
OVN-EV-003,2026-03-25 10:42:12.828741,13.82,393.83,34.12,37.14,90.57,Charging,Normal,-0.4643
OVN-EV-001,2026-03-25 10:42:12.828741,22.38,380.82,32.47,38.11,67.92,Charging,Normal,-0.4576
OVN-EV-002,2026-03-25 10:42:12.986524,16.37,381.85,35.65,33.52,29.63,Charging,Normal,-0.498
OVN-EV-003,2026-03-25 10:42:15.844553,20.2,411.63,29.3,41.47,74.79,Charging,Normal,-0.4556
OVN-EV-001,2026-03-25 10:42:15.844553,11.32,385.71,28.8,38.55,93.28,Charging,Normal,-0.5222
OVN-EV-002,2026-03-25 10:42:15.999445,23.09,383.95,30.35,43.0,45.7,Charging,Normal,-0.485
OVN-EV-003,2026-03-25 10:42:18.859831,21.14,383.76,28.14,36.04,87.31,Charging,Normal,-0.4866
OVN-EV-001,2026-03-25 10:42:18.859831,13.39,397.98,30.32,44.89,66.23,Charging,Normal,-0.4695
OVN-EV-002,2026-03-25 10:42:19.017733,18.22,405.91,30.31,44.29,40.75,Charging,Normal,-0.4511
OVN-EV-003,2026-03-25 10:42:21.872392,21.98,403.42,28.81,33.91,29.12,Charging,Normal,-0.477
OVN-EV-001,2026-03-25 10:42:21.872392,23.35,395.71,31.34,42.34,57.17,Charging,Normal,-0.4477
OVN-EV-002,2026-03-25 10:42:22.027991,16.92,386.8,28.13,33.51,45.36,Charging,Normal,-0.4833
OVN-EV-001,2026-03-25 10:42:24.881453,22.8,417.51,35.26,35.99,51.31,Charging,Normal,-0.4893
OVN-EV-003,2026-03-25 10:42:24.882115,13.16,398.83,29.98,44.81,50.23,Charging,Normal,-0.4666
OVN-EV-002,2026-03-25 10:42:25.042694,23.78,416.29,35.75,31.11,79.26,Charging,Normal,-0.5171
OVN-EV-001,2026-03-25 10:42:27.881614,12.98,409.59,28.93,41.23,46.15,Charging,Normal,-0.4557
OVN-EV-003,2026-03-25 10:42:27.881614,24.63,495.44,97.33,76.18,83.36,ANOMALY,ANOMALY,-0.741
OVN-EV-002,2026-03-25 10:42:28.062452,10.72,383.52,29.76,32.37,46.59,Charging,Normal,-0.5166
OVN-EV-001,2026-03-25 10:42:30.890230,21.68,416.92,29.79,39.48,84.51,Charging,Normal,-0.4776
OVN-EV-003,2026-03-25 10:42:30.890230,19.29,414.17,35.27,36.1,61.89,Charging,Normal,-0.4622
OVN-EV-002,2026-03-25 10:42:31.064462,16.64,386.24,34.76,31.48,34.52,Charging,Normal,-0.4825
OVN-EV-001,2026-03-25 10:42:33.900295,23.15,392.72,29.96,30.56,21.15,Charging,Normal,-0.5219
OVN-EV-003,2026-03-25 10:42:33.904324,22.91,384.95,29.51,34.98,43.37,Charging,Normal,-0.4686
OVN-EV-002,2026-03-25 10:42:34.064179,19.79,414.81,30.05,44.63,61.92,Charging,Normal,-0.4719
OVN-EV-001,2026-03-25 10:42:36.922498,20.4,417.39,35.35,40.07,43.27,Charging,Normal,-0.4774
OVN-EV-003,2026-03-25 10:42:36.922498,19.43,383.06,35.1,37.02,49.56,Charging,Normal,-0.4728
OVN-EV-002,2026-03-25 10:42:37.093654,24.02,392.24,32.94,41.05,74.82,Charging,Normal,-0.4527
OVN-EV-001,2026-03-25 10:42:39.936911,17.95,402.81,35.01,31.41,67.08,Charging,Normal,-0.462
OVN-EV-003,2026-03-25 10:42:39.936911,15.77,410.95,31.81,37.24,43.08,Charging,Normal,-0.4276
OVN-EV-002,2026-03-25 10:42:40.095263,12.77,385.06,31.87,33.35,61.7,Charging,Normal,-0.4629
OVN-EV-001,2026-03-25 10:42:42.967897,21.4,381.66,32.66,37.17,89.41,Charging,Normal,-0.4863
OVN-EV-003,2026-03-25 10:42:42.967897,15.45,409.88,31.73,37.9,42.74,Charging,Normal,-0.4291
OVN-EV-002,2026-03-25 10:42:43.095631,13.79,405.22,31.31,42.25,31.12,Charging,Normal,-0.4533
OVN-EV-003,2026-03-25 10:42:45.986633,24.9,387.51,31.06,32.77,44.31,Charging,Normal,-0.5044
OVN-EV-001,2026-03-25 10:42:45.986633,24.8,406.16,31.3,42.69,69.19,Charging,Normal,-0.4816
OVN-EV-002,2026-03-25 10:42:46.109148,23.05,408.05,30.3,30.75,92.6,Charging,Normal,-0.5111
OVN-EV-003,2026-03-25 10:42:48.986223,16.32,396.3,35.73,35.02,89.59,Charging,Normal,-0.4814
OVN-EV-001,2026-03-25 10:42:48.987501,18.86,409.35,32.6,35.4,53.71,Charging,Normal,-0.4246
OVN-EV-002,2026-03-25 10:42:49.128574,19.97,389.38,33.23,32.09,57.13,Charging,Normal,-0.4502
OVN-EV-003,2026-03-25 10:42:51.988872,24.62,414.02,28.11,39.1,31.29,Charging,Normal,-0.5277
OVN-EV-001,2026-03-25 10:42:51.990130,24.26,394.53,31.22,42.19,93.71,Charging,Normal,-0.5088
OVN-EV-002,2026-03-25 10:42:52.141088,23.56,401.4,32.88,41.85,43.03,Charging,Normal,-0.4556
OVN-EV-003,2026-03-25 10:42:55.001124,17.88,383.58,35.76,40.58,36.93,Charging,Normal,-0.4754
OVN-EV-001,2026-03-25 10:42:55.001124,24.68,387.51,28.29,34.55,48.45,Charging,Normal,-0.5219
OVN-EV-002,2026-03-25 10:42:55.141912,14.54,394.33,31.25,33.14,70.38,Charging,Normal,-0.4347
OVN-EV-003,2026-03-25 10:42:58.015101,16.03,397.19,28.91,44.85,36.62,Charging,Normal,-0.4776
OVN-EV-001,2026-03-25 10:42:58.016569,10.41,391.06,32.43,35.86,43.48,Charging,Normal,-0.4851
OVN-EV-002,2026-03-25 10:42:58.147377,20.34,416.24,29.79,42.22,23.06,Charging,Normal,-0.488
OVN-EV-003,2026-03-25 10:43:01.031127,10.55,390.55,35.27,39.04,64.06,Charging,Normal,-0.4964
OVN-EV-001,2026-03-25 10:43:01.031577,22.81,464.65,98.95,71.35,63.08,ANOMALY,ANOMALY,-0.6919
OVN-EV-002,2026-03-25 10:43:01.147468,24.63,400.36,31.37,41.94,38.68,Charging,Normal,-0.4843
OVN-EV-003,2026-03-25 10:43:04.045677,24.23,407.33,32.0,40.29,69.19,Charging,Normal,-0.4599
OVN-EV-001,2026-03-25 10:43:04.045677,23.24,382.5,33.73,43.52,59.76,Charging,Normal,-0.4961
OVN-EV-002,2026-03-25 10:43:04.139938,22.5,382.36,32.12,32.89,77.91,Charging,Normal,-0.4834
OVN-EV-001,2026-03-25 10:43:07.063464,24.79,396.54,29.4,38.66,78.5,Charging,Normal,-0.4894
OVN-EV-003,2026-03-25 10:43:07.064458,20.52,416.05,34.9,39.57,49.54,Charging,Normal,-0.4723
OVN-EV-002,2026-03-25 10:43:07.157411,17.72,384.83,29.06,37.97,81.88,Charging,Normal,-0.4663
OVN-EV-001,2026-03-25 10:43:10.077977,22.05,419.28,31.02,43.06,77.53,Charging,Normal,-0.4788
OVN-EV-003,2026-03-25 10:43:10.077977,11.54,404.38,34.77,44.43,36.97,Charging,Normal,-0.5027
OVN-EV-002,2026-03-25 10:43:10.161731,22.5,414.18,34.76,40.56,85.48,Charging,Normal,-0.4921
OVN-EV-001,2026-03-25 10:43:13.102441,15.12,417.66,28.73,43.45,90.48,Charging,Normal,-0.5114
OVN-EV-003,2026-03-25 10:43:13.102441,20.82,491.53,85.7,80.96,81.81,ANOMALY,ANOMALY,-0.6842
OVN-EV-002,2026-03-25 10:43:13.171876,20.86,391.7,32.12,33.53,40.01,Charging,Normal,-0.4469
OVN-EV-001,2026-03-25 10:43:16.095135,10.43,406.23,29.56,36.4,50.05,Charging,Normal,-0.4941
OVN-EV-003,2026-03-25 10:43:16.095135,17.36,401.72,28.59,32.89,55.95,Charging,Normal,-0.4492
OVN-EV-002,2026-03-25 10:43:16.187137,21.92,498.56,95.76,87.85,68.48,ANOMALY,ANOMALY,-0.7095
OVN-EV-001,2026-03-25 10:43:19.097638,11.0,388.59,32.53,39.37,51.9,Charging,Normal,-0.4756
OVN-EV-003,2026-03-25 10:43:19.099012,15.83,499.81,86.1,80.58,49.75,ANOMALY,ANOMALY,-0.6714
OVN-EV-002,2026-03-25 10:43:19.205291,19.19,411.23,31.62,36.89,46.7,Charging,Normal,-0.439
OVN-EV-001,2026-03-25 10:43:22.094040,19.88,397.33,28.79,44.89,70.78,Charging,Normal,-0.4839
OVN-EV-003,2026-03-25 10:43:22.094040,18.62,419.97,31.23,41.12,20.83,Charging,Normal,-0.5008
OVN-EV-002,2026-03-25 10:43:22.217296,24.79,417.71,31.5,44.65,89.81,Charging,Normal,-0.5556
OVN-EV-003,2026-03-25 10:43:25.100077,24.92,407.3,34.67,39.48,88.02,Charging,Normal,-0.5121
OVN-EV-001,2026-03-25 10:43:25.101286,22.2,415.55,34.03,35.8,56.8,Charging,Normal,-0.4616
OVN-EV-002,2026-03-25 10:43:25.233058,19.67,383.24,28.92,40.26,87.63,Charging,Normal,-0.4986
OVN-EV-003,2026-03-25 10:43:28.100327,22.96,404.95,34.8,41.55,39.06,Charging,Normal,-0.4568
OVN-EV-001,2026-03-25 10:43:28.101715,18.01,385.03,31.8,30.67,35.24,Charging,Normal,-0.4862
OVN-EV-002,2026-03-25 10:43:28.252160,24.32,382.28,33.68,34.17,28.84,Charging,Normal,-0.5125
OVN-EV-003,2026-03-25 10:43:31.101301,21.46,392.59,31.21,42.84,27.59,Charging,Normal,-0.4726
OVN-EV-001,2026-03-25 10:43:31.102530,20.1,414.29,33.78,39.04,78.22,Charging,Normal,-0.4442
OVN-EV-002,2026-03-25 10:43:31.248104,24.83,399.93,29.71,35.26,54.61,Charging,Normal,-0.4728
OVN-EV-003,2026-03-25 10:43:34.099355,10.37,406.88,32.38,44.36,39.59,Charging,Normal,-0.521
OVN-EV-001,2026-03-25 10:43:34.099910,14.11,404.65,28.2,40.28,82.49,Charging,Normal,-0.4586
OVN-EV-002,2026-03-25 10:43:34.265065,15.66,408.2,29.09,32.43,46.21,Charging,Normal,-0.469
OVN-EV-003,2026-03-25 10:43:37.110562,13.45,402.98,32.82,39.47,33.66,Charging,Normal,-0.4425
OVN-EV-001,2026-03-25 10:43:37.110562,10.03,387.24,28.04,33.59,43.81,Charging,Normal,-0.5499
OVN-EV-002,2026-03-25 10:43:37.296543,18.16,415.93,29.4,39.15,57.51,Charging,Normal,-0.452
OVN-EV-003,2026-03-25 10:43:40.110567,12.28,410.75,29.36,32.79,85.01,Charging,Normal,-0.4993
OVN-EV-001,2026-03-25 10:43:40.111738,15.89,396.03,31.81,42.12,68.71,Charging,Normal,-0.4305
OVN-EV-002,2026-03-25 10:43:40.314125,12.03,418.88,28.81,39.69,54.03,Charging,Normal,-0.5032
OVN-EV-003,2026-03-25 10:43:43.125349,20.55,388.89,33.28,42.06,53.44,Charging,Normal,-0.4537
OVN-EV-001,2026-03-25 10:43:43.125349,13.36,405.52,30.34,33.34,46.03,Charging,Normal,-0.4577
OVN-EV-002,2026-03-25 10:43:43.312464,17.17,418.44,29.95,31.95,81.41,Charging,Normal,-0.4894
OVN-EV-001,2026-03-25 10:43:46.126951,22.8,402.83,29.99,42.73,85.01,Charging,Normal,-0.4787
OVN-EV-003,2026-03-25 10:43:46.128269,20.46,414.29,34.23,35.03,36.89,Charging,Normal,-0.4678
OVN-EV-002,2026-03-25 10:43:46.327982,21.77,387.18,30.7,43.13,88.24,Charging,Normal,-0.4996
OVN-EV-001,2026-03-25 10:43:49.141507,14.14,388.58,28.51,44.58,38.38,Charging,Normal,-0.4847
OVN-EV-003,2026-03-25 10:43:49.141507,13.53,397.05,35.66,35.81,27.72,Charging,Normal,-0.4821
OVN-EV-002,2026-03-25 10:43:49.344219,10.24,413.61,32.69,33.82,54.22,Charging,Normal,-0.5024
OVN-EV-001,2026-03-25 10:43:52.144191,23.42,409.83,28.22,40.72,81.8,Charging,Normal,-0.5001
OVN-EV-003,2026-03-25 10:43:52.145232,19.84,409.07,28.16,37.86,32.9,Charging,Normal,-0.4709
OVN-EV-002,2026-03-25 10:43:52.361767,24.45,402.73,30.91,38.38,69.63,Charging,Normal,-0.4504
OVN-EV-001,2026-03-25 10:43:55.156130,17.57,397.73,29.82,31.1,79.4,Charging,Normal,-0.4617
OVN-EV-003,2026-03-25 10:43:55.156130,22.97,392.83,30.73,36.89,49.56,Charging,Normal,-0.4421
OVN-EV-002,2026-03-25 10:43:55.359496,24.83,399.01,31.22,31.03,53.35,Charging,Normal,-0.5069
OVN-EV-001,2026-03-25 10:43:58.159880,22.01,410.84,33.36,34.6,73.52,Charging,Normal,-0.45
OVN-EV-003,2026-03-25 10:43:58.160916,21.17,408.76,35.91,32.66,60.25,Charging,Normal,-0.49
OVN-EV-002,2026-03-25 10:43:58.374439,13.46,405.91,30.89,43.17,83.02,Charging,Normal,-0.454
OVN-EV-001,2026-03-25 10:44:01.172627,12.03,383.78,34.39,41.6,74.79,Charging,Normal,-0.5006
OVN-EV-003,2026-03-25 10:44:01.172627,17.38,390.57,28.57,37.29,67.25,Charging,Normal,-0.4407
OVN-EV-002,2026-03-25 10:44:01.390310,10.97,403.44,33.24,41.64,61.74,Charging,Normal,-0.4606
OVN-EV-001,2026-03-25 10:44:04.187771,18.08,413.23,35.9,33.84,88.52,Charging,Normal,-0.5151
OVN-EV-003,2026-03-25 10:44:04.187771,13.52,409.73,28.51,34.45,25.94,Charging,Normal,-0.4825
OVN-EV-002,2026-03-25 10:44:04.406039,13.75,464.78,93.55,72.5,45.0,ANOMALY,ANOMALY,-0.6749
OVN-EV-003,2026-03-25 10:44:07.189267,12.08,418.13,35.84,37.46,53.94,Charging,Normal,-0.5067
OVN-EV-001,2026-03-25 10:44:07.189267,16.19,409.11,29.73,37.07,40.82,Charging,Normal,-0.4287
OVN-EV-002,2026-03-25 10:44:07.423780,20.87,412.37,33.23,33.55,50.09,Charging,Normal,-0.4485
OVN-EV-003,2026-03-25 10:44:10.203902,20.0,406.01,33.6,36.61,22.43,Charging,Normal,-0.4792
OVN-EV-001,2026-03-25 10:44:10.203902,16.75,381.88,31.06,30.45,52.43,Charging,Normal,-0.4759
OVN-EV-002,2026-03-25 10:44:10.436578,13.9,409.86,31.75,30.99,50.11,Charging,Normal,-0.467
OVN-EV-003,2026-03-25 10:44:13.206449,19.25,381.94,30.34,41.51,47.57,Charging,Normal,-0.4569
OVN-EV-001,2026-03-25 10:44:13.206449,22.02,382.5,31.78,43.44,53.86,Charging,Normal,-0.4696
OVN-EV-002,2026-03-25 10:44:13.468561,22.29,464.69,83.06,83.81,84.19,ANOMALY,ANOMALY,-0.6873
OVN-EV-003,2026-03-25 10:44:16.218896,17.67,409.25,35.07,42.84,75.09,Charging,Normal,-0.4739
OVN-EV-001,2026-03-25 10:44:16.218896,22.55,388.2,31.9,32.35,61.84,Charging,Normal,-0.4504
OVN-EV-002,2026-03-25 10:44:16.470415,21.64,404.42,31.59,41.44,53.91,Charging,Normal,-0.4308
OVN-EV-003,2026-03-25 10:44:19.225009,15.26,414.59,33.78,41.36,48.09,Charging,Normal,-0.4491
OVN-EV-001,2026-03-25 10:44:19.225009,16.69,380.75,32.22,35.45,20.4,Charging,Normal,-0.4944
OVN-EV-002,2026-03-25 10:44:19.484204,14.34,399.22,35.35,42.53,47.02,Charging,Normal,-0.4639
OVN-EV-003,2026-03-25 10:44:22.231913,10.19,409.53,34.79,32.55,92.11,Charging,Normal,-0.5598
OVN-EV-001,2026-03-25 10:44:22.231913,15.69,384.24,32.8,39.0,92.93,Charging,Normal,-0.4878
OVN-EV-002,2026-03-25 10:44:22.483431,22.04,390.83,29.04,33.45,69.94,Charging,Normal,-0.4674
OVN-EV-001,2026-03-25 10:44:25.251358,19.44,387.7,30.27,40.12,65.11,Charging,Normal,-0.4387
OVN-EV-003,2026-03-25 10:44:25.252788,18.91,391.86,32.16,38.85,38.64,Charging,Normal,-0.4316
OVN-EV-002,2026-03-25 10:44:25.487201,13.82,391.44,30.98,40.74,27.01,Charging,Normal,-0.4687
OVN-EV-001,2026-03-25 10:44:28.265942,23.99,382.14,32.45,34.61,22.0,Charging,Normal,-0.5092
OVN-EV-003,2026-03-25 10:44:28.267660,17.81,417.79,28.3,40.57,42.53,Charging,Normal,-0.479
OVN-EV-002,2026-03-25 10:44:28.499877,10.7,399.97,29.01,43.44,85.62,Charging,Normal,-0.5089
OVN-EV-001,2026-03-25 10:44:31.266905,11.92,469.66,98.01,85.86,76.53,ANOMALY,ANOMALY,-0.6991
OVN-EV-003,2026-03-25 10:44:31.266905,18.87,419.84,28.32,40.43,88.37,Charging,Normal,-0.5234
OVN-EV-002,2026-03-25 10:44:31.515165,24.94,419.85,33.69,37.11,26.73,Charging,Normal,-0.5326
OVN-EV-001,2026-03-25 10:44:34.281575,11.91,403.41,35.32,33.77,54.98,Charging,Normal,-0.4786
OVN-EV-003,2026-03-25 10:44:34.281575,16.72,411.49,28.03,37.02,33.46,Charging,Normal,-0.486
OVN-EV-002,2026-03-25 10:44:34.529825,16.14,413.14,35.0,32.3,25.2,Charging,Normal,-0.5049
OVN-EV-001,2026-03-25 10:44:37.285251,16.5,396.93,29.17,40.26,86.49,Charging,Normal,-0.4509
OVN-EV-003,2026-03-25 10:44:37.285251,24.62,490.68,93.42,83.29,25.28,ANOMALY,ANOMALY,-0.7063
OVN-EV-002,2026-03-25 10:44:37.548577,16.23,401.2,35.2,40.82,73.36,Charging,Normal,-0.4609
OVN-EV-001,2026-03-25 10:44:40.298037,22.8,482.71,85.07,78.25,47.62,ANOMALY,ANOMALY,-0.6742
OVN-EV-003,2026-03-25 10:44:40.298037,18.18,398.13,28.35,30.53,56.89,Charging,Normal,-0.4827
OVN-EV-002,2026-03-25 10:44:40.553268,12.02,397.33,34.46,32.26,42.56,Charging,Normal,-0.4799
OVN-EV-001,2026-03-25 10:44:43.300083,23.72,412.23,31.63,40.81,48.51,Charging,Normal,-0.4546
OVN-EV-003,2026-03-25 10:44:43.300083,19.46,408.96,31.87,44.98,92.13,Charging,Normal,-0.5146
OVN-EV-002,2026-03-25 10:44:43.565765,22.42,390.05,32.88,41.82,22.71,Charging,Normal,-0.4993
OVN-EV-003,2026-03-25 10:44:46.315120,12.64,411.4,35.51,42.9,44.53,Charging,Normal,-0.4992
OVN-EV-001,2026-03-25 10:44:46.316073,17.56,394.98,32.51,37.42,50.41,Charging,Normal,-0.4235
OVN-EV-002,2026-03-25 10:44:46.567731,23.42,397.85,29.33,36.95,60.52,Charging,Normal,-0.4445
OVN-EV-003,2026-03-25 10:44:49.327467,17.59,412.2,31.38,44.58,20.03,Charging,Normal,-0.5152
OVN-EV-001,2026-03-25 10:44:49.327467,15.57,402.5,29.62,34.96,92.99,Charging,Normal,-0.474
OVN-EV-002,2026-03-25 10:44:49.575741,18.63,389.14,32.39,44.14,93.21,Charging,Normal,-0.5095
OVN-EV-003,2026-03-25 10:44:52.331201,21.78,417.21,34.95,33.42,66.67,Charging,Normal,-0.4823
OVN-EV-001,2026-03-25 10:44:52.331201,21.93,381.38,28.44,30.07,51.36,Charging,Normal,-0.5246
OVN-EV-002,2026-03-25 10:44:52.583620,20.89,416.84,35.08,37.13,41.95,Charging,Normal,-0.4794
OVN-EV-003,2026-03-25 10:44:55.348784,19.12,464.54,91.47,71.12,25.44,ANOMALY,ANOMALY,-0.6902
OVN-EV-001,2026-03-25 10:44:55.350083,18.84,389.33,32.93,34.67,58.13,Charging,Normal,-0.4261
OVN-EV-002,2026-03-25 10:44:55.594139,17.53,401.51,34.24,39.75,84.02,Charging,Normal,-0.4554
OVN-EV-003,2026-03-25 10:44:58.359040,24.55,406.78,29.27,40.39,45.11,Charging,Normal,-0.4681
OVN-EV-001,2026-03-25 10:44:58.359040,14.32,408.87,28.15,33.91,91.32,Charging,Normal,-0.4973
OVN-EV-002,2026-03-25 10:44:58.595224,18.09,386.85,30.74,36.07,86.12,Charging,Normal,-0.4574
OVN-EV-003,2026-03-25 10:45:01.375328,18.39,397.75,34.93,44.69,28.95,Charging,Normal,-0.4934
OVN-EV-001,2026-03-25 10:45:01.375328,16.96,391.5,29.03,30.07,51.37,Charging,Normal,-0.4718
OVN-EV-002,2026-03-25 10:45:01.609402,10.15,411.31,28.51,35.21,37.8,Charging,Normal,-0.5262
OVN-EV-003,2026-03-25 10:45:04.399889,14.58,383.7,33.78,40.95,82.73,Charging,Normal,-0.4653
OVN-EV-001,2026-03-25 10:45:04.399889,13.73,404.25,30.21,32.58,78.25,Charging,Normal,-0.4545
OVN-EV-002,2026-03-25 10:45:04.621046,23.4,381.36,29.6,40.1,77.87,Charging,Normal,-0.4881
OVN-EV-001,2026-03-25 10:45:07.398343,11.97,401.71,29.96,43.88,27.99,Charging,Normal,-0.4928
OVN-EV-003,2026-03-25 10:45:07.398343,11.51,400.34,35.19,38.49,21.1,Charging,Normal,-0.5281
OVN-EV-002,2026-03-25 10:45:07.635379,11.46,380.77,35.31,30.77,57.94,Charging,Normal,-0.5441
OVN-EV-001,2026-03-25 10:45:10.391812,19.01,409.75,30.07,37.13,63.81,Charging,Normal,-0.4272
OVN-EV-003,2026-03-25 10:45:10.391812,24.56,399.95,31.4,41.68,46.87,Charging,Normal,-0.4655
OVN-EV-002,2026-03-25 10:45:10.656048,22.55,413.41,28.51,41.09,61.44,Charging,Normal,-0.4727
OVN-EV-001,2026-03-25 10:45:13.406447,22.45,388.74,35.9,39.31,85.03,Charging,Normal,-0.4838
OVN-EV-003,2026-03-25 10:45:13.406447,13.7,414.74,33.06,32.74,38.89,Charging,Normal,-0.4589
OVN-EV-002,2026-03-25 10:45:13.657203,19.77,402.63,33.91,41.71,71.26,Charging,Normal,-0.4409
OVN-EV-001,2026-03-25 10:45:16.416302,18.56,393.57,33.69,33.66,50.94,Charging,Normal,-0.4339
OVN-EV-003,2026-03-25 10:45:16.417436,22.89,419.79,31.71,41.96,40.11,Charging,Normal,-0.488
OVN-EV-002,2026-03-25 10:45:16.658820,15.44,390.33,29.77,41.97,70.57,Charging,Normal,-0.4502
OVN-EV-001,2026-03-25 10:45:19.432018,12.53,398.49,35.05,37.7,52.1,Charging,Normal,-0.4604
OVN-EV-003,2026-03-25 10:45:19.433377,22.47,392.13,34.57,44.09,53.26,Charging,Normal,-0.4688
OVN-EV-002,2026-03-25 10:45:19.671621,21.81,409.38,33.47,31.04,91.45,Charging,Normal,-0.5091
OVN-EV-001,2026-03-25 10:45:22.440403,17.34,401.65,32.4,38.31,53.23,Charging,Normal,-0.418
OVN-EV-003,2026-03-25 10:45:22.440403,12.61,395.56,32.82,31.79,41.81,Charging,Normal,-0.4622
OVN-EV-002,2026-03-25 10:45:22.682271,22.07,404.62,32.01,32.02,37.97,Charging,Normal,-0.456
OVN-EV-003,2026-03-25 10:45:25.447870,24.19,405.2,33.05,36.05,74.72,Charging,Normal,-0.4583
OVN-EV-001,2026-03-25 10:45:25.447870,22.76,389.3,29.0,41.87,33.94,Charging,Normal,-0.4808
OVN-EV-002,2026-03-25 10:45:25.684239,23.51,417.65,32.86,41.33,86.11,Charging,Normal,-0.4893
OVN-EV-003,2026-03-25 10:45:28.466056,10.02,407.36,30.14,36.82,70.45,Charging,Normal,-0.5
OVN-EV-001,2026-03-25 10:45:28.466056,17.86,390.08,28.88,44.75,77.74,Charging,Normal,-0.473
OVN-EV-002,2026-03-25 10:45:28.694086,20.27,413.88,32.13,36.37,87.43,Charging,Normal,-0.4576
OVN-EV-003,2026-03-25 10:45:31.491582,21.68,388.16,29.75,40.43,22.18,Charging,Normal,-0.4935
OVN-EV-001,2026-03-25 10:45:31.491582,16.4,386.86,29.88,31.36,28.14,Charging,Normal,-0.4851
OVN-EV-002,2026-03-25 10:45:31.698442,20.43,402.32,32.29,30.35,54.56,Charging,Normal,-0.465
OVN-EV-003,2026-03-25 10:45:34.482565,16.5,390.14,29.26,40.49,22.98,Charging,Normal,-0.476
OVN-EV-001,2026-03-25 10:45:34.482565,20.23,419.55,28.53,35.74,73.94,Charging,Normal,-0.4883
OVN-EV-002,2026-03-25 10:45:34.714097,12.74,413.36,36.0,38.95,26.94,Charging,Normal,-0.5198
OVN-EV-003,2026-03-25 10:45:37.481135,22.39,399.26,28.58,34.92,38.08,Charging,Normal,-0.4628
OVN-EV-001,2026-03-25 10:45:37.481135,16.17,396.44,32.44,31.21,83.09,Charging,Normal,-0.4615
OVN-EV-002,2026-03-25 10:45:37.730623,19.58,401.62,30.44,44.51,44.1,Charging,Normal,-0.4549
OVN-EV-003,2026-03-25 10:45:40.484424,22.66,405.97,28.45,33.14,60.27,Charging,Normal,-0.4594
OVN-EV-001,2026-03-25 10:45:40.484424,22.07,399.87,28.01,36.87,90.64,Charging,Normal,-0.4976
OVN-EV-002,2026-03-25 10:45:40.749068,10.7,416.59,32.3,38.49,20.88,Charging,Normal,-0.5298
OVN-EV-003,2026-03-25 10:45:43.483836,10.52,410.08,33.3,30.27,28.22,Charging,Normal,-0.5453
OVN-EV-001,2026-03-25 10:45:43.483836,17.19,414.85,30.49,42.71,75.66,Charging,Normal,-0.4631
OVN-EV-002,2026-03-25 10:45:43.765458,11.85,392.41,32.89,41.91,58.66,Charging,Normal,-0.4473
OVN-EV-001,2026-03-25 10:45:46.482334,14.59,385.86,28.75,30.06,58.32,Charging,Normal,-0.4942
OVN-EV-003,2026-03-25 10:45:46.482334,17.36,409.37,33.15,39.42,43.61,Charging,Normal,-0.4297
OVN-EV-002,2026-03-25 10:45:46.765562,10.13,416.08,35.4,35.64,40.51,Charging,Normal,-0.5456
OVN-EV-001,2026-03-25 10:45:49.486780,24.76,381.1,30.42,41.82,22.15,Charging,Normal,-0.5384
OVN-EV-003,2026-03-25 10:45:49.486780,15.43,416.4,32.27,36.85,57.37,Charging,Normal,-0.4408
OVN-EV-002,2026-03-25 10:45:49.782029,23.07,405.75,30.99,41.39,48.66,Charging,Normal,-0.4405
OVN-EV-001,2026-03-25 10:45:52.486930,21.89,395.19,35.17,42.75,85.89,Charging,Normal,-0.4699
OVN-EV-003,2026-03-25 10:45:52.486930,11.55,403.3,31.5,31.15,51.2,Charging,Normal,-0.4845
OVN-EV-002,2026-03-25 10:45:52.800108,22.84,387.98,35.68,42.89,83.34,Charging,Normal,-0.4972
OVN-EV-001,2026-03-25 10:45:55.499145,24.05,392.72,29.83,33.52,43.69,Charging,Normal,-0.4679
OVN-EV-003,2026-03-25 10:45:55.499145,14.41,388.68,28.35,33.16,55.32,Charging,Normal,-0.4623
OVN-EV-002,2026-03-25 10:45:55.798714,10.03,392.03,32.64,30.9,49.42,Charging,Normal,-0.5356
OVN-EV-001,2026-03-25 10:45:58.516366,22.5,408.09,30.34,32.39,32.49,Charging,Normal,-0.4636
OVN-EV-003,2026-03-25 10:45:58.516366,20.59,397.11,28.09,31.15,82.14,Charging,Normal,-0.493
OVN-EV-002,2026-03-25 10:45:58.814477,13.52,389.17,30.5,43.88,77.5,Charging,Normal,-0.4714
OVN-EV-001,2026-03-25 10:46:01.529216,21.41,393.03,35.37,34.63,88.41,Charging,Normal,-0.4817
OVN-EV-003,2026-03-25 10:46:01.529216,20.77,397.31,34.08,41.82,49.65,Charging,Normal,-0.4396
OVN-EV-002,2026-03-25 10:46:01.817228,17.16,400.02,35.41,34.48,94.03,Charging,Normal,-0.4934
OVN-EV-001,2026-03-25 10:46:04.533419,20.32,400.21,32.08,31.75,56.89,Charging,Normal,-0.4442
OVN-EV-003,2026-03-25 10:46:04.534869,10.81,389.08,35.76,32.64,93.81,Charging,Normal,-0.5449
OVN-EV-002,2026-03-25 10:46:04.831145,17.96,408.82,28.48,41.06,77.74,Charging,Normal,-0.4587
OVN-EV-003,2026-03-25 10:46:07.548979,21.96,403.49,31.95,43.71,41.34,Charging,Normal,-0.4497
OVN-EV-001,2026-03-25 10:46:07.548979,19.93,395.64,31.55,33.62,69.61,Charging,Normal,-0.4464
OVN-EV-002,2026-03-25 10:46:07.844712,15.72,395.58,32.88,35.83,32.96,Charging,Normal,-0.4467
OVN-EV-003,2026-03-25 10:46:10.551746,13.77,382.05,35.42,42.56,57.48,Charging,Normal,-0.4781
OVN-EV-001,2026-03-25 10:46:10.551746,23.59,415.45,31.35,30.33,41.01,Charging,Normal,-0.5047
OVN-EV-002,2026-03-25 10:46:10.852443,11.47,416.86,32.91,41.48,75.15,Charging,Normal,-0.4824
OVN-EV-003,2026-03-25 10:46:13.562825,12.56,411.78,35.92,33.43,48.68,Charging,Normal,-0.4954
OVN-EV-001,2026-03-25 10:46:13.562825,13.36,416.79,28.83,36.16,69.39,Charging,Normal,-0.4771
OVN-EV-002,2026-03-25 10:46:13.859174,14.37,412.33,35.5,39.02,31.87,Charging,Normal,-0.4864
OVN-EV-003,2026-03-25 10:46:16.565025,20.23,410.49,28.75,38.68,53.43,Charging,Normal,-0.453
OVN-EV-001,2026-03-25 10:46:16.565025,21.58,396.23,30.92,31.73,59.11,Charging,Normal,-0.4639
OVN-EV-002,2026-03-25 10:46:16.877697,21.53,385.21,31.06,43.81,73.55,Charging,Normal,-0.4723
OVN-EV-003,2026-03-25 10:46:19.577594,11.5,412.8,33.42,32.23,61.12,Charging,Normal,-0.482
OVN-EV-001,2026-03-25 10:46:19.577594,19.99,388.95,33.9,36.95,90.67,Charging,Normal,-0.469
OVN-EV-002,2026-03-25 10:46:19.886089,16.4,404.4,30.16,34.4,24.15,Charging,Normal,-0.4628
OVN-EV-003,2026-03-25 10:46:22.597975,24.48,416.8,28.6,36.57,31.36,Charging,Normal,-0.5091
OVN-EV-001,2026-03-25 10:46:22.597975,20.05,412.39,32.08,42.82,47.16,Charging,Normal,-0.4522
OVN-EV-002,2026-03-25 10:46:22.899341,17.8,395.43,33.12,38.26,23.04,Charging,Normal,-0.47
OVN-EV-001,2026-03-25 10:46:25.602552,22.62,395.12,30.36,32.37,25.34,Charging,Normal,-0.4877
OVN-EV-003,2026-03-25 10:46:25.603919,15.78,394.57,29.43,39.11,47.52,Charging,Normal,-0.4321
OVN-EV-002,2026-03-25 10:46:25.899982,16.8,405.05,31.04,31.18,39.08,Charging,Normal,-0.4515
OVN-EV-001,2026-03-25 10:46:28.609461,16.73,405.63,34.26,32.67,55.76,Charging,Normal,-0.4506
OVN-EV-003,2026-03-25 10:46:28.609461,12.9,410.22,33.25,36.67,32.17,Charging,Normal,-0.4745
OVN-EV-002,2026-03-25 10:46:28.922007,11.79,419.89,31.49,44.73,70.15,Charging,Normal,-0.5141
OVN-EV-001,2026-03-25 10:46:31.617895,20.7,409.87,34.85,30.81,76.66,Charging,Normal,-0.479
OVN-EV-003,2026-03-25 10:46:31.619604,20.65,413.24,30.4,37.18,26.12,Charging,Normal,-0.4767
OVN-EV-002,2026-03-25 10:46:31.917912,20.77,386.12,29.47,36.9,69.5,Charging,Normal,-0.4572
OVN-EV-001,2026-03-25 10:46:34.627492,21.88,404.65,33.42,41.29,69.61,Charging,Normal,-0.4505
OVN-EV-003,2026-03-25 10:46:34.628566,19.35,382.83,34.26,31.14,54.74,Charging,Normal,-0.4946
OVN-EV-002,2026-03-25 10:46:34.934263,10.91,393.18,33.59,32.51,88.54,Charging,Normal,-0.5061
OVN-EV-001,2026-03-25 10:46:37.624888,23.27,391.67,28.84,31.54,38.44,Charging,Normal,-0.4964
OVN-EV-003,2026-03-25 10:46:37.624888,18.39,380.67,28.75,39.1,79.85,Charging,Normal,-0.4841
OVN-EV-002,2026-03-25 10:46:37.952882,11.15,406.46,32.81,36.04,45.31,Charging,Normal,-0.4607
OVN-EV-001,2026-03-25 10:46:40.634177,22.55,419.37,32.88,31.28,55.07,Charging,Normal,-0.4912
OVN-EV-003,2026-03-25 10:46:40.634177,15.69,384.78,30.76,33.4,50.5,Charging,Normal,-0.4568
OVN-EV-002,2026-03-25 10:46:40.950074,17.91,390.49,32.44,39.21,57.54,Charging,Normal,-0.4247
OVN-EV-001,2026-03-25 10:46:43.641900,21.12,393.63,33.25,31.83,59.11,Charging,Normal,-0.459
OVN-EV-003,2026-03-25 10:46:43.641900,19.35,380.49,30.41,33.89,25.33,Charging,Normal,-0.4975
OVN-EV-002,2026-03-25 10:46:43.970462,23.68,386.19,33.36,34.62,64.18,Charging,Normal,-0.4695
OVN-EV-003,2026-03-25 10:46:46.651531,14.5,386.99,29.86,31.31,70.48,Charging,Normal,-0.4708
OVN-EV-001,2026-03-25 10:46:46.652341,16.37,416.39,30.94,40.25,59.4,Charging,Normal,-0.4495
OVN-EV-002,2026-03-25 10:46:46.968954,17.02,474.27,93.78,84.04,51.1,ANOMALY,ANOMALY,-0.6691
OVN-EV-003,2026-03-25 10:46:49.661900,17.27,402.73,34.73,35.77,35.37,Charging,Normal,-0.4651
OVN-EV-001,2026-03-25 10:46:49.661900,13.11,395.69,35.45,43.31,38.52,Charging,Normal,-0.483
OVN-EV-002,2026-03-25 10:46:49.985158,18.29,395.77,28.38,35.15,29.72,Charging,Normal,-0.471
OVN-EV-003,2026-03-25 10:46:52.668535,10.76,383.33,29.51,37.96,59.06,Charging,Normal,-0.4958
OVN-EV-001,2026-03-25 10:46:52.669107,16.0,481.56,91.2,78.36,70.59,ANOMALY,ANOMALY,-0.6587
OVN-EV-002,2026-03-25 10:46:52.999040,18.95,385.16,30.08,32.18,29.44,Charging,Normal,-0.4846
OVN-EV-003,2026-03-25 10:46:55.680774,22.87,396.98,32.43,35.81,30.29,Charging,Normal,-0.4519
OVN-EV-001,2026-03-25 10:46:55.680774,22.27,403.76,29.39,44.29,28.5,Charging,Normal,-0.49
OVN-EV-002,2026-03-25 10:46:56.019577,13.41,418.05,32.23,37.77,22.64,Charging,Normal,-0.5006
OVN-EV-003,2026-03-25 10:46:58.702677,12.02,412.01,28.36,31.44,93.1,Charging,Normal,-0.5411
OVN-EV-001,2026-03-25 10:46:58.702677,12.45,396.65,33.08,33.29,76.02,Charging,Normal,-0.4527
OVN-EV-002,2026-03-25 10:46:59.017729,15.66,388.5,31.75,31.38,53.08,Charging,Normal,-0.4622
OVN-EV-003,2026-03-25 10:47:01.718953,18.7,383.2,34.88,38.48,80.86,Charging,Normal,-0.4866
OVN-EV-001,2026-03-25 10:47:01.718953,11.83,411.04,32.18,35.84,87.57,Charging,Normal,-0.4852
OVN-EV-002,2026-03-25 10:47:02.030981,23.43,462.39,90.22,78.16,76.4,ANOMALY,ANOMALY,-0.6858
OVN-EV-003,2026-03-25 10:47:04.720192,14.59,419.3,29.76,38.37,49.63,Charging,Normal,-0.4831
OVN-EV-001,2026-03-25 10:47:04.720192,16.63,418.18,31.31,34.51,72.3,Charging,Normal,-0.4702
OVN-EV-002,2026-03-25 10:47:05.036426,19.72,399.7,31.08,43.7,84.0,Charging,Normal,-0.4501
OVN-EV-003,2026-03-25 10:47:07.734187,15.46,402.86,33.87,37.98,86.81,Charging,Normal,-0.4395
OVN-EV-001,2026-03-25 10:47:07.734187,20.91,479.95,99.06,72.12,78.12,ANOMALY,ANOMALY,-0.694
OVN-EV-002,2026-03-25 10:47:08.037494,24.75,387.75,33.88,43.56,94.72,Charging,Normal,-0.543
OVN-EV-003,2026-03-25 10:47:10.750659,21.36,402.61,29.0,41.35,86.57,Charging,Normal,-0.4575
OVN-EV-001,2026-03-25 10:47:10.750659,11.34,393.41,32.45,35.02,62.88,Charging,Normal,-0.459
OVN-EV-002,2026-03-25 10:47:11.047279,18.68,400.93,28.13,37.4,73.26,Charging,Normal,-0.4538
OVN-EV-003,2026-03-25 10:47:13.766584,19.5,397.88,28.07,44.05,66.96,Charging,Normal,-0.4751
OVN-EV-001,2026-03-25 10:47:13.766584,19.74,394.06,28.56,36.87,71.66,Charging,Normal,-0.4526
OVN-EV-002,2026-03-25 10:47:14.063280,18.32,404.29,35.37,38.76,20.06,Charging,Normal,-0.498
OVN-EV-003,2026-03-25 10:47:16.781099,24.93,390.13,30.87,44.22,33.64,Charging,Normal,-0.5193
OVN-EV-001,2026-03-25 10:47:16.781099,19.82,400.82,35.47,33.71,20.76,Charging,Normal,-0.5152
OVN-EV-002,2026-03-25 10:47:17.065198,16.96,408.53,30.74,35.12,60.73,Charging,Normal,-0.4304
OVN-EV-003,2026-03-25 10:47:19.798062,15.84,393.12,32.78,36.37,59.63,Charging,Normal,-0.419
OVN-EV-001,2026-03-25 10:47:19.799452,17.08,405.53,30.24,30.31,92.92,Charging,Normal,-0.5038
OVN-EV-002,2026-03-25 10:47:20.070025,10.94,411.53,32.89,36.27,85.78,Charging,Normal,-0.4879
OVN-EV-003,2026-03-25 10:47:22.803029,13.28,385.45,31.86,39.22,64.75,Charging,Normal,-0.4519
OVN-EV-001,2026-03-25 10:47:22.803029,16.33,417.99,28.1,36.77,21.2,Charging,Normal,-0.538
OVN-EV-002,2026-03-25 10:47:23.085520,18.26,404.43,32.72,30.81,55.85,Charging,Normal,-0.4475
OVN-EV-001,2026-03-25 10:47:25.800064,14.11,397.46,30.23,35.95,40.31,Charging,Normal,-0.4302
OVN-EV-003,2026-03-25 10:47:25.801113,10.1,385.88,31.89,44.44,30.04,Charging,Normal,-0.5429
OVN-EV-002,2026-03-25 10:47:26.085624,10.37,413.85,35.87,42.13,68.18,Charging,Normal,-0.517
OVN-EV-001,2026-03-25 10:47:28.817952,10.37,396.22,31.43,40.48,86.46,Charging,Normal,-0.4997
OVN-EV-003,2026-03-25 10:47:28.817952,12.01,384.12,32.22,31.23,54.82,Charging,Normal,-0.488
OVN-EV-002,2026-03-25 10:47:29.086701,12.99,404.11,32.11,33.71,82.19,Charging,Normal,-0.4519
OVN-EV-001,2026-03-25 10:47:31.815792,22.06,415.94,35.57,30.37,78.66,Charging,Normal,-0.5391
OVN-EV-003,2026-03-25 10:47:31.815792,15.84,396.69,35.23,36.68,51.76,Charging,Normal,-0.4426
OVN-EV-002,2026-03-25 10:47:32.101142,14.41,414.52,32.87,39.17,91.77,Charging,Normal,-0.4755
OVN-EV-001,2026-03-25 10:47:34.830049,24.68,393.17,28.63,35.09,58.14,Charging,Normal,-0.4836
OVN-EV-003,2026-03-25 10:47:34.830049,14.6,383.21,29.28,36.42,69.99,Charging,Normal,-0.4601
OVN-EV-002,2026-03-25 10:47:35.102042,16.01,411.04,30.36,30.44,81.5,Charging,Normal,-0.4812
OVN-EV-001,2026-03-25 10:47:37.845555,20.97,384.88,32.69,32.55,84.08,Charging,Normal,-0.4802
OVN-EV-003,2026-03-25 10:47:37.845555,17.52,392.84,32.28,35.81,61.46,Charging,Normal,-0.4228
OVN-EV-002,2026-03-25 10:47:38.095566,18.77,399.01,34.8,34.63,25.78,Charging,Normal,-0.4732
OVN-EV-001,2026-03-25 10:47:40.859705,17.73,411.74,33.37,33.42,50.82,Charging,Normal,-0.4404
OVN-EV-003,2026-03-25 10:47:40.859705,20.56,468.13,87.53,89.93,30.12,ANOMALY,ANOMALY,-0.6881
OVN-EV-002,2026-03-25 10:47:41.110196,18.29,416.38,28.48,35.14,24.14,Charging,Normal,-0.5052
OVN-EV-001,2026-03-25 10:47:43.859670,13.98,413.72,30.45,42.57,26.75,Charging,Normal,-0.4897
OVN-EV-003,2026-03-25 10:47:43.859670,10.15,384.02,35.52,37.19,41.86,Charging,Normal,-0.522
OVN-EV-002,2026-03-25 10:47:44.111529,17.06,401.93,28.62,33.99,64.96,Charging,Normal,-0.4465
OVN-EV-003,2026-03-25 10:47:46.874542,10.09,384.62,34.01,39.0,74.89,Charging,Normal,-0.516
OVN-EV-001,2026-03-25 10:47:46.874542,24.05,405.12,31.37,44.76,68.65,Charging,Normal,-0.4847
OVN-EV-002,2026-03-25 10:47:47.109744,12.82,419.92,30.6,41.71,66.53,Charging,Normal,-0.4841
OVN-EV-003,2026-03-25 10:47:49.892181,10.96,395.23,31.36,31.93,30.73,Charging,Normal,-0.4982
OVN-EV-001,2026-03-25 10:47:49.892181,17.56,398.72,35.28,40.66,44.46,Charging,Normal,-0.4403
OVN-EV-002,2026-03-25 10:47:50.125591,18.93,404.72,28.9,39.71,93.71,Charging,Normal,-0.4755
OVN-EV-003,2026-03-25 10:47:52.906306,17.41,393.38,29.63,32.62,62.72,Charging,Normal,-0.4346
OVN-EV-001,2026-03-25 10:47:52.906306,21.21,418.27,28.22,34.26,22.03,Charging,Normal,-0.5414
OVN-EV-002,2026-03-25 10:47:53.141724,17.0,383.0,35.31,33.64,87.07,Charging,Normal,-0.5051
OVN-EV-003,2026-03-25 10:47:55.922360,24.51,408.78,29.65,43.11,51.69,Charging,Normal,-0.4826
OVN-EV-001,2026-03-25 10:47:55.922360,22.7,408.55,31.75,36.26,79.1,Charging,Normal,-0.4496
OVN-EV-002,2026-03-25 10:47:56.141985,13.55,380.65,34.0,38.13,81.11,Charging,Normal,-0.4852
OVN-EV-003,2026-03-25 10:47:58.939131,10.45,386.03,32.26,37.11,50.89,Charging,Normal,-0.4805
OVN-EV-001,2026-03-25 10:47:58.939131,12.8,416.51,33.51,32.59,93.3,Charging,Normal,-0.5142
OVN-EV-002,2026-03-25 10:47:59.143787,13.84,415.25,34.7,44.31,42.51,Charging,Normal,-0.4777
OVN-EV-003,2026-03-25 10:48:01.951657,15.95,382.49,34.46,31.25,34.13,Charging,Normal,-0.4924
OVN-EV-001,2026-03-25 10:48:01.952660,13.16,417.23,34.84,34.46,78.29,Charging,Normal,-0.4932
OVN-EV-002,2026-03-25 10:48:02.140622,23.9,416.74,32.37,35.06,90.01,Charging,Normal,-0.502
OVN-EV-003,2026-03-25 10:48:04.970560,23.43,392.57,28.33,37.62,40.51,Charging,Normal,-0.4938
OVN-EV-001,2026-03-25 10:48:04.972005,17.61,481.13,91.2,84.6,81.74,ANOMALY,ANOMALY,-0.6721
OVN-EV-002,2026-03-25 10:48:05.155230,24.96,399.23,30.5,42.56,52.45,Charging,Normal,-0.4949
OVN-EV-003,2026-03-25 10:48:07.975380,17.28,409.21,31.31,42.76,69.48,Charging,Normal,-0.4353
OVN-EV-001,2026-03-25 10:48:07.975380,10.94,415.03,30.02,37.89,57.45,Charging,Normal,-0.4922
OVN-EV-002,2026-03-25 10:48:08.171506,22.97,387.85,28.07,40.21,86.45,Charging,Normal,-0.5162
OVN-EV-003,2026-03-25 10:48:10.998430,14.26,388.27,28.03,37.25,22.29,Charging,Normal,-0.5162
OVN-EV-001,2026-03-25 10:48:10.998430,21.5,401.94,28.64,40.5,36.19,Charging,Normal,-0.4592
OVN-EV-002,2026-03-25 10:48:11.183387,16.55,413.29,34.87,43.66,89.86,Charging,Normal,-0.4822
OVN-EV-003,2026-03-25 10:48:14.003036,18.6,404.3,29.05,32.69,55.67,Charging,Normal,-0.4557
OVN-EV-001,2026-03-25 10:48:14.003036,20.06,416.07,35.72,36.32,64.2,Charging,Normal,-0.477
OVN-EV-002,2026-03-25 10:48:14.203186,16.68,402.65,28.01,42.67,84.16,Charging,Normal,-0.4815
OVN-EV-003,2026-03-25 10:48:17.002078,15.17,417.61,29.86,35.21,39.24,Charging,Normal,-0.4698
OVN-EV-001,2026-03-25 10:48:17.002078,12.13,389.82,29.3,42.09,59.03,Charging,Normal,-0.4702
OVN-EV-002,2026-03-25 10:48:17.213377,13.43,381.73,33.33,41.95,70.97,Charging,Normal,-0.4715
OVN-EV-003,2026-03-25 10:48:20.002629,11.47,405.22,35.89,33.92,43.18,Charging,Normal,-0.4933
OVN-EV-001,2026-03-25 10:48:20.002629,12.48,408.56,34.65,36.19,33.68,Charging,Normal,-0.4686
OVN-EV-002,2026-03-25 10:48:20.229633,16.92,416.7,35.61,33.03,72.21,Charging,Normal,-0.4892
OVN-EV-003,2026-03-25 10:48:23.004174,14.22,415.67,34.35,42.4,63.35,Charging,Normal,-0.4572
OVN-EV-001,2026-03-25 10:48:23.004174,18.65,414.98,32.38,31.53,29.87,Charging,Normal,-0.4857
OVN-EV-002,2026-03-25 10:48:23.252212,15.66,402.48,29.08,33.05,24.87,Charging,Normal,-0.4689
OVN-EV-001,2026-03-25 10:48:26.020013,16.26,384.19,32.91,39.09,53.9,Charging,Normal,-0.4427
OVN-EV-003,2026-03-25 10:48:26.020013,15.37,394.81,35.07,35.31,77.77,Charging,Normal,-0.4608
OVN-EV-002,2026-03-25 10:48:26.270920,20.07,405.96,30.45,44.95,59.24,Charging,Normal,-0.477
OVN-EV-001,2026-03-25 10:48:29.021111,22.99,413.84,31.67,31.8,23.39,Charging,Normal,-0.5141
OVN-EV-003,2026-03-25 10:48:29.021111,19.61,397.27,28.58,38.78,24.39,Charging,Normal,-0.4716
OVN-EV-002,2026-03-25 10:48:29.284707,20.25,410.41,35.66,35.93,26.66,Charging,Normal,-0.4984
OVN-EV-001,2026-03-25 10:48:32.032506,17.44,414.62,34.56,37.6,81.01,Charging,Normal,-0.4556
OVN-EV-003,2026-03-25 10:48:32.032506,18.01,411.28,33.19,34.37,73.37,Charging,Normal,-0.4388
OVN-EV-002,2026-03-25 10:48:32.287869,13.88,400.95,29.54,42.1,87.29,Charging,Normal,-0.4586
OVN-EV-001,2026-03-25 10:48:35.053680,10.44,407.11,30.08,32.06,59.05,Charging,Normal,-0.5067
OVN-EV-003,2026-03-25 10:48:35.053680,24.5,414.15,33.24,37.48,44.13,Charging,Normal,-0.4768
OVN-EV-002,2026-03-25 10:48:35.292291,23.17,394.36,32.47,33.04,65.92,Charging,Normal,-0.4565
OVN-EV-001,2026-03-25 10:48:38.042921,20.86,410.85,33.61,35.42,44.84,Charging,Normal,-0.4364
OVN-EV-003,2026-03-25 10:48:38.042921,21.73,383.18,35.72,39.45,76.95,Charging,Normal,-0.4926
OVN-EV-002,2026-03-25 10:48:38.302366,19.45,404.58,31.61,36.74,22.53,Charging,Normal,-0.4551
OVN-EV-001,2026-03-25 10:48:41.053145,12.58,407.1,35.7,44.83,46.46,Charging,Normal,-0.4977
OVN-EV-003,2026-03-25 10:48:41.054283,11.7,402.37,33.03,41.31,52.95,Charging,Normal,-0.4529
OVN-EV-002,2026-03-25 10:48:41.312571,15.68,391.55,31.05,41.33,57.68,Charging,Normal,-0.4385
OVN-EV-001,2026-03-25 10:48:44.048601,21.6,381.69,30.61,43.01,51.78,Charging,Normal,-0.4754
OVN-EV-003,2026-03-25 10:48:44.048601,10.77,413.73,30.5,37.95,75.94,Charging,Normal,-0.4797
OVN-EV-002,2026-03-25 10:48:44.319737,10.12,413.58,33.46,32.4,50.69,Charging,Normal,-0.5139
OVN-EV-003,2026-03-25 10:48:47.055660,23.16,419.8,31.82,36.1,47.26,Charging,Normal,-0.4848
OVN-EV-001,2026-03-25 10:48:47.055660,24.79,380.11,35.11,38.19,73.26,Charging,Normal,-0.5306
OVN-EV-002,2026-03-25 10:48:47.328989,10.57,389.5,35.4,30.69,21.89,Charging,Normal,-0.5604
OVN-EV-003,2026-03-25 10:48:50.061858,23.27,396.9,32.1,44.68,89.96,Charging,Normal,-0.5024
OVN-EV-001,2026-03-25 10:48:50.061858,13.68,401.83,30.22,32.93,77.18,Charging,Normal,-0.4486
OVN-EV-002,2026-03-25 10:48:50.328540,11.45,390.86,34.78,43.88,74.8,Charging,Normal,-0.4953
OVN-EV-003,2026-03-25 10:48:53.065097,10.56,402.46,33.6,35.18,67.56,Charging,Normal,-0.471
OVN-EV-001,2026-03-25 10:48:53.065097,20.61,408.21,29.27,34.71,87.6,Charging,Normal,-0.4577
OVN-EV-002,2026-03-25 10:48:53.343998,12.62,387.74,34.2,44.04,74.98,Charging,Normal,-0.4917
OVN-EV-003,2026-03-25 10:48:56.078400,12.69,399.11,34.63,43.52,82.03,Charging,Normal,-0.4927
OVN-EV-001,2026-03-25 10:48:56.078400,21.53,453.58,86.96,87.24,91.4,ANOMALY,ANOMALY,-0.6901
OVN-EV-002,2026-03-25 10:48:56.345839,24.13,414.79,35.27,43.98,43.21,Charging,Normal,-0.5097
OVN-EV-003,2026-03-25 10:48:59.109460,12.51,399.84,33.18,30.84,55.38,Charging,Normal,-0.4692
OVN-EV-001,2026-03-25 10:48:59.109460,22.32,387.04,34.91,43.4,65.18,Charging,Normal,-0.487
OVN-EV-002,2026-03-25 10:48:59.360451,23.55,398.48,29.34,31.92,30.78,Charging,Normal,-0.5007
OVN-EV-003,2026-03-25 10:49:02.125150,13.33,412.76,32.52,41.08,66.22,Charging,Normal,-0.4487
OVN-EV-001,2026-03-25 10:49:02.125150,15.19,384.94,31.19,31.28,26.18,Charging,Normal,-0.4923
OVN-EV-002,2026-03-25 10:49:02.371567,11.51,382.33,28.77,41.59,60.57,Charging,Normal,-0.5011
OVN-EV-001,2026-03-25 10:49:05.142084,11.45,380.38,31.47,41.54,76.63,Charging,Normal,-0.4993
OVN-EV-003,2026-03-25 10:49:05.142084,21.27,390.26,28.46,37.88,73.6,Charging,Normal,-0.458
OVN-EV-002,2026-03-25 10:49:05.390847,18.97,399.4,28.82,37.96,50.99,Charging,Normal,-0.4339
OVN-EV-001,2026-03-25 10:49:08.155036,13.46,413.05,33.86,44.86,92.29,Charging,Normal,-0.5234
OVN-EV-003,2026-03-25 10:49:08.155036,19.21,404.25,34.52,30.27,51.39,Charging,Normal,-0.479
OVN-EV-002,2026-03-25 10:49:08.404261,24.45,401.92,33.53,37.63,71.22,Charging,Normal,-0.4586
OVN-EV-001,2026-03-25 10:49:11.158957,11.17,386.46,33.69,39.16,29.65,Charging,Normal,-0.4987
OVN-EV-003,2026-03-25 10:49:11.158957,19.94,401.76,28.34,30.73,84.32,Charging,Normal,-0.5009
OVN-EV-002,2026-03-25 10:49:11.436917,24.23,405.88,35.16,35.75,75.34,Charging,Normal,-0.4836
OVN-EV-001,2026-03-25 10:49:14.161288,22.98,380.69,31.47,30.95,65.83,Charging,Normal,-0.4962
OVN-EV-003,2026-03-25 10:49:14.161288,21.22,386.48,31.98,43.36,78.46,Charging,Normal,-0.4529
OVN-EV-002,2026-03-25 10:49:14.453801,18.88,406.05,31.84,39.53,81.11,Charging,Normal,-0.4256
OVN-EV-001,2026-03-25 10:49:17.157242,16.52,383.89,35.12,30.24,45.95,Charging,Normal,-0.5111
OVN-EV-003,2026-03-25 10:49:17.157242,24.88,381.68,32.84,43.92,72.64,Charging,Normal,-0.5227
OVN-EV-002,2026-03-25 10:49:17.470381,19.89,396.18,30.51,31.24,55.12,Charging,Normal,-0.4535
OVN-EV-001,2026-03-25 10:49:20.171535,23.48,413.04,31.73,35.02,32.4,Charging,Normal,-0.4773
OVN-EV-003,2026-03-25 10:49:20.171535,13.45,392.28,34.05,38.52,26.94,Charging,Normal,-0.4693
OVN-EV-002,2026-03-25 10:49:20.499192,11.56,407.38,32.04,32.75,69.46,Charging,Normal,-0.4683
OVN-EV-001,2026-03-25 10:49:23.174192,18.23,402.89,32.89,40.34,88.32,Charging,Normal,-0.4516
OVN-EV-003,2026-03-25 10:49:23.175187,21.91,410.86,34.32,35.22,43.7,Charging,Normal,-0.4565
OVN-EV-002,2026-03-25 10:49:23.508199,11.36,401.16,30.21,32.48,29.55,Charging,Normal,-0.4804
OVN-EV-003,2026-03-25 10:49:26.188513,23.58,404.91,32.3,38.77,42.35,Charging,Normal,-0.4472
OVN-EV-001,2026-03-25 10:49:26.188513,23.26,401.78,34.58,32.06,81.24,Charging,Normal,-0.4787
OVN-EV-002,2026-03-25 10:49:26.515687,17.64,408.11,30.51,34.67,86.53,Charging,Normal,-0.4425
OVN-EV-003,2026-03-25 10:49:29.202881,14.88,388.92,30.57,42.23,39.24,Charging,Normal,-0.442
OVN-EV-001,2026-03-25 10:49:29.202881,23.38,402.85,28.87,33.73,27.66,Charging,Normal,-0.4953
OVN-EV-002,2026-03-25 10:49:29.517831,12.18,391.98,30.26,33.62,87.01,Charging,Normal,-0.4833
OVN-EV-003,2026-03-25 10:49:32.221473,17.9,397.9,34.06,32.82,36.57,Charging,Normal,-0.4589
OVN-EV-001,2026-03-25 10:49:32.221473,12.6,402.04,30.91,40.88,85.47,Charging,Normal,-0.4577
OVN-EV-002,2026-03-25 10:49:32.533041,18.99,382.85,34.02,39.22,24.55,Charging,Normal,-0.4775
OVN-EV-003,2026-03-25 10:49:35.234973,24.44,395.61,33.84,39.6,74.22,Charging,Normal,-0.471
OVN-EV-001,2026-03-25 10:49:35.234973,14.71,418.54,32.06,32.84,52.82,Charging,Normal,-0.4637
OVN-EV-002,2026-03-25 10:49:35.541539,20.97,385.31,31.28,36.48,75.58,Charging,Normal,-0.4406
OVN-EV-003,2026-03-25 10:49:38.238375,12.56,391.43,30.65,42.77,60.71,Charging,Normal,-0.4593
OVN-EV-001,2026-03-25 10:49:38.238802,16.39,391.18,28.25,44.51,20.34,Charging,Normal,-0.536
OVN-EV-002,2026-03-25 10:49:38.553852,14.29,498.34,97.34,72.63,42.96,ANOMALY,ANOMALY,-0.7014
OVN-EV-003,2026-03-25 10:49:41.250852,24.9,416.01,30.58,35.01,49.92,Charging,Normal,-0.4914
OVN-EV-001,2026-03-25 10:49:41.250852,23.77,380.85,28.65,37.8,88.92,Charging,Normal,-0.5257
OVN-EV-002,2026-03-25 10:49:41.555565,24.83,393.74,28.53,39.26,93.91,Charging,Normal,-0.5409
OVN-EV-003,2026-03-25 10:49:44.248945,18.5,414.04,32.04,40.47,29.23,Charging,Normal,-0.4628
OVN-EV-001,2026-03-25 10:49:44.248945,10.73,409.17,34.84,39.17,71.38,Charging,Normal,-0.4866
OVN-EV-002,2026-03-25 10:49:44.550097,14.52,401.89,30.67,36.06,20.84,Charging,Normal,-0.4732
OVN-EV-001,2026-03-25 10:49:47.265851,15.5,470.11,85.21,89.31,70.14,ANOMALY,ANOMALY,-0.6713
OVN-EV-003,2026-03-25 10:49:47.265851,16.95,403.14,28.06,30.42,69.76,Charging,Normal,-0.4879
OVN-EV-002,2026-03-25 10:49:47.562590,13.29,387.85,28.37,44.99,54.61,Charging,Normal,-0.5138
OVN-EV-001,2026-03-25 10:49:50.280823,18.55,403.69,35.39,44.28,41.46,Charging,Normal,-0.4773
OVN-EV-003,2026-03-25 10:49:50.281901,15.13,385.42,30.83,43.0,60.49,Charging,Normal,-0.4523
OVN-EV-002,2026-03-25 10:49:50.572154,15.03,391.72,28.12,42.91,40.19,Charging,Normal,-0.4869
OVN-EV-001,2026-03-25 10:49:53.283846,15.97,404.29,33.49,32.73,49.52,Charging,Normal,-0.4336
OVN-EV-003,2026-03-25 10:49:53.284858,22.41,395.62,34.41,37.12,51.14,Charging,Normal,-0.4542
OVN-EV-002,2026-03-25 10:49:53.589750,18.13,387.83,32.46,40.12,84.63,Charging,Normal,-0.4362
OVN-EV-001,2026-03-25 10:49:56.290237,22.8,393.23,28.82,37.34,59.0,Charging,Normal,-0.4576
OVN-EV-003,2026-03-25 10:49:56.296220,12.69,385.6,30.3,33.94,82.34,Charging,Normal,-0.4802
OVN-EV-002,2026-03-25 10:49:56.594236,18.49,404.03,31.31,41.9,62.26,Charging,Normal,-0.415
OVN-EV-001,2026-03-25 10:49:59.306440,20.63,393.08,34.28,38.26,61.28,Charging,Normal,-0.4358
OVN-EV-003,2026-03-25 10:49:59.322562,15.78,380.63,29.28,38.21,37.51,Charging,Normal,-0.4692
OVN-EV-002,2026-03-25 10:49:59.590000,16.54,414.43,32.74,37.5,33.24,Charging,Normal,-0.4542
OVN-EV-001,2026-03-25 10:50:02.311017,22.87,494.82,86.46,74.57,73.76,ANOMALY,ANOMALY,-0.6878
OVN-EV-003,2026-03-25 10:50:02.343087,12.27,450.55,96.42,85.15,47.64,ANOMALY,ANOMALY,-0.6943
OVN-EV-002,2026-03-25 10:50:02.608658,22.77,405.53,29.29,42.26,33.51,Charging,Normal,-0.4764
OVN-EV-001,2026-03-25 10:50:05.319584,21.25,473.11,82.8,81.66,66.68,ANOMALY,ANOMALY,-0.6538
OVN-EV-003,2026-03-25 10:50:05.366736,14.64,381.58,33.55,40.63,87.93,Charging,Normal,-0.4735
OVN-EV-002,2026-03-25 10:50:05.622797,21.62,388.93,35.37,38.19,62.05,Charging,Normal,-0.4748
OVN-EV-001,2026-03-25 10:50:08.322043,21.41,403.5,34.03,42.86,65.95,Charging,Normal,-0.4458
OVN-EV-003,2026-03-25 10:50:08.354343,24.91,417.08,30.85,42.32,83.12,Charging,Normal,-0.5335
OVN-EV-002,2026-03-25 10:50:08.635845,24.58,392.61,34.1,39.69,29.5,Charging,Normal,-0.4994
OVN-EV-001,2026-03-25 10:50:11.328532,20.6,409.24,29.03,35.24,52.61,Charging,Normal,-0.4371
OVN-EV-003,2026-03-25 10:50:11.362109,12.51,398.22,35.51,40.01,84.62,Charging,Normal,-0.4919
OVN-EV-002,2026-03-25 10:50:11.654293,20.87,415.34,35.63,32.89,20.41,Charging,Normal,-0.5491
OVN-EV-001,2026-03-25 10:50:14.335257,13.88,385.93,28.98,39.01,36.85,Charging,Normal,-0.46
OVN-EV-003,2026-03-25 10:50:14.371989,23.55,410.55,30.29,30.77,84.51,Charging,Normal,-0.5039
OVN-EV-002,2026-03-25 10:50:14.667729,18.52,414.42,31.12,33.29,26.38,Charging,Normal,-0.4827
OVN-EV-001,2026-03-25 10:50:17.338861,16.69,415.63,30.01,31.81,36.18,Charging,Normal,-0.4888
OVN-EV-003,2026-03-25 10:50:17.372902,11.21,383.39,30.84,33.16,23.41,Charging,Normal,-0.5312
OVN-EV-002,2026-03-25 10:50:17.672880,13.88,415.03,35.38,40.04,46.01,Charging,Normal,-0.4664
OVN-EV-001,2026-03-25 10:50:20.354635,20.53,391.87,33.52,44.67,87.38,Charging,Normal,-0.4851
OVN-EV-003,2026-03-25 10:50:20.372923,21.83,400.52,28.36,31.6,81.61,Charging,Normal,-0.4992
OVN-EV-002,2026-03-25 10:50:20.673002,19.56,385.16,34.21,40.91,79.96,Charging,Normal,-0.4523
OVN-EV-001,2026-03-25 10:50:23.354391,22.77,395.41,34.02,41.17,35.91,Charging,Normal,-0.4518
OVN-EV-003,2026-03-25 10:50:23.372823,14.78,392.24,32.86,31.79,49.7,Charging,Normal,-0.4489
OVN-EV-002,2026-03-25 10:50:23.676129,17.84,393.16,34.92,30.93,41.61,Charging,Normal,-0.4713
OVN-EV-001,2026-03-25 10:50:26.371010,15.43,390.75,30.15,43.97,61.71,Charging,Normal,-0.4543
OVN-EV-003,2026-03-25 10:50:26.371010,12.46,380.49,32.76,32.92,25.39,Charging,Normal,-0.5081
OVN-EV-002,2026-03-25 10:50:26.673023,23.03,384.13,34.38,42.65,78.48,Charging,Normal,-0.4983
OVN-EV-001,2026-03-25 10:50:29.385651,14.2,418.96,30.68,37.26,93.64,Charging,Normal,-0.5107
OVN-EV-003,2026-03-25 10:50:29.386198,14.19,382.69,30.21,33.73,38.25,Charging,Normal,-0.463
OVN-EV-002,2026-03-25 10:50:29.668343,23.46,412.52,29.84,30.17,55.29,Charging,Normal,-0.4816
OVN-EV-001,2026-03-25 10:50:32.388524,15.51,414.87,34.62,30.15,42.76,Charging,Normal,-0.4987
OVN-EV-003,2026-03-25 10:50:32.388524,22.74,409.67,30.11,33.57,56.43,Charging,Normal,-0.4525
OVN-EV-002,2026-03-25 10:50:32.687054,12.77,405.37,32.91,30.26,58.87,Charging,Normal,-0.4741
OVN-EV-001,2026-03-25 10:50:35.406324,21.4,417.73,34.61,37.88,29.65,Charging,Normal,-0.4965
OVN-EV-003,2026-03-25 10:50:35.406806,10.41,415.22,31.15,37.73,49.48,Charging,Normal,-0.4949
OVN-EV-002,2026-03-25 10:50:35.706514,13.77,395.87,33.75,38.49,40.32,Charging,Normal,-0.4273
OVN-EV-001,2026-03-25 10:50:38.421749,22.67,408.12,29.44,35.68,51.35,Charging,Normal,-0.446
OVN-EV-003,2026-03-25 10:50:38.421749,17.0,389.3,29.87,38.46,91.29,Charging,Normal,-0.4636
OVN-EV-002,2026-03-25 10:50:38.706734,20.36,411.98,29.74,38.85,57.05,Charging,Normal,-0.4292
OVN-EV-001,2026-03-25 10:50:41.437236,16.14,397.39,29.62,31.62,32.1,Charging,Normal,-0.4683
OVN-EV-003,2026-03-25 10:50:41.437236,10.09,414.58,32.71,40.17,23.18,Charging,Normal,-0.5402
OVN-EV-002,2026-03-25 10:50:41.706725,11.76,408.36,31.99,41.79,38.52,Charging,Normal,-0.4584
OVN-EV-001,2026-03-25 10:50:44.440053,24.81,391.13,34.67,40.15,81.71,Charging,Normal,-0.5151
OVN-EV-003,2026-03-25 10:50:44.440053,11.16,407.27,32.71,30.17,72.98,Charging,Normal,-0.494
OVN-EV-002,2026-03-25 10:50:44.707819,17.03,394.42,29.56,44.43,65.48,Charging,Normal,-0.4545
OVN-EV-003,2026-03-25 10:50:47.437894,19.57,394.97,30.04,37.46,35.66,Charging,Normal,-0.4374
OVN-EV-001,2026-03-25 10:50:47.437894,19.67,388.86,34.67,30.65,78.88,Charging,Normal,-0.4937
OVN-EV-002,2026-03-25 10:50:47.706777,15.37,409.23,32.25,32.84,35.87,Charging,Normal,-0.4538
OVN-EV-003,2026-03-25 10:50:50.456928,12.84,460.07,80.19,70.33,45.85,ANOMALY,ANOMALY,-0.6862
OVN-EV-001,2026-03-25 10:50:50.456928,13.8,388.8,34.97,36.78,27.7,Charging,Normal,-0.477
OVN-EV-002,2026-03-25 10:50:50.720644,12.83,459.61,99.82,79.85,73.11,ANOMALY,ANOMALY,-0.6831
OVN-EV-003,2026-03-25 10:50:53.458282,14.17,407.78,29.05,36.85,56.63,Charging,Normal,-0.4353
OVN-EV-001,2026-03-25 10:50:53.458282,24.49,418.0,33.67,31.01,21.25,Charging,Normal,-0.565
OVN-EV-002,2026-03-25 10:50:53.736529,18.53,405.11,30.58,34.14,62.33,Charging,Normal,-0.4281
OVN-EV-003,2026-03-25 10:50:56.470166,15.36,418.07,32.04,43.0,86.65,Charging,Normal,-0.4733
OVN-EV-001,2026-03-25 10:50:56.471482,17.62,414.2,32.64,40.21,26.84,Charging,Normal,-0.4786
OVN-EV-002,2026-03-25 10:50:56.739297,14.74,402.92,35.6,31.48,23.89,Charging,Normal,-0.5188
OVN-EV-003,2026-03-25 10:50:59.487267,24.11,393.55,32.15,39.18,82.81,Charging,Normal,-0.4891
OVN-EV-001,2026-03-25 10:50:59.488461,21.84,409.73,28.14,31.23,28.26,Charging,Normal,-0.5332
OVN-EV-002,2026-03-25 10:50:59.751942,23.33,387.45,29.9,40.47,42.18,Charging,Normal,-0.4706
OVN-EV-003,2026-03-25 10:51:02.499578,19.57,401.61,29.92,31.97,78.49,Charging,Normal,-0.4573
OVN-EV-001,2026-03-25 10:51:02.499578,20.73,418.91,30.61,40.41,70.95,Charging,Normal,-0.4719
OVN-EV-002,2026-03-25 10:51:02.749641,22.15,401.25,29.53,40.82,34.17,Charging,Normal,-0.4566
OVN-EV-001,2026-03-25 10:51:05.516716,13.81,404.97,35.16,43.61,58.71,Charging,Normal,-0.4745
OVN-EV-003,2026-03-25 10:51:05.516716,14.55,414.76,33.15,38.72,56.68,Charging,Normal,-0.4424
OVN-EV-002,2026-03-25 10:51:05.758470,24.1,383.37,31.19,32.09,67.24,Charging,Normal,-0.4915
OVN-EV-001,2026-03-25 10:51:08.531663,20.78,392.59,31.93,31.03,78.71,Charging,Normal,-0.4734
OVN-EV-003,2026-03-25 10:51:08.531663,19.54,397.36,35.22,39.34,64.94,Charging,Normal,-0.4436
OVN-EV-002,2026-03-25 10:51:08.766249,18.85,384.02,30.2,44.75,30.51,Charging,Normal,-0.5092
OVN-EV-001,2026-03-25 10:51:11.546812,16.26,394.55,28.58,43.88,92.58,Charging,Normal,-0.5001
OVN-EV-003,2026-03-25 10:51:11.546812,12.44,405.2,31.32,36.07,85.63,Charging,Normal,-0.4588
OVN-EV-002,2026-03-25 10:51:11.781124,20.47,396.05,33.4,41.59,46.24,Charging,Normal,-0.4382
OVN-EV-001,2026-03-25 10:51:14.548408,18.37,397.71,28.4,35.6,41.38,Charging,Normal,-0.4516
OVN-EV-003,2026-03-25 10:51:14.549403,18.0,382.83,32.92,35.35,78.08,Charging,Normal,-0.4612
OVN-EV-002,2026-03-25 10:51:14.796792,10.35,409.85,30.48,35.39,33.63,Charging,Normal,-0.5017
OVN-EV-001,2026-03-25 10:51:17.562929,11.01,413.84,33.28,39.43,93.45,Charging,Normal,-0.5184
OVN-EV-003,2026-03-25 10:51:17.562929,10.85,399.11,33.38,35.47,32.72,Charging,Normal,-0.4859
OVN-EV-002,2026-03-25 10:51:17.813697,21.3,397.04,33.53,43.37,48.92,Charging,Normal,-0.4483
OVN-EV-001,2026-03-25 10:51:20.573292,15.81,381.06,33.34,40.38,49.15,Charging,Normal,-0.4531
OVN-EV-003,2026-03-25 10:51:20.573292,19.75,403.44,31.05,35.09,48.59,Charging,Normal,-0.4245
OVN-EV-002,2026-03-25 10:51:20.811346,11.84,410.34,28.42,43.87,37.01,Charging,Normal,-0.5025
OVN-EV-001,2026-03-25 10:51:23.594062,24.29,385.22,29.51,40.75,28.76,Charging,Normal,-0.4984
OVN-EV-003,2026-03-25 10:51:23.594402,14.43,412.37,30.83,32.42,70.43,Charging,Normal,-0.4565
OVN-EV-002,2026-03-25 10:51:23.828187,17.0,407.32,30.55,43.27,56.78,Charging,Normal,-0.4449
OVN-EV-003,2026-03-25 10:51:26.608375,16.6,401.97,34.37,31.58,40.51,Charging,Normal,-0.4634
OVN-EV-001,2026-03-25 10:51:26.608375,15.78,392.93,32.26,31.07,43.43,Charging,Normal,-0.4618
OVN-EV-002,2026-03-25 10:51:26.843508,14.22,400.75,35.25,37.35,33.61,Charging,Normal,-0.4646
OVN-EV-003,2026-03-25 10:51:29.624812,22.65,396.23,35.21,34.56,31.64,Charging,Normal,-0.4849
OVN-EV-001,2026-03-25 10:51:29.624812,23.26,396.42,30.18,44.36,38.11,Charging,Normal,-0.4874
OVN-EV-002,2026-03-25 10:51:29.859593,22.98,399.18,30.49,34.52,37.71,Charging,Normal,-0.4498
OVN-EV-003,2026-03-25 10:51:32.639316,11.28,396.92,35.29,42.57,64.35,Charging,Normal,-0.4919
OVN-EV-001,2026-03-25 10:51:32.639316,17.45,382.24,31.25,33.11,84.86,Charging,Normal,-0.4842
OVN-EV-002,2026-03-25 10:51:32.866170,18.5,412.0,31.23,34.79,20.49,Charging,Normal,-0.4813
OVN-EV-003,2026-03-25 10:51:35.656394,10.47,401.91,28.1,36.44,90.7,Charging,Normal,-0.5338
OVN-EV-001,2026-03-25 10:51:35.656394,15.1,463.23,80.41,79.6,87.26,ANOMALY,ANOMALY,-0.6725
OVN-EV-002,2026-03-25 10:51:35.870422,14.41,394.27,33.78,38.41,67.32,Charging,Normal,-0.4276
OVN-EV-003,2026-03-25 10:51:38.653086,17.7,393.07,35.04,32.29,42.0,Charging,Normal,-0.4765
OVN-EV-001,2026-03-25 10:51:38.654838,23.77,390.69,32.36,42.44,47.96,Charging,Normal,-0.4667
OVN-EV-002,2026-03-25 10:51:38.875769,17.18,403.92,32.77,41.25,72.72,Charging,Normal,-0.4364
OVN-EV-003,2026-03-25 10:51:41.658500,15.93,389.35,31.07,44.89,67.67,Charging,Normal,-0.4688
OVN-EV-001,2026-03-25 10:51:41.658500,12.22,398.34,29.64,43.4,71.59,Charging,Normal,-0.4651
OVN-EV-002,2026-03-25 10:51:41.893219,23.4,386.44,28.78,33.85,65.52,Charging,Normal,-0.4766
OVN-EV-003,2026-03-25 10:51:44.671650,16.73,404.51,33.47,30.3,85.4,Charging,Normal,-0.4904
OVN-EV-001,2026-03-25 10:51:44.671650,17.23,384.61,31.58,40.81,22.83,Charging,Normal,-0.4867
OVN-EV-002,2026-03-25 10:51:44.906594,13.67,412.32,35.75,42.09,85.9,Charging,Normal,-0.5119
OVN-EV-001,2026-03-25 10:51:47.689334,18.63,390.29,30.04,40.51,53.49,Charging,Normal,-0.4316
OVN-EV-003,2026-03-25 10:51:47.690813,19.85,408.46,28.18,35.21,73.2,Charging,Normal,-0.4659
OVN-EV-002,2026-03-25 10:51:47.937516,21.08,385.62,33.7,44.64,72.08,Charging,Normal,-0.4799
OVN-EV-001,2026-03-25 10:51:50.688103,23.79,405.94,34.94,41.96,77.32,Charging,Normal,-0.4909
OVN-EV-003,2026-03-25 10:51:50.688103,22.65,390.29,28.08,37.59,54.62,Charging,Normal,-0.4826
OVN-EV-002,2026-03-25 10:51:50.954606,20.89,418.58,32.85,31.55,90.22,Charging,Normal,-0.5121
OVN-EV-001,2026-03-25 10:51:53.692520,13.74,418.47,32.52,38.3,75.33,Charging,Normal,-0.4644
OVN-EV-003,2026-03-25 10:51:53.692520,13.83,410.65,35.68,42.84,34.53,Charging,Normal,-0.4944
OVN-EV-002,2026-03-25 10:51:53.974858,22.98,386.31,29.47,32.42,44.14,Charging,Normal,-0.4771
OVN-EV-001,2026-03-25 10:51:56.708501,11.35,407.46,34.4,37.13,38.46,Charging,Normal,-0.4627
OVN-EV-003,2026-03-25 10:51:56.708501,23.55,384.88,28.35,41.27,80.09,Charging,Normal,-0.5083
OVN-EV-002,2026-03-25 10:51:56.989888,11.31,399.29,28.72,42.63,27.32,Charging,Normal,-0.493
OVN-EV-001,2026-03-25 10:51:59.720006,18.27,406.83,30.72,43.64,46.0,Charging,Normal,-0.4429
OVN-EV-003,2026-03-25 10:51:59.721069,12.89,414.88,28.96,37.42,38.75,Charging,Normal,-0.4666
OVN-EV-002,2026-03-25 10:52:00.000860,11.5,389.8,30.54,39.35,43.12,Charging,Normal,-0.4527
OVN-EV-001,2026-03-25 10:52:02.724989,17.46,454.54,98.94,82.51,24.84,ANOMALY,ANOMALY,-0.6875
OVN-EV-003,2026-03-25 10:52:02.724989,17.62,394.54,35.64,30.39,88.6,Charging,Normal,-0.5201
OVN-EV-002,2026-03-25 10:52:03.026355,18.64,392.81,34.93,36.37,28.69,Charging,Normal,-0.473
OVN-EV-003,2026-03-25 10:52:05.725023,17.66,403.12,33.53,30.96,26.97,Charging,Normal,-0.4683
OVN-EV-001,2026-03-25 10:52:05.726878,18.9,406.63,28.12,38.4,57.1,Charging,Normal,-0.4611
OVN-EV-002,2026-03-25 10:52:06.042018,24.26,386.84,29.2,39.98,41.86,Charging,Normal,-0.4865
OVN-EV-003,2026-03-25 10:52:08.725193,12.87,395.08,31.85,33.08,20.37,Charging,Normal,-0.4835
OVN-EV-001,2026-03-25 10:52:08.725926,24.74,418.65,32.95,41.34,81.02,Charging,Normal,-0.5094
OVN-EV-002,2026-03-25 10:52:09.063041,22.2,404.03,33.25,40.6,61.9,Charging,Normal,-0.4344
OVN-EV-003,2026-03-25 10:52:11.725272,22.4,395.64,30.37,34.89,42.24,Charging,Normal,-0.4512
OVN-EV-001,2026-03-25 10:52:11.726558,17.37,404.81,35.15,33.74,67.12,Charging,Normal,-0.4564
OVN-EV-002,2026-03-25 10:52:12.058827,16.74,390.07,28.94,37.88,69.81,Charging,Normal,-0.4453
OVN-EV-003,2026-03-25 10:52:14.724613,24.47,387.25,32.93,30.77,51.27,Charging,Normal,-0.5051
OVN-EV-001,2026-03-25 10:52:14.725387,10.49,388.85,28.03,35.69,43.06,Charging,Normal,-0.5167
OVN-EV-002,2026-03-25 10:52:15.078347,19.68,397.58,35.0,32.36,90.48,Charging,Normal,-0.5112
OVN-EV-003,2026-03-25 10:52:17.719440,10.62,419.63,31.42,36.2,26.13,Charging,Normal,-0.5339
OVN-EV-001,2026-03-25 10:52:17.719440,18.88,416.14,31.03,43.16,87.03,Charging,Normal,-0.4828
OVN-EV-002,2026-03-25 10:52:18.093628,20.35,392.41,34.6,43.72,47.51,Charging,Normal,-0.4688
OVN-EV-003,2026-03-25 10:52:20.733299,18.77,399.14,29.45,43.22,79.25,Charging,Normal,-0.4635
OVN-EV-001,2026-03-25 10:52:20.733299,10.51,391.08,29.16,39.2,43.84,Charging,Normal,-0.4925
OVN-EV-002,2026-03-25 10:52:21.102416,23.0,408.4,30.98,44.39,80.82,Charging,Normal,-0.48
OVN-EV-003,2026-03-25 10:52:23.758041,16.76,419.71,32.49,40.04,33.51,Charging,Normal,-0.4741
OVN-EV-001,2026-03-25 10:52:23.758543,22.43,382.96,31.33,45.0,53.7,Charging,Normal,-0.497
OVN-EV-002,2026-03-25 10:52:24.109016,13.86,409.09,35.54,32.96,20.7,Charging,Normal,-0.5213
OVN-EV-001,2026-03-25 10:52:26.757168,11.97,413.61,33.48,32.64,26.49,Charging,Normal,-0.5078
OVN-EV-003,2026-03-25 10:52:26.757168,12.29,387.23,31.32,44.03,49.42,Charging,Normal,-0.4788
OVN-EV-002,2026-03-25 10:52:27.129520,17.5,395.68,29.33,41.33,42.27,Charging,Normal,-0.4407
OVN-EV-001,2026-03-25 10:52:29.764955,23.5,416.44,32.07,44.99,49.98,Charging,Normal,-0.505
OVN-EV-003,2026-03-25 10:52:29.764955,14.09,385.63,33.73,31.95,23.05,Charging,Normal,-0.4972
OVN-EV-002,2026-03-25 10:52:30.141892,18.7,413.19,33.64,43.61,58.34,Charging,Normal,-0.4572
OVN-EV-001,2026-03-25 10:52:32.775385,21.01,416.88,35.1,34.83,66.26,Charging,Normal,-0.4803
OVN-EV-003,2026-03-25 10:52:32.775385,17.21,419.17,32.68,33.86,48.7,Charging,Normal,-0.4655
OVN-EV-002,2026-03-25 10:52:33.141809,15.25,384.06,29.9,38.31,79.24,Charging,Normal,-0.4602
OVN-EV-001,2026-03-25 10:52:35.795603,14.55,383.48,31.63,32.43,59.88,Charging,Normal,-0.4587
OVN-EV-003,2026-03-25 10:52:35.795603,17.42,410.56,29.53,35.09,47.18,Charging,Normal,-0.4454
OVN-EV-002,2026-03-25 10:52:36.145641,11.23,388.36,34.82,39.2,34.66,Charging,Normal,-0.5037
OVN-EV-001,2026-03-25 10:52:38.827580,11.66,413.13,29.62,36.88,89.49,Charging,Normal,-0.4977
OVN-EV-003,2026-03-25 10:52:38.828121,10.39,398.88,34.86,34.96,52.63,Charging,Normal,-0.4909
OVN-EV-002,2026-03-25 10:52:39.142313,19.66,400.54,31.6,41.02,50.68,Charging,Normal,-0.4344
OVN-EV-001,2026-03-25 10:52:41.844802,21.52,394.05,32.31,40.82,49.52,Charging,Normal,-0.4316
OVN-EV-003,2026-03-25 10:52:41.845919,13.47,392.85,35.54,33.52,75.58,Charging,Normal,-0.4775
OVN-EV-002,2026-03-25 10:52:42.154678,14.43,383.93,32.55,40.44,94.75,Charging,Normal,-0.5069
OVN-EV-001,2026-03-25 10:52:44.843888,20.66,472.82,83.67,73.81,65.75,ANOMALY,ANOMALY,-0.668
OVN-EV-003,2026-03-25 10:52:44.843888,18.61,415.35,34.56,33.15,30.65,Charging,Normal,-0.4861
OVN-EV-002,2026-03-25 10:52:45.171073,23.44,383.66,33.7,30.47,56.08,Charging,Normal,-0.5134
OVN-EV-001,2026-03-25 10:52:47.857788,21.53,417.48,33.3,30.75,48.64,Charging,Normal,-0.4872
OVN-EV-003,2026-03-25 10:52:47.857788,10.96,386.87,30.37,36.81,82.89,Charging,Normal,-0.4932
OVN-EV-002,2026-03-25 10:52:48.173902,13.99,380.46,34.93,30.64,73.62,Charging,Normal,-0.5282
OVN-EV-001,2026-03-25 10:52:50.862215,12.8,392.93,33.68,30.86,46.55,Charging,Normal,-0.4813
OVN-EV-003,2026-03-25 10:52:50.862215,16.26,383.73,31.06,43.73,64.49,Charging,Normal,-0.4583
OVN-EV-002,2026-03-25 10:52:51.177429,23.44,382.69,28.28,36.36,36.36,Charging,Normal,-0.4984
OVN-EV-001,2026-03-25 10:52:53.876291,18.39,409.89,29.85,43.88,84.59,Charging,Normal,-0.4684
OVN-EV-003,2026-03-25 10:52:53.877492,11.03,409.42,32.17,44.0,88.77,Charging,Normal,-0.5102
OVN-EV-002,2026-03-25 10:52:54.176121,12.59,390.65,34.58,41.21,89.37,Charging,Normal,-0.5028
OVN-EV-001,2026-03-25 10:52:56.892277,19.08,387.89,28.65,33.74,69.44,Charging,Normal,-0.4707
OVN-EV-003,2026-03-25 10:52:56.892277,24.48,391.42,30.16,35.54,33.06,Charging,Normal,-0.4876
OVN-EV-002,2026-03-25 10:52:57.188602,16.29,413.6,34.3,30.5,75.98,Charging,Normal,-0.4822
OVN-EV-001,2026-03-25 10:52:59.906235,17.32,407.44,35.86,39.65,40.99,Charging,Normal,-0.4665
OVN-EV-003,2026-03-25 10:52:59.906235,16.84,404.05,32.91,33.86,94.13,Charging,Normal,-0.4824
OVN-EV-002,2026-03-25 10:53:00.189260,17.04,465.46,95.03,87.34,21.37,ANOMALY,ANOMALY,-0.687
OVN-EV-001,2026-03-25 10:53:02.921496,16.84,415.15,33.47,38.13,51.39,Charging,Normal,-0.4428
OVN-EV-003,2026-03-25 10:53:02.921496,22.7,409.02,30.5,30.39,47.78,Charging,Normal,-0.4823
OVN-EV-002,2026-03-25 10:53:03.187521,15.72,411.34,31.19,36.74,86.63,Charging,Normal,-0.4502
OVN-EV-003,2026-03-25 10:53:05.938224,23.19,394.1,28.12,32.86,85.27,Charging,Normal,-0.5182
OVN-EV-001,2026-03-25 10:53:05.938224,24.96,401.23,35.52,42.1,51.49,Charging,Normal,-0.5031
OVN-EV-002,2026-03-25 10:53:06.203443,16.53,416.23,34.94,31.52,53.45,Charging,Normal,-0.473
OVN-EV-003,2026-03-25 10:53:08.939377,11.22,401.04,33.87,40.23,68.82,Charging,Normal,-0.4611
OVN-EV-001,2026-03-25 10:53:08.939377,14.78,405.88,35.95,31.92,43.17,Charging,Normal,-0.4938
OVN-EV-002,2026-03-25 10:53:09.212566,17.4,409.28,34.41,40.02,33.93,Charging,Normal,-0.4523
OVN-EV-003,2026-03-25 10:53:11.939922,21.09,397.42,29.12,33.32,51.76,Charging,Normal,-0.4583
OVN-EV-001,2026-03-25 10:53:11.941169,11.63,387.34,30.28,40.2,69.03,Charging,Normal,-0.4669
OVN-EV-002,2026-03-25 10:53:12.236172,14.77,407.95,31.81,34.46,26.66,Charging,Normal,-0.457
OVN-EV-003,2026-03-25 10:53:14.953371,12.0,383.2,28.84,44.14,88.29,Charging,Normal,-0.5225
OVN-EV-001,2026-03-25 10:53:14.953371,13.22,412.79,32.72,44.28,69.03,Charging,Normal,-0.4703
OVN-EV-002,2026-03-25 10:53:15.235256,21.55,463.46,92.48,72.2,39.19,ANOMALY,ANOMALY,-0.6748
OVN-EV-003,2026-03-25 10:53:17.969227,11.01,397.56,34.75,36.9,80.04,Charging,Normal,-0.4842
OVN-EV-001,2026-03-25 10:53:17.969227,23.06,413.6,34.6,35.68,24.97,Charging,Normal,-0.5043
OVN-EV-002,2026-03-25 10:53:18.235406,18.74,412.0,35.09,34.64,25.03,Charging,Normal,-0.4963
OVN-EV-003,2026-03-25 10:53:20.975636,15.45,391.17,30.23,44.24,74.02,Charging,Normal,-0.4644
OVN-EV-001,2026-03-25 10:53:20.976795,22.31,409.24,30.36,37.76,37.99,Charging,Normal,-0.4483
OVN-EV-002,2026-03-25 10:53:21.249557,16.89,400.51,29.39,37.44,69.91,Charging,Normal,-0.4247
OVN-EV-003,2026-03-25 10:53:23.971054,24.38,404.59,32.89,42.94,55.48,Charging,Normal,-0.4781
OVN-EV-001,2026-03-25 10:53:23.972294,20.17,382.29,28.3,35.37,81.51,Charging,Normal,-0.496
OVN-EV-002,2026-03-25 10:53:24.266572,19.41,399.52,33.44,37.65,79.54,Charging,Normal,-0.4292
OVN-EV-001,2026-03-25 10:53:26.975147,16.78,403.35,34.75,44.35,57.21,Charging,Normal,-0.4603
OVN-EV-003,2026-03-25 10:53:26.975147,20.41,384.35,34.19,41.24,44.09,Charging,Normal,-0.4697
OVN-EV-002,2026-03-25 10:53:27.274788,22.45,408.72,28.96,38.21,38.81,Charging,Normal,-0.4608
OVN-EV-001,2026-03-25 10:53:29.971024,19.48,411.96,31.47,42.81,31.97,Charging,Normal,-0.4694
OVN-EV-003,2026-03-25 10:53:29.971024,14.01,418.59,30.33,43.46,65.86,Charging,Normal,-0.47
OVN-EV-002,2026-03-25 10:53:30.294627,13.03,381.6,29.47,38.8,54.16,Charging,Normal,-0.4621
OVN-EV-001,2026-03-25 10:53:32.969992,21.35,482.44,92.82,80.9,36.49,ANOMALY,ANOMALY,-0.6794
OVN-EV-003,2026-03-25 10:53:32.969992,12.55,413.04,28.17,43.89,37.74,Charging,Normal,-0.5099
OVN-EV-002,2026-03-25 10:53:33.314100,12.78,402.5,30.82,43.2,29.86,Charging,Normal,-0.4812
OVN-EV-001,2026-03-25 10:53:35.984022,15.85,406.56,35.62,30.15,89.84,Charging,Normal,-0.5159
OVN-EV-003,2026-03-25 10:53:35.984022,18.93,382.01,35.34,42.92,91.09,Charging,Normal,-0.5125
OVN-EV-002,2026-03-25 10:53:36.328769,11.84,416.56,32.38,35.48,33.42,Charging,Normal,-0.4831
OVN-EV-001,2026-03-25 10:53:38.999682,24.7,390.33,28.35,40.57,39.0,Charging,Normal,-0.5066
OVN-EV-003,2026-03-25 10:53:38.999682,10.96,416.14,34.37,37.3,43.83,Charging,Normal,-0.4954
OVN-EV-002,2026-03-25 10:53:39.328567,11.84,389.0,28.11,37.81,27.41,Charging,Normal,-0.5294
OVN-EV-001,2026-03-25 10:53:42.007427,24.19,394.42,34.98,34.41,94.83,Charging,Normal,-0.5278
OVN-EV-003,2026-03-25 10:53:42.007427,14.87,387.41,32.87,32.28,52.12,Charging,Normal,-0.4515
OVN-EV-002,2026-03-25 10:53:42.336817,20.21,418.17,32.64,41.31,78.52,Charging,Normal,-0.4489
OVN-EV-001,2026-03-25 10:53:45.010121,22.59,399.86,32.6,40.59,41.1,Charging,Normal,-0.4542
OVN-EV-003,2026-03-25 10:53:45.010121,11.09,396.5,31.96,32.19,22.6,Charging,Normal,-0.5158
OVN-EV-002,2026-03-25 10:53:45.343950,16.81,392.92,35.28,41.84,45.19,Charging,Normal,-0.4657
OVN-EV-001,2026-03-25 10:53:48.022434,20.08,410.16,28.53,37.19,87.62,Charging,Normal,-0.4835
OVN-EV-003,2026-03-25 10:53:48.022434,16.38,411.31,34.59,33.33,60.24,Charging,Normal,-0.4502
OVN-EV-002,2026-03-25 10:53:48.374456,23.06,398.15,29.48,31.48,40.13,Charging,Normal,-0.4743
OVN-EV-001,2026-03-25 10:53:51.015375,18.47,396.51,32.36,41.05,47.75,Charging,Normal,-0.4272
OVN-EV-003,2026-03-25 10:53:51.015375,12.83,401.4,34.7,36.88,49.37,Charging,Normal,-0.4508
OVN-EV-002,2026-03-25 10:53:51.392494,20.97,396.84,32.97,30.11,90.33,Charging,Normal,-0.5023
OVN-EV-001,2026-03-25 10:53:54.025956,12.77,493.69,95.17,71.46,37.63,ANOMALY,ANOMALY,-0.6946
OVN-EV-003,2026-03-25 10:53:54.025956,21.88,401.42,29.9,34.34,86.82,Charging,Normal,-0.4621
OVN-EV-002,2026-03-25 10:53:54.393648,16.86,412.02,33.99,40.95,43.44,Charging,Normal,-0.4469
OVN-EV-001,2026-03-25 10:53:57.042769,23.14,395.16,34.86,37.43,70.1,Charging,Normal,-0.4596
OVN-EV-003,2026-03-25 10:53:57.042769,17.68,411.86,34.24,44.99,88.21,Charging,Normal,-0.4875
OVN-EV-002,2026-03-25 10:53:57.396456,23.09,396.38,29.89,36.16,25.49,Charging,Normal,-0.4707
OVN-EV-001,2026-03-25 10:54:00.057442,11.11,400.87,29.78,42.31,51.42,Charging,Normal,-0.4703
OVN-EV-003,2026-03-25 10:54:00.057442,23.25,395.04,31.35,34.94,86.81,Charging,Normal,-0.4728
OVN-EV-002,2026-03-25 10:54:00.393715,24.15,395.8,35.68,32.18,29.73,Charging,Normal,-0.5332
OVN-EV-001,2026-03-25 10:54:03.069436,18.29,385.35,31.37,42.78,49.57,Charging,Normal,-0.4613
OVN-EV-003,2026-03-25 10:54:03.069436,24.12,410.92,33.54,39.1,85.32,Charging,Normal,-0.4869
OVN-EV-002,2026-03-25 10:54:03.406061,20.84,399.2,30.91,31.01,45.02,Charging,Normal,-0.4493
OVN-EV-003,2026-03-25 10:54:06.065252,24.94,388.03,32.09,36.32,91.96,Charging,Normal,-0.5074
OVN-EV-001,2026-03-25 10:54:06.065252,20.66,386.36,29.73,37.06,50.0,Charging,Normal,-0.4516
OVN-EV-002,2026-03-25 10:54:06.436536,21.35,384.49,32.36,31.72,67.79,Charging,Normal,-0.4683
OVN-EV-003,2026-03-25 10:54:09.078237,13.52,385.15,30.64,30.25,85.23,Charging,Normal,-0.5115
OVN-EV-001,2026-03-25 10:54:09.078237,21.97,495.09,97.64,72.3,44.08,ANOMALY,ANOMALY,-0.6958
OVN-EV-002,2026-03-25 10:54:09.444226,16.16,387.03,34.0,42.4,61.65,Charging,Normal,-0.4563
OVN-EV-003,2026-03-25 10:54:12.108068,10.72,392.52,33.48,44.49,50.33,Charging,Normal,-0.4915
OVN-EV-001,2026-03-25 10:54:12.108068,23.65,409.45,34.92,36.69,53.86,Charging,Normal,-0.4626
OVN-EV-002,2026-03-25 10:54:12.441516,11.6,394.77,30.3,40.74,66.0,Charging,Normal,-0.4531
OVN-EV-003,2026-03-25 10:54:15.139769,15.65,385.55,29.72,36.55,93.16,Charging,Normal,-0.4783
OVN-EV-001,2026-03-25 10:54:15.139769,24.13,400.04,34.11,36.54,53.92,Charging,Normal,-0.4587
OVN-EV-002,2026-03-25 10:54:15.443958,14.28,407.0,34.34,42.96,35.42,Charging,Normal,-0.4738
OVN-EV-003,2026-03-25 10:54:18.164017,12.43,389.59,30.73,34.07,59.7,Charging,Normal,-0.4566
OVN-EV-001,2026-03-25 10:54:18.164017,19.63,398.29,31.57,34.99,57.34,Charging,Normal,-0.42
OVN-EV-002,2026-03-25 10:54:18.450244,23.84,383.97,32.86,43.71,34.16,Charging,Normal,-0.5034
OVN-EV-003,2026-03-25 10:54:21.159723,11.01,416.29,34.15,43.28,67.37,Charging,Normal,-0.4969
OVN-EV-001,2026-03-25 10:54:21.160995,16.99,412.89,29.11,44.34,46.56,Charging,Normal,-0.476
OVN-EV-002,2026-03-25 10:54:21.468595,24.13,393.32,33.72,35.72,33.77,Charging,Normal,-0.4733
OVN-EV-003,2026-03-25 10:54:24.160959,18.01,413.43,29.95,35.06,51.94,Charging,Normal,-0.4336
OVN-EV-001,2026-03-25 10:54:24.160959,24.61,403.89,31.65,37.96,86.32,Charging,Normal,-0.476
OVN-EV-002,2026-03-25 10:54:24.482976,22.47,405.43,32.4,33.64,92.81,Charging,Normal,-0.4795
OVN-EV-001,2026-03-25 10:54:27.159366,11.11,407.36,33.27,36.45,57.52,Charging,Normal,-0.4486
OVN-EV-003,2026-03-25 10:54:27.159366,14.17,404.26,35.05,37.44,63.32,Charging,Normal,-0.4443
OVN-EV-002,2026-03-25 10:54:27.492632,13.88,406.48,28.11,40.51,36.43,Charging,Normal,-0.4721
OVN-EV-001,2026-03-25 10:54:30.171171,20.1,396.24,29.73,44.77,56.14,Charging,Normal,-0.4635
OVN-EV-003,2026-03-25 10:54:30.171171,13.95,410.87,33.93,31.36,56.63,Charging,Normal,-0.463
OVN-EV-002,2026-03-25 10:54:30.489964,14.61,400.19,32.98,40.9,31.02,Charging,Normal,-0.4513
OVN-EV-001,2026-03-25 10:54:33.190699,16.94,382.47,32.99,39.47,57.17,Charging,Normal,-0.447
OVN-EV-003,2026-03-25 10:54:33.190699,22.81,380.98,34.86,38.73,75.16,Charging,Normal,-0.5045
OVN-EV-002,2026-03-25 10:54:33.489363,19.71,406.67,34.85,36.34,85.95,Charging,Normal,-0.4565
OVN-EV-001,2026-03-25 10:54:36.193464,10.25,386.95,29.67,36.67,23.23,Charging,Normal,-0.5391
OVN-EV-003,2026-03-25 10:54:36.193970,10.3,391.85,29.19,36.49,51.56,Charging,Normal,-0.5012
OVN-EV-002,2026-03-25 10:54:36.497585,20.46,386.08,35.53,32.01,31.14,Charging,Normal,-0.4994
OVN-EV-001,2026-03-25 10:54:39.194374,11.57,391.8,29.04,40.62,83.15,Charging,Normal,-0.4787
OVN-EV-003,2026-03-25 10:54:39.194883,16.75,401.59,29.65,42.71,86.96,Charging,Normal,-0.4541
OVN-EV-002,2026-03-25 10:54:39.511167,21.22,396.02,32.07,37.21,26.66,Charging,Normal,-0.4452
OVN-EV-001,2026-03-25 10:54:42.191895,17.37,398.67,28.58,37.79,29.71,Charging,Normal,-0.4604
OVN-EV-003,2026-03-25 10:54:42.191895,11.44,381.81,29.25,30.83,64.49,Charging,Normal,-0.5194
OVN-EV-002,2026-03-25 10:54:42.525547,15.1,403.59,33.19,33.67,53.36,Charging,Normal,-0.4301
OVN-EV-003,2026-03-25 10:54:45.193086,16.28,413.25,33.96,44.2,35.59,Charging,Normal,-0.4819
OVN-EV-001,2026-03-25 10:54:45.193086,16.94,380.21,29.77,31.86,54.01,Charging,Normal,-0.4892
OVN-EV-002,2026-03-25 10:54:45.543667,16.91,386.74,29.37,36.08,71.0,Charging,Normal,-0.4514
OVN-EV-003,2026-03-25 10:54:48.192945,17.48,386.73,34.84,40.94,62.25,Charging,Normal,-0.455
OVN-EV-001,2026-03-25 10:54:48.192945,16.67,407.33,33.86,33.63,50.75,Charging,Normal,-0.4438
OVN-EV-002,2026-03-25 10:54:48.559461,17.64,419.12,35.4,39.18,46.5,Charging,Normal,-0.4832
OVN-EV-003,2026-03-25 10:54:51.191095,22.29,400.44,32.12,30.32,61.37,Charging,Normal,-0.465
OVN-EV-001,2026-03-25 10:54:51.191095,19.93,400.52,29.16,41.64,71.18,Charging,Normal,-0.4447
OVN-EV-002,2026-03-25 10:54:51.575921,23.93,400.65,33.27,36.6,29.93,Charging,Normal,-0.4624
OVN-EV-003,2026-03-25 10:54:54.196026,13.48,408.24,29.91,39.33,71.3,Charging,Normal,-0.4375
OVN-EV-001,2026-03-25 10:54:54.196026,10.63,382.34,29.4,40.17,24.57,Charging,Normal,-0.5332
OVN-EV-002,2026-03-25 10:54:54.593626,19.89,405.79,29.87,40.2,65.63,Charging,Normal,-0.4326
OVN-EV-003,2026-03-25 10:54:57.202991,23.9,403.75,34.13,33.05,72.43,Charging,Normal,-0.4682
OVN-EV-001,2026-03-25 10:54:57.202991,20.35,417.6,28.53,44.69,56.95,Charging,Normal,-0.5021
OVN-EV-002,2026-03-25 10:54:57.620184,17.63,396.59,35.24,35.25,48.48,Charging,Normal,-0.4482
OVN-EV-003,2026-03-25 10:55:00.220838,16.0,417.89,29.45,32.36,59.21,Charging,Normal,-0.4696
OVN-EV-001,2026-03-25 10:55:00.220838,12.56,388.34,28.69,41.11,88.3,Charging,Normal,-0.493
OVN-EV-002,2026-03-25 10:55:00.641112,18.93,402.07,30.67,31.38,51.14,Charging,Normal,-0.4389
OVN-EV-003,2026-03-25 10:55:03.233909,12.19,384.91,28.8,39.16,59.77,Charging,Normal,-0.4719
OVN-EV-001,2026-03-25 10:55:03.233909,24.75,410.09,31.91,40.8,49.13,Charging,Normal,-0.4813
OVN-EV-002,2026-03-25 10:55:03.654983,10.89,387.63,35.43,33.72,72.21,Charging,Normal,-0.511
OVN-EV-001,2026-03-25 10:55:06.235955,12.56,397.97,34.31,41.88,33.39,Charging,Normal,-0.4713
OVN-EV-003,2026-03-25 10:55:06.235955,20.84,392.4,35.65,35.15,70.37,Charging,Normal,-0.456
OVN-EV-002,2026-03-25 10:55:06.671427,24.32,395.28,28.72,37.3,76.7,Charging,Normal,-0.4858
OVN-EV-001,2026-03-25 10:55:09.234730,14.95,395.17,32.09,39.12,50.28,Charging,Normal,-0.4292
OVN-EV-003,2026-03-25 10:55:09.234730,15.65,392.29,29.83,32.61,67.05,Charging,Normal,-0.4415
OVN-EV-002,2026-03-25 10:55:09.675076,17.5,405.95,31.58,30.23,86.62,Charging,Normal,-0.4776
OVN-EV-001,2026-03-25 10:55:12.243238,23.23,388.83,35.2,42.07,20.7,Charging,Normal,-0.5202
OVN-EV-003,2026-03-25 10:55:12.243238,24.69,382.65,33.43,37.15,42.35,Charging,Normal,-0.4842
OVN-EV-002,2026-03-25 10:55:12.695512,17.99,417.88,28.83,32.58,45.95,Charging,Normal,-0.485
OVN-EV-001,2026-03-25 10:55:15.264242,14.15,401.74,28.54,31.32,41.32,Charging,Normal,-0.4825
OVN-EV-003,2026-03-25 10:55:15.264242,15.06,391.59,29.43,30.45,69.76,Charging,Normal,-0.4744
OVN-EV-002,2026-03-25 10:55:15.702670,11.32,385.01,30.1,33.3,76.73,Charging,Normal,-0.5004
OVN-EV-001,2026-03-25 10:55:18.266191,18.21,390.62,29.17,35.53,54.54,Charging,Normal,-0.4462
OVN-EV-003,2026-03-25 10:55:18.266191,10.86,397.75,35.79,34.0,34.04,Charging,Normal,-0.5201
OVN-EV-002,2026-03-25 10:55:18.721932,20.2,391.91,32.08,38.31,32.65,Charging,Normal,-0.4465
OVN-EV-001,2026-03-25 10:55:21.277582,19.81,407.55,34.01,33.58,42.24,Charging,Normal,-0.4503
OVN-EV-003,2026-03-25 10:55:21.277582,10.57,408.92,33.2,36.83,30.09,Charging,Normal,-0.4964
OVN-EV-002,2026-03-25 10:55:21.722054,14.44,414.61,35.18,35.86,24.4,Charging,Normal,-0.5083
OVN-EV-001,2026-03-25 10:55:24.292623,13.44,384.49,28.18,43.72,57.99,Charging,Normal,-0.5018
OVN-EV-003,2026-03-25 10:55:24.292623,22.74,468.94,87.61,84.94,30.84,ANOMALY,ANOMALY,-0.6837
OVN-EV-002,2026-03-25 10:55:24.716312,14.32,411.94,33.03,36.9,48.12,Charging,Normal,-0.4406
OVN-EV-003,2026-03-25 10:55:27.310351,24.5,390.79,32.53,36.92,74.74,Charging,Normal,-0.4622
OVN-EV-001,2026-03-25 10:55:27.311593,10.79,394.98,29.76,41.74,52.83,Charging,Normal,-0.4876
OVN-EV-002,2026-03-25 10:55:27.729120,17.96,406.98,34.12,35.14,66.04,Charging,Normal,-0.4338
OVN-EV-003,2026-03-25 10:55:30.313096,10.24,384.2,31.95,38.89,38.83,Charging,Normal,-0.5032
OVN-EV-001,2026-03-25 10:55:30.313949,18.76,397.1,28.15,35.19,27.58,Charging,Normal,-0.4865
OVN-EV-002,2026-03-25 10:55:30.745544,21.16,418.98,31.94,43.25,87.35,Charging,Normal,-0.4966
OVN-EV-003,2026-03-25 10:55:33.315210,14.87,461.91,99.22,79.26,42.45,ANOMALY,ANOMALY,-0.692
OVN-EV-001,2026-03-25 10:55:33.315210,16.51,492.36,91.19,87.98,53.01,ANOMALY,ANOMALY,-0.6817
OVN-EV-002,2026-03-25 10:55:33.767349,18.51,387.91,33.29,39.56,74.6,Charging,Normal,-0.4401
OVN-EV-003,2026-03-25 10:55:36.329824,21.86,418.38,33.41,42.28,33.48,Charging,Normal,-0.4879
OVN-EV-001,2026-03-25 10:55:36.329824,10.4,398.19,32.46,41.68,78.44,Charging,Normal,-0.4879
OVN-EV-002,2026-03-25 10:55:36.781517,10.95,410.35,30.56,37.25,28.96,Charging,Normal,-0.5083
OVN-EV-003,2026-03-25 10:55:39.329997,16.02,388.06,33.87,40.65,54.9,Charging,Normal,-0.439
OVN-EV-001,2026-03-25 10:55:39.329997,16.33,409.08,32.06,33.72,55.68,Charging,Normal,-0.4319
OVN-EV-002,2026-03-25 10:55:39.796034,17.89,417.13,32.82,36.96,86.99,Charging,Normal,-0.4734
OVN-EV-003,2026-03-25 10:55:42.333195,23.07,403.39,35.31,38.51,41.88,Charging,Normal,-0.4677
OVN-EV-001,2026-03-25 10:55:42.333195,13.17,386.32,33.15,31.59,42.43,Charging,Normal,-0.4768
OVN-EV-002,2026-03-25 10:55:42.816544,19.58,403.77,34.89,34.41,85.54,Charging,Normal,-0.4594
OVN-EV-001,2026-03-25 10:55:45.343843,23.83,405.46,31.55,33.83,54.81,Charging,Normal,-0.445
OVN-EV-003,2026-03-25 10:55:45.343843,14.83,394.17,28.3,36.15,68.37,Charging,Normal,-0.455
OVN-EV-002,2026-03-25 10:55:45.829817,12.96,470.06,81.56,87.08,87.58,ANOMALY,ANOMALY,-0.7012
OVN-EV-001,2026-03-25 10:55:48.354826,12.19,419.24,35.68,32.19,22.04,Charging,Normal,-0.5589
OVN-EV-003,2026-03-25 10:55:48.354826,18.81,390.67,31.48,38.14,81.78,Charging,Normal,-0.431
OVN-EV-002,2026-03-25 10:55:48.827625,16.46,405.07,29.11,37.06,67.02,Charging,Normal,-0.4467
OVN-EV-001,2026-03-25 10:55:51.362289,18.35,390.98,30.09,42.74,23.85,Charging,Normal,-0.4869
OVN-EV-003,2026-03-25 10:55:51.362289,16.42,391.5,34.34,41.23,82.43,Charging,Normal,-0.4538
OVN-EV-002,2026-03-25 10:55:51.846407,18.64,410.7,33.72,31.4,86.59,Charging,Normal,-0.479
OVN-EV-001,2026-03-25 10:55:54.374608,18.0,399.38,32.03,31.55,89.57,Charging,Normal,-0.4683
OVN-EV-003,2026-03-25 10:55:54.374608,22.16,391.32,34.17,38.18,47.97,Charging,Normal,-0.4441
OVN-EV-002,2026-03-25 10:55:54.859093,11.2,389.23,35.94,32.91,84.0,Charging,Normal,-0.5266
OVN-EV-001,2026-03-25 10:55:57.377615,12.22,406.19,28.77,36.89,28.11,Charging,Normal,-0.4938
OVN-EV-003,2026-03-25 10:55:57.378838,23.39,419.95,34.25,40.24,50.12,Charging,Normal,-0.488
OVN-EV-002,2026-03-25 10:55:57.875938,15.36,386.97,33.06,30.71,87.8,Charging,Normal,-0.5002
OVN-EV-001,2026-03-25 10:56:00.391277,18.76,462.93,86.71,75.92,32.44,ANOMALY,ANOMALY,-0.6761
OVN-EV-003,2026-03-25 10:56:00.391277,21.9,414.28,31.31,34.47,66.42,Charging,Normal,-0.4485
OVN-EV-002,2026-03-25 10:56:00.891220,19.45,394.49,30.17,31.03,55.21,Charging,Normal,-0.4591
OVN-EV-001,2026-03-25 10:56:03.391637,10.68,413.09,28.51,34.8,47.28,Charging,Normal,-0.5038
OVN-EV-003,2026-03-25 10:56:03.391637,21.28,395.02,29.02,33.54,60.47,Charging,Normal,-0.4547
OVN-EV-002,2026-03-25 10:56:03.907228,20.22,392.05,28.28,37.32,74.81,Charging,Normal,-0.4582
OVN-EV-003,2026-03-25 10:56:06.396097,14.32,408.13,31.1,39.42,65.17,Charging,Normal,-0.4322
OVN-EV-001,2026-03-25 10:56:06.396097,16.41,405.8,30.25,42.65,22.53,Charging,Normal,-0.478
OVN-EV-002,2026-03-25 10:56:06.921651,22.35,393.65,31.8,37.81,48.71,Charging,Normal,-0.4379
OVN-EV-003,2026-03-25 10:56:09.391576,23.02,397.22,30.99,36.3,61.37,Charging,Normal,-0.4456
OVN-EV-001,2026-03-25 10:56:09.391576,19.36,400.43,32.13,32.61,48.81,Charging,Normal,-0.4311
OVN-EV-002,2026-03-25 10:56:09.925818,14.13,418.56,31.66,38.5,38.95,Charging,Normal,-0.4712
OVN-EV-003,2026-03-25 10:56:12.409067,16.66,418.14,32.93,30.09,82.89,Charging,Normal,-0.5211
OVN-EV-001,2026-03-25 10:56:12.410328,22.77,409.33,33.12,41.93,45.67,Charging,Normal,-0.4422
OVN-EV-002,2026-03-25 10:56:12.939167,10.39,401.05,31.19,39.66,47.35,Charging,Normal,-0.4739
OVN-EV-003,2026-03-25 10:56:15.422350,24.62,418.75,28.03,42.31,27.45,Charging,Normal,-0.5724
OVN-EV-001,2026-03-25 10:56:15.422350,23.4,415.76,30.68,43.18,58.49,Charging,Normal,-0.4903
OVN-EV-002,2026-03-25 10:56:15.944943,13.87,400.31,33.27,32.87,80.4,Charging,Normal,-0.4512
OVN-EV-003,2026-03-25 10:56:18.452667,15.92,402.56,34.77,42.29,85.3,Charging,Normal,-0.4697
OVN-EV-001,2026-03-25 10:56:18.452667,24.49,396.99,29.27,30.84,77.26,Charging,Normal,-0.5205
OVN-EV-002,2026-03-25 10:56:18.939679,10.92,398.13,29.31,39.05,80.12,Charging,Normal,-0.4855
OVN-EV-003,2026-03-25 10:56:21.459932,24.72,392.02,32.99,33.6,92.2,Charging,Normal,-0.5102
OVN-EV-001,2026-03-25 10:56:21.459932,14.44,417.89,32.51,44.17,71.02,Charging,Normal,-0.4751
OVN-EV-002,2026-03-25 10:56:21.954364,12.18,419.02,31.74,41.5,48.14,Charging,Normal,-0.4855
OVN-EV-003,2026-03-25 10:56:24.471011,23.72,396.43,28.18,31.11,88.51,Charging,Normal,-0.5392
OVN-EV-001,2026-03-25 10:56:24.471011,22.5,407.54,31.62,44.76,69.31,Charging,Normal,-0.4702
OVN-EV-002,2026-03-25 10:56:24.960973,21.93,405.45,29.19,40.91,60.56,Charging,Normal,-0.4454
OVN-EV-001,2026-03-25 10:56:27.474617,24.07,383.83,28.78,41.28,25.88,Charging,Normal,-0.5224
OVN-EV-003,2026-03-25 10:56:27.474617,16.94,388.53,30.88,33.14,56.02,Charging,Normal,-0.4381
OVN-EV-002,2026-03-25 10:56:27.972249,16.12,385.58,33.99,32.78,91.96,Charging,Normal,-0.4953
OVN-EV-001,2026-03-25 10:56:30.478802,10.56,409.79,35.79,41.64,27.6,Charging,Normal,-0.5358
OVN-EV-003,2026-03-25 10:56:30.478802,11.84,396.48,31.42,40.1,68.3,Charging,Normal,-0.4517
OVN-EV-002,2026-03-25 10:56:30.978980,18.61,403.13,29.76,33.66,68.02,Charging,Normal,-0.4238
OVN-EV-001,2026-03-25 10:56:33.481113,10.89,394.25,31.04,39.81,40.63,Charging,Normal,-0.4719
OVN-EV-003,2026-03-25 10:56:33.491789,16.59,383.79,34.68,40.44,86.85,Charging,Normal,-0.4898
OVN-EV-002,2026-03-25 10:56:33.996128,16.41,398.19,29.2,42.39,66.72,Charging,Normal,-0.4452
OVN-EV-001,2026-03-25 10:56:36.495593,21.3,457.56,81.57,71.16,84.47,ANOMALY,ANOMALY,-0.6851
OVN-EV-003,2026-03-25 10:56:36.495593,13.87,408.35,30.8,34.34,37.85,Charging,Normal,-0.4444
OVN-EV-002,2026-03-25 10:56:36.997454,23.78,385.04,31.35,43.88,91.32,Charging,Normal,-0.5267
OVN-EV-001,2026-03-25 10:56:39.511689,14.37,382.39,33.36,43.89,25.06,Charging,Normal,-0.4921
OVN-EV-003,2026-03-25 10:56:39.511689,20.4,404.5,35.07,42.35,60.87,Charging,Normal,-0.4749
OVN-EV-002,2026-03-25 10:56:40.010845,16.75,414.98,34.85,40.47,20.26,Charging,Normal,-0.5128
OVN-EV-001,2026-03-25 10:56:42.512483,10.5,407.42,34.4,30.91,81.76,Charging,Normal,-0.5165
OVN-EV-003,2026-03-25 10:56:42.512483,24.95,410.57,33.07,44.03,73.86,Charging,Normal,-0.4991
OVN-EV-002,2026-03-25 10:56:43.027419,10.14,383.82,32.85,44.49,31.86,Charging,Normal,-0.5359
OVN-EV-003,2026-03-25 10:56:45.512426,14.23,388.11,33.44,36.98,39.74,Charging,Normal,-0.4426
OVN-EV-001,2026-03-25 10:56:45.512426,20.46,413.33,34.41,43.74,90.55,Charging,Normal,-0.5028
OVN-EV-002,2026-03-25 10:56:46.030051,16.14,414.98,28.58,31.19,93.16,Charging,Normal,-0.5231
OVN-EV-003,2026-03-25 10:56:48.523939,24.24,385.89,30.86,30.15,53.46,Charging,Normal,-0.5036
OVN-EV-001,2026-03-25 10:56:48.523939,23.69,394.58,28.04,31.74,29.11,Charging,Normal,-0.5325
OVN-EV-002,2026-03-25 10:56:49.044515,22.34,406.34,30.63,33.78,58.75,Charging,Normal,-0.4409
OVN-EV-003,2026-03-25 10:56:51.528164,10.18,390.8,31.3,39.24,57.08,Charging,Normal,-0.4875
OVN-EV-001,2026-03-25 10:56:51.528164,12.42,380.33,34.68,35.4,51.69,Charging,Normal,-0.4937
OVN-EV-002,2026-03-25 10:56:52.047107,18.44,410.64,35.72,35.19,82.34,Charging,Normal,-0.4666
OVN-EV-003,2026-03-25 10:56:54.546944,18.62,419.67,30.75,34.88,40.93,Charging,Normal,-0.4668
OVN-EV-001,2026-03-25 10:56:54.546944,11.6,401.19,29.76,37.11,58.44,Charging,Normal,-0.4493
OVN-EV-002,2026-03-25 10:56:55.057446,13.29,384.62,29.09,32.88,85.51,Charging,Normal,-0.4984
OVN-EV-003,2026-03-25 10:56:57.546146,17.3,395.26,31.22,40.63,23.39,Charging,Normal,-0.4629
OVN-EV-001,2026-03-25 10:56:57.546146,24.61,387.36,32.44,36.54,72.13,Charging,Normal,-0.4739
OVN-EV-002,2026-03-25 10:56:58.063713,22.37,412.27,35.12,31.76,81.8,Charging,Normal,-0.505
OVN-EV-003,2026-03-25 10:57:00.561731,14.5,395.94,34.38,38.3,90.46,Charging,Normal,-0.4612
OVN-EV-001,2026-03-25 10:57:00.561731,14.64,403.25,29.5,43.99,23.24,Charging,Normal,-0.4971
OVN-EV-002,2026-03-25 10:57:01.062493,10.14,385.41,30.66,36.63,21.49,Charging,Normal,-0.5579
OVN-EV-003,2026-03-25 10:57:03.563861,13.99,415.97,34.81,39.01,69.63,Charging,Normal,-0.4763
OVN-EV-001,2026-03-25 10:57:03.563861,19.51,405.35,30.16,41.44,33.2,Charging,Normal,-0.4492
OVN-EV-002,2026-03-25 10:57:04.077914,11.66,390.9,35.03,36.74,26.29,Charging,Normal,-0.5086
OVN-EV-001,2026-03-25 10:57:06.579763,24.15,385.24,32.09,31.09,73.46,Charging,Normal,-0.5015
OVN-EV-003,2026-03-25 10:57:06.581002,14.55,451.55,94.22,87.56,91.55,ANOMALY,ANOMALY,-0.7115
OVN-EV-002,2026-03-25 10:57:07.082002,19.92,418.34,31.76,30.8,76.8,Charging,Normal,-0.4912
OVN-EV-001,2026-03-25 10:57:09.594996,21.32,418.04,33.77,37.56,37.74,Charging,Normal,-0.4616
OVN-EV-003,2026-03-25 10:57:09.594996,18.2,403.01,31.61,34.19,24.41,Charging,Normal,-0.4533
OVN-EV-002,2026-03-25 10:57:10.080641,12.73,382.46,35.06,30.99,88.07,Charging,Normal,-0.5405
OVN-EV-001,2026-03-25 10:57:12.611813,24.69,417.89,31.73,31.17,24.18,Charging,Normal,-0.5523
OVN-EV-003,2026-03-25 10:57:12.611813,21.84,414.03,34.84,37.29,88.66,Charging,Normal,-0.4826
OVN-EV-002,2026-03-25 10:57:13.093604,16.16,417.72,29.76,41.94,29.73,Charging,Normal,-0.4832
OVN-EV-001,2026-03-25 10:57:15.614344,20.21,390.94,34.08,41.65,42.48,Charging,Normal,-0.4519
OVN-EV-003,2026-03-25 10:57:15.614344,14.51,393.2,33.76,39.05,32.41,Charging,Normal,-0.4474
OVN-EV-002,2026-03-25 10:57:16.113229,22.64,413.21,35.42,36.29,37.74,Charging,Normal,-0.4917
OVN-EV-001,2026-03-25 10:57:18.614034,22.46,390.47,30.09,35.7,92.11,Charging,Normal,-0.474
OVN-EV-003,2026-03-25 10:57:18.614034,12.5,383.02,29.68,30.61,69.49,Charging,Normal,-0.5073
OVN-EV-002,2026-03-25 10:57:19.129545,24.79,466.83,96.27,78.96,34.06,ANOMALY,ANOMALY,-0.7171
OVN-EV-001,2026-03-25 10:57:21.640253,16.77,400.3,29.53,37.95,62.72,Charging,Normal,-0.4224
OVN-EV-003,2026-03-25 10:57:21.640253,18.16,392.94,35.33,35.77,40.23,Charging,Normal,-0.4649
OVN-EV-002,2026-03-25 10:57:22.141856,23.71,413.03,35.2,42.48,55.26,Charging,Normal,-0.4873
OVN-EV-001,2026-03-25 10:57:24.643198,12.39,414.48,29.61,35.97,68.22,Charging,Normal,-0.4605
OVN-EV-003,2026-03-25 10:57:24.644482,19.58,413.62,29.71,37.73,60.85,Charging,Normal,-0.4428
OVN-EV-002,2026-03-25 10:57:25.156421,10.47,405.19,28.58,43.78,50.04,Charging,Normal,-0.5184
OVN-EV-003,2026-03-25 10:57:27.640975,10.62,383.24,34.1,42.53,58.26,Charging,Normal,-0.5139
OVN-EV-001,2026-03-25 10:57:27.640975,21.51,393.41,34.91,39.23,57.02,Charging,Normal,-0.4551
OVN-EV-002,2026-03-25 10:57:28.164533,15.28,400.71,30.16,32.32,30.22,Charging,Normal,-0.4531
OVN-EV-003,2026-03-25 10:57:30.656402,13.39,413.89,31.99,42.17,58.93,Charging,Normal,-0.4514
OVN-EV-001,2026-03-25 10:57:30.656402,18.35,381.47,32.82,34.29,76.31,Charging,Normal,-0.4616
OVN-EV-002,2026-03-25 10:57:31.171581,23.48,386.06,31.5,40.21,39.4,Charging,Normal,-0.4653
OVN-EV-003,2026-03-25 10:57:33.659561,16.37,396.49,29.51,36.49,84.6,Charging,Normal,-0.4384
OVN-EV-001,2026-03-25 10:57:33.659561,20.4,382.73,30.3,38.86,75.52,Charging,Normal,-0.4645
OVN-EV-002,2026-03-25 10:57:34.187366,22.23,395.57,33.12,41.65,42.2,Charging,Normal,-0.4494
OVN-EV-003,2026-03-25 10:57:36.663493,13.39,408.22,31.3,41.22,86.46,Charging,Normal,-0.4585
OVN-EV-001,2026-03-25 10:57:36.663493,23.75,381.25,28.04,30.28,85.62,Charging,Normal,-0.5525
OVN-EV-002,2026-03-25 10:57:37.196968,11.25,389.14,29.83,42.8,64.53,Charging,Normal,-0.4717
OVN-EV-003,2026-03-25 10:57:39.671575,21.82,408.5,35.56,40.63,45.33,Charging,Normal,-0.4684
OVN-EV-001,2026-03-25 10:57:39.671575,23.84,408.88,28.06,44.73,26.07,Charging,Normal,-0.5563
OVN-EV-002,2026-03-25 10:57:40.187621,14.58,414.53,35.01,38.41,94.66,Charging,Normal,-0.511
OVN-EV-003,2026-03-25 10:57:42.687236,12.48,380.85,35.31,36.3,86.98,Charging,Normal,-0.5181
OVN-EV-001,2026-03-25 10:57:42.687236,15.89,401.19,32.9,34.16,25.92,Charging,Normal,-0.4442
OVN-EV-002,2026-03-25 10:57:43.188468,21.19,411.85,31.86,42.73,50.42,Charging,Normal,-0.4537
OVN-EV-001,2026-03-25 10:57:45.691833,16.19,415.47,30.39,43.64,23.34,Charging,Normal,-0.4953
OVN-EV-003,2026-03-25 10:57:45.691833,14.44,405.39,29.76,42.87,86.65,Charging,Normal,-0.4664
OVN-EV-002,2026-03-25 10:57:46.202587,11.25,394.72,32.64,38.69,68.36,Charging,Normal,-0.4554
OVN-EV-001,2026-03-25 10:57:48.696075,18.83,416.43,29.92,44.0,75.64,Charging,Normal,-0.4745
OVN-EV-003,2026-03-25 10:57:48.696075,13.82,382.64,34.25,34.04,52.26,Charging,Normal,-0.4605
OVN-EV-002,2026-03-25 10:57:49.216576,12.98,385.54,30.62,41.55,67.28,Charging,Normal,-0.4593
OVN-EV-001,2026-03-25 10:57:51.687656,12.73,393.25,34.32,42.65,40.48,Charging,Normal,-0.4595
OVN-EV-003,2026-03-25 10:57:51.687656,15.79,401.9,34.36,39.76,53.01,Charging,Normal,-0.429
OVN-EV-002,2026-03-25 10:57:52.221165,24.69,476.11,88.84,71.74,83.01,ANOMALY,ANOMALY,-0.7093
OVN-EV-001,2026-03-25 10:57:54.696862,21.61,417.5,33.69,38.95,79.82,Charging,Normal,-0.4594
OVN-EV-003,2026-03-25 10:57:54.697937,24.19,403.53,35.29,35.36,93.04,Charging,Normal,-0.5103
OVN-EV-002,2026-03-25 10:57:55.216233,11.11,390.66,33.0,44.75,89.32,Charging,Normal,-0.5133
OVN-EV-001,2026-03-25 10:57:57.715894,13.41,495.1,83.59,72.79,93.26,ANOMALY,ANOMALY,-0.7173
OVN-EV-003,2026-03-25 10:57:57.717157,17.69,399.02,28.33,33.03,32.19,Charging,Normal,-0.4689
OVN-EV-002,2026-03-25 10:57:58.230789,11.03,389.27,32.94,36.97,70.28,Charging,Normal,-0.4639
OVN-EV-001,2026-03-25 10:58:00.730358,18.97,475.09,95.55,75.83,31.0,ANOMALY,ANOMALY,-0.7059
OVN-EV-003,2026-03-25 10:58:00.730358,14.42,382.02,34.61,37.74,26.66,Charging,Normal,-0.4795
OVN-EV-002,2026-03-25 10:58:01.244693,21.97,403.62,33.74,37.66,34.21,Charging,Normal,-0.4552
OVN-EV-001,2026-03-25 10:58:03.733036,18.47,412.7,35.47,31.44,20.26,Charging,Normal,-0.525
OVN-EV-003,2026-03-25 10:58:03.733036,17.41,402.06,34.83,30.58,79.73,Charging,Normal,-0.4805
OVN-EV-002,2026-03-25 10:58:04.261282,10.47,407.49,30.11,44.69,60.88,Charging,Normal,-0.5004
OVN-EV-003,2026-03-25 10:58:06.748248,21.35,416.18,32.8,42.53,72.47,Charging,Normal,-0.4658
OVN-EV-001,2026-03-25 10:58:06.748248,12.6,411.88,35.52,43.27,65.71,Charging,Normal,-0.4889
OVN-EV-002,2026-03-25 10:58:07.265680,21.94,391.13,31.73,40.07,22.13,Charging,Normal,-0.4795
OVN-EV-003,2026-03-25 10:58:09.766069,22.12,411.52,28.05,36.29,47.38,Charging,Normal,-0.4769
OVN-EV-001,2026-03-25 10:58:09.766069,13.77,402.93,35.6,39.58,95.0,Charging,Normal,-0.5194
OVN-EV-002,2026-03-25 10:58:10.266269,21.5,389.69,29.47,41.88,51.75,Charging,Normal,-0.4525
OVN-EV-003,2026-03-25 10:58:12.767291,21.51,399.79,35.44,35.68,72.73,Charging,Normal,-0.4632
OVN-EV-001,2026-03-25 10:58:12.767291,11.77,414.51,35.09,35.92,50.96,Charging,Normal,-0.4918
OVN-EV-002,2026-03-25 10:58:13.281471,18.24,471.7,99.62,70.18,93.25,ANOMALY,ANOMALY,-0.7047
OVN-EV-003,2026-03-25 10:58:15.778379,13.21,395.46,33.69,36.9,77.88,Charging,Normal,-0.4508
OVN-EV-001,2026-03-25 10:58:15.779671,20.93,391.82,30.22,37.9,24.23,Charging,Normal,-0.4837
OVN-EV-002,2026-03-25 10:58:16.281920,22.45,400.27,33.43,36.44,70.16,Charging,Normal,-0.4361
OVN-EV-003,2026-03-25 10:58:18.783287,16.28,389.38,31.09,32.76,36.75,Charging,Normal,-0.4529
OVN-EV-001,2026-03-25 10:58:18.784589,11.54,409.94,28.57,30.39,25.31,Charging,Normal,-0.5396
OVN-EV-002,2026-03-25 10:58:19.298278,15.79,398.27,33.3,32.21,91.82,Charging,Normal,-0.4754
OVN-EV-003,2026-03-25 10:58:21.797559,23.38,388.87,33.17,34.75,37.39,Charging,Normal,-0.4715
OVN-EV-001,2026-03-25 10:58:21.797559,20.52,398.77,28.08,33.99,50.16,Charging,Normal,-0.4839
OVN-EV-002,2026-03-25 10:58:22.299295,17.44,410.15,28.82,30.64,21.76,Charging,Normal,-0.5214
OVN-EV-003,2026-03-25 10:58:24.815514,16.89,388.58,32.04,41.86,21.35,Charging,Normal,-0.4829
OVN-EV-001,2026-03-25 10:58:24.815514,16.35,414.82,33.79,36.45,31.69,Charging,Normal,-0.4692
OVN-EV-002,2026-03-25 10:58:25.313281,21.71,394.29,32.18,42.53,40.46,Charging,Normal,-0.4537
OVN-EV-003,2026-03-25 10:58:27.815778,20.81,397.49,35.62,34.79,76.48,Charging,Normal,-0.4739
OVN-EV-001,2026-03-25 10:58:27.815778,10.26,381.5,35.5,32.72,78.46,Charging,Normal,-0.5502
OVN-EV-002,2026-03-25 10:58:28.327338,16.55,497.37,99.97,87.77,40.03,ANOMALY,ANOMALY,-0.7187
OVN-EV-003,2026-03-25 10:58:30.815324,22.4,411.22,34.91,44.41,63.01,Charging,Normal,-0.4887
OVN-EV-001,2026-03-25 10:58:30.815324,16.99,392.25,33.25,40.21,68.61,Charging,Normal,-0.4296
OVN-EV-002,2026-03-25 10:58:31.347649,19.17,411.3,29.57,39.25,26.04,Charging,Normal,-0.4686
OVN-EV-003,2026-03-25 10:58:33.818716,21.59,478.49,80.45,84.53,90.12,ANOMALY,ANOMALY,-0.6991
OVN-EV-001,2026-03-25 10:58:33.819037,14.63,391.06,32.77,43.93,56.55,Charging,Normal,-0.449
OVN-EV-002,2026-03-25 10:58:34.351216,11.53,396.27,28.52,39.51,86.86,Charging,Normal,-0.4843
OVN-EV-003,2026-03-25 10:58:36.833061,14.88,418.39,33.65,35.15,67.55,Charging,Normal,-0.4524
OVN-EV-001,2026-03-25 10:58:36.833061,19.13,391.18,29.29,43.22,71.7,Charging,Normal,-0.4572
OVN-EV-002,2026-03-25 10:58:37.354318,10.91,399.6,32.75,33.09,53.38,Charging,Normal,-0.4858
OVN-EV-003,2026-03-25 10:58:39.825732,11.62,419.74,31.18,30.62,27.26,Charging,Normal,-0.5533
OVN-EV-001,2026-03-25 10:58:39.827014,21.71,401.36,34.43,41.37,71.74,Charging,Normal,-0.4563
OVN-EV-002,2026-03-25 10:58:40.365864,15.94,400.94,33.33,31.78,69.23,Charging,Normal,-0.4495
OVN-EV-003,2026-03-25 10:58:42.846600,24.06,409.45,32.6,36.82,42.07,Charging,Normal,-0.4596
OVN-EV-001,2026-03-25 10:58:42.846600,17.65,402.62,28.58,40.76,73.0,Charging,Normal,-0.4348
OVN-EV-002,2026-03-25 10:58:43.378878,22.89,400.65,35.1,37.64,46.24,Charging,Normal,-0.4739
OVN-EV-001,2026-03-25 10:58:45.847574,13.53,382.18,31.81,41.0,59.51,Charging,Normal,-0.451
OVN-EV-003,2026-03-25 10:58:45.847574,12.22,394.19,28.46,34.41,56.57,Charging,Normal,-0.4779
OVN-EV-002,2026-03-25 10:58:46.383124,20.84,465.84,87.49,78.43,50.2,ANOMALY,ANOMALY,-0.6615
OVN-EV-001,2026-03-25 10:58:48.861284,14.69,387.26,31.63,40.19,87.82,Charging,Normal,-0.4552
OVN-EV-003,2026-03-25 10:58:48.861284,18.08,396.2,34.4,39.5,60.38,Charging,Normal,-0.4492
OVN-EV-002,2026-03-25 10:58:49.385654,11.14,402.06,35.19,33.73,84.7,Charging,Normal,-0.5207
OVN-EV-001,2026-03-25 10:58:51.858004,15.21,417.77,29.18,44.69,91.26,Charging,Normal,-0.5245
OVN-EV-003,2026-03-25 10:58:51.858004,20.05,416.73,35.55,30.09,66.63,Charging,Normal,-0.5117
OVN-EV-002,2026-03-25 10:58:52.402374,20.85,414.21,28.21,44.09,94.02,Charging,Normal,-0.5392
OVN-EV-001,2026-03-25 10:58:54.866674,13.32,383.47,32.77,42.37,79.19,Charging,Normal,-0.4661
OVN-EV-003,2026-03-25 10:58:54.866674,23.9,402.04,28.91,35.76,91.15,Charging,Normal,-0.4941
OVN-EV-002,2026-03-25 10:58:55.417312,12.2,405.01,29.92,39.61,85.72,Charging,Normal,-0.4677
OVN-EV-001,2026-03-25 10:58:57.855621,22.08,398.87,28.73,33.3,51.67,Charging,Normal,-0.4608
OVN-EV-003,2026-03-25 10:58:57.855621,23.86,408.78,31.3,35.66,81.2,Charging,Normal,-0.4641
OVN-EV-002,2026-03-25 10:58:58.425260,15.26,408.0,34.54,40.11,58.92,Charging,Normal,-0.4403
OVN-EV-001,2026-03-25 10:59:00.869503,19.01,411.63,29.4,38.56,83.83,Charging,Normal,-0.4468
OVN-EV-003,2026-03-25 10:59:00.869503,13.74,405.46,28.33,32.89,43.82,Charging,Normal,-0.472
OVN-EV-002,2026-03-25 10:59:01.425210,20.14,380.92,32.69,44.27,74.58,Charging,Normal,-0.4825
OVN-EV-001,2026-03-25 10:59:03.885657,15.02,402.37,34.45,30.67,94.88,Charging,Normal,-0.528
OVN-EV-003,2026-03-25 10:59:03.885657,17.72,411.79,34.09,30.63,29.62,Charging,Normal,-0.4958
OVN-EV-002,2026-03-25 10:59:04.421329,18.5,395.81,32.89,31.49,59.32,Charging,Normal,-0.4499
OVN-EV-003,2026-03-25 10:59:06.901852,13.22,381.0,29.57,36.08,84.07,Charging,Normal,-0.4868
OVN-EV-001,2026-03-25 10:59:06.901852,18.73,387.16,33.41,30.59,83.48,Charging,Normal,-0.4889
OVN-EV-002,2026-03-25 10:59:07.425150,21.68,414.71,32.61,30.84,85.06,Charging,Normal,-0.5001
OVN-EV-003,2026-03-25 10:59:09.913457,19.88,404.45,30.83,37.49,67.65,Charging,Normal,-0.4254
OVN-EV-001,2026-03-25 10:59:09.913457,10.16,412.24,33.15,42.34,94.23,Charging,Normal,-0.5408
OVN-EV-002,2026-03-25 10:59:10.432782,21.96,393.26,31.35,39.79,77.78,Charging,Normal,-0.4542
OVN-EV-003,2026-03-25 10:59:12.914289,12.28,394.84,28.49,43.36,73.31,Charging,Normal,-0.4866
OVN-EV-001,2026-03-25 10:59:12.914289,24.32,415.58,30.81,32.37,47.68,Charging,Normal,-0.4884
OVN-EV-002,2026-03-25 10:59:13.452814,10.16,393.2,33.18,32.18,88.99,Charging,Normal,-0.5345
OVN-EV-003,2026-03-25 10:59:15.910503,23.78,406.95,35.31,33.64,91.26,Charging,Normal,-0.5263
OVN-EV-001,2026-03-25 10:59:15.910503,17.03,384.23,32.76,40.63,61.68,Charging,Normal,-0.4437
OVN-EV-002,2026-03-25 10:59:16.461615,14.77,391.74,33.89,38.84,46.17,Charging,Normal,-0.4341
OVN-EV-003,2026-03-25 10:59:18.927685,18.79,402.04,34.62,38.91,49.92,Charging,Normal,-0.4436
OVN-EV-001,2026-03-25 10:59:18.927685,13.17,418.02,31.65,41.55,39.37,Charging,Normal,-0.4854
OVN-EV-002,2026-03-25 10:59:19.477581,18.51,397.55,35.29,39.54,69.8,Charging,Normal,-0.4574
OVN-EV-003,2026-03-25 10:59:21.931951,21.42,408.36,32.98,33.88,21.14,Charging,Normal,-0.4886
OVN-EV-001,2026-03-25 10:59:21.931951,18.63,407.03,28.98,41.6,74.94,Charging,Normal,-0.4497
OVN-EV-002,2026-03-25 10:59:22.465505,20.03,404.97,30.94,40.41,28.98,Charging,Normal,-0.4544
OVN-EV-003,2026-03-25 10:59:24.947339,11.04,386.06,34.25,31.36,22.32,Charging,Normal,-0.5485
OVN-EV-001,2026-03-25 10:59:24.947339,10.79,416.41,31.41,40.16,77.69,Charging,Normal,-0.4924
OVN-EV-002,2026-03-25 10:59:25.479222,17.24,385.29,28.32,43.18,49.78,Charging,Normal,-0.476
OVN-EV-003,2026-03-25 10:59:27.957722,18.19,380.26,31.03,37.75,25.88,Charging,Normal,-0.4827
OVN-EV-001,2026-03-25 10:59:27.957722,19.93,415.5,35.84,41.39,33.18,Charging,Normal,-0.5053
OVN-EV-002,2026-03-25 10:59:28.491754,13.04,408.21,29.16,32.35,89.94,Charging,Normal,-0.5137
OVN-EV-003,2026-03-25 10:59:30.967747,22.51,495.09,91.55,71.44,27.94,ANOMALY,ANOMALY,-0.6948
OVN-EV-001,2026-03-25 10:59:30.967747,10.96,384.5,34.87,33.69,33.62,Charging,Normal,-0.5306
OVN-EV-002,2026-03-25 10:59:31.499420,11.64,382.31,34.17,31.13,29.41,Charging,Normal,-0.5386
OVN-EV-003,2026-03-25 10:59:33.978018,20.9,416.26,32.72,41.91,71.35,Charging,Normal,-0.4554
OVN-EV-001,2026-03-25 10:59:33.978018,21.14,399.71,28.77,40.0,63.82,Charging,Normal,-0.4487
OVN-EV-002,2026-03-25 10:59:34.510500,13.59,494.63,92.81,72.03,33.43,ANOMALY,ANOMALY,-0.688
OVN-EV-003,2026-03-25 10:59:36.978975,23.32,416.07,31.61,31.26,45.25,Charging,Normal,-0.4834
OVN-EV-001,2026-03-25 10:59:36.978975,19.45,394.28,34.14,37.28,36.46,Charging,Normal,-0.4473
OVN-EV-002,2026-03-25 10:59:37.518312,13.14,413.49,34.64,41.49,53.85,Charging,Normal,-0.4689
OVN-EV-003,2026-03-25 10:59:39.998294,12.25,410.02,29.31,34.03,67.81,Charging,Normal,-0.4575
OVN-EV-001,2026-03-25 10:59:39.998294,24.54,389.28,32.84,30.23,49.02,Charging,Normal,-0.5044
OVN-EV-002,2026-03-25 10:59:40.514044,19.5,386.23,29.6,30.68,61.12,Charging,Normal,-0.476
OVN-EV-003,2026-03-25 10:59:43.007359,13.88,392.25,32.81,30.43,23.0,Charging,Normal,-0.5107
OVN-EV-001,2026-03-25 10:59:43.007359,17.89,395.89,34.4,32.94,88.36,Charging,Normal,-0.4697
OVN-EV-002,2026-03-25 10:59:43.532623,12.63,397.66,31.53,39.39,61.59,Charging,Normal,-0.4587
OVN-EV-001,2026-03-25 10:59:46.016014,22.62,393.23,35.82,34.34,89.69,Charging,Normal,-0.5157
OVN-EV-003,2026-03-25 10:59:46.016014,17.32,480.12,86.86,86.8,56.35,ANOMALY,ANOMALY,-0.6691
OVN-EV-002,2026-03-25 10:59:46.536703,16.79,412.47,28.97,42.21,69.52,Charging,Normal,-0.4473
OVN-EV-001,2026-03-25 10:59:49.030253,19.72,412.12,34.08,34.11,84.7,Charging,Normal,-0.4615
OVN-EV-003,2026-03-25 10:59:49.031609,18.19,417.6,29.94,34.26,22.26,Charging,Normal,-0.4902
OVN-EV-002,2026-03-25 10:59:49.533134,13.46,380.41,30.07,31.28,39.3,Charging,Normal,-0.5119
OVN-EV-001,2026-03-25 10:59:52.035668,21.55,391.0,31.59,33.1,26.52,Charging,Normal,-0.4761
OVN-EV-003,2026-03-25 10:59:52.036668,16.52,417.72,29.58,43.35,26.47,Charging,Normal,-0.4991
OVN-EV-002,2026-03-25 10:59:52.540704,12.7,402.43,31.77,34.5,30.83,Charging,Normal,-0.4693
OVN-EV-001,2026-03-25 10:59:55.033743,19.12,412.72,30.2,33.52,60.8,Charging,Normal,-0.4515
OVN-EV-003,2026-03-25 10:59:55.033743,12.07,404.72,31.43,41.22,50.99,Charging,Normal,-0.4516
OVN-EV-002,2026-03-25 10:59:55.553856,24.7,413.18,35.69,40.84,48.04,Charging,Normal,-0.5142
OVN-EV-001,2026-03-25 10:59:58.049059,18.65,413.91,34.03,39.95,38.01,Charging,Normal,-0.45
OVN-EV-003,2026-03-25 10:59:58.049059,17.68,402.59,28.39,43.39,65.18,Charging,Normal,-0.4501
OVN-EV-002,2026-03-25 10:59:58.557802,23.57,402.29,33.94,39.1,43.29,Charging,Normal,-0.4476
OVN-EV-001,2026-03-25 11:00:01.058753,15.19,407.05,29.12,40.54,31.77,Charging,Normal,-0.4575
OVN-EV-003,2026-03-25 11:00:01.058753,18.37,381.98,31.55,35.18,78.38,Charging,Normal,-0.4567
OVN-EV-002,2026-03-25 11:00:01.571243,13.61,406.85,33.29,39.06,90.29,Charging,Normal,-0.4665
OVN-EV-001,2026-03-25 11:00:04.078737,12.07,412.81,35.79,39.27,57.82,Charging,Normal,-0.4807
OVN-EV-003,2026-03-25 11:00:04.078737,16.73,401.17,32.35,35.48,66.27,Charging,Normal,-0.4125
OVN-EV-002,2026-03-25 11:00:04.575725,20.97,393.43,34.16,41.17,42.39,Charging,Normal,-0.4464
OVN-EV-003,2026-03-25 11:00:07.091866,17.01,411.57,32.2,30.2,94.18,Charging,Normal,-0.5135
OVN-EV-001,2026-03-25 11:00:07.091866,10.23,399.61,34.68,44.26,78.89,Charging,Normal,-0.5132
OVN-EV-002,2026-03-25 11:00:07.591399,21.27,408.9,31.89,31.91,92.41,Charging,Normal,-0.4884
OVN-EV-003,2026-03-25 11:00:10.095402,10.02,402.77,32.0,32.66,33.96,Charging,Normal,-0.5272
OVN-EV-001,2026-03-25 11:00:10.095402,13.19,385.4,33.95,36.98,93.67,Charging,Normal,-0.5076
OVN-EV-002,2026-03-25 11:00:10.609218,16.83,392.29,29.2,37.92,90.46,Charging,Normal,-0.4746
OVN-EV-003,2026-03-25 11:00:13.109202,18.56,417.59,29.88,35.15,81.83,Charging,Normal,-0.4622
OVN-EV-001,2026-03-25 11:00:13.109202,11.26,396.15,34.75,42.94,87.95,Charging,Normal,-0.5045
OVN-EV-002,2026-03-25 11:00:13.610113,21.92,417.96,33.87,42.23,60.98,Charging,Normal,-0.4612
OVN-EV-003,2026-03-25 11:00:16.124465,10.38,408.68,28.21,43.85,40.93,Charging,Normal,-0.5291
OVN-EV-001,2026-03-25 11:00:16.124465,21.96,402.77,33.25,37.59,87.03,Charging,Normal,-0.4539
OVN-EV-002,2026-03-25 11:00:16.609706,11.78,405.86,30.5,35.33,88.24,Charging,Normal,-0.4853
OVN-EV-003,2026-03-25 11:00:19.141170,23.3,412.15,31.85,43.68,48.46,Charging,Normal,-0.4675
OVN-EV-001,2026-03-25 11:00:19.141170,11.81,417.19,31.58,30.47,88.96,Charging,Normal,-0.53
OVN-EV-002,2026-03-25 11:00:19.610358,14.42,412.11,29.92,33.39,68.1,Charging,Normal,-0.4531
OVN-EV-003,2026-03-25 11:00:22.151350,10.7,404.42,29.1,39.22,56.05,Charging,Normal,-0.4695
OVN-EV-001,2026-03-25 11:00:22.152293,12.78,388.08,32.27,30.14,92.4,Charging,Normal,-0.5248
OVN-EV-002,2026-03-25 11:00:22.609709,17.41,387.29,34.6,42.24,27.98,Charging,Normal,-0.4965
OVN-EV-003,2026-03-25 11:00:25.166067,11.24,395.26,30.08,33.05,36.12,Charging,Normal,-0.4903
OVN-EV-001,2026-03-25 11:00:25.166067,14.7,418.07,32.16,34.02,35.53,Charging,Normal,-0.4713
OVN-EV-002,2026-03-25 11:00:25.614178,11.93,386.7,33.3,36.95,62.35,Charging,Normal,-0.4505
OVN-EV-003,2026-03-25 11:00:28.182396,21.76,416.71,31.17,32.08,52.34,Charging,Normal,-0.4714
OVN-EV-001,2026-03-25 11:00:28.182396,11.84,402.67,29.03,42.13,59.07,Charging,Normal,-0.4562
OVN-EV-002,2026-03-25 11:00:28.620210,11.15,414.54,30.67,44.73,21.93,Charging,Normal,-0.5636
OVN-EV-003,2026-03-25 11:00:31.184831,22.84,398.92,33.47,43.96,53.73,Charging,Normal,-0.4516
OVN-EV-001,2026-03-25 11:00:31.184831,12.66,391.53,28.85,34.21,57.4,Charging,Normal,-0.4609
OVN-EV-002,2026-03-25 11:00:31.640121,17.39,414.21,28.27,32.65,60.08,Charging,Normal,-0.4762
OVN-EV-003,2026-03-25 11:00:34.203624,24.61,405.52,28.08,36.62,50.86,Charging,Normal,-0.4892
OVN-EV-001,2026-03-25 11:00:34.203624,10.47,395.57,29.76,41.7,86.65,Charging,Normal,-0.5025
OVN-EV-002,2026-03-25 11:00:34.651242,15.19,399.27,30.36,40.44,61.6,Charging,Normal,-0.4291
OVN-EV-003,2026-03-25 11:00:37.202552,24.53,387.76,35.68,43.92,21.92,Charging,Normal,-0.5522
OVN-EV-001,2026-03-25 11:00:37.202552,12.85,415.5,31.18,30.13,58.26,Charging,Normal,-0.4946
OVN-EV-002,2026-03-25 11:00:37.656221,16.71,452.86,95.63,83.57,83.67,ANOMALY,ANOMALY,-0.6961
OVN-EV-003,2026-03-25 11:00:40.218501,13.97,397.93,33.93,36.34,57.68,Charging,Normal,-0.4264
OVN-EV-001,2026-03-25 11:00:40.219648,13.82,408.02,31.38,34.73,79.35,Charging,Normal,-0.449
OVN-EV-002,2026-03-25 11:00:40.659934,22.02,390.78,32.56,37.32,24.72,Charging,Normal,-0.4702
OVN-EV-003,2026-03-25 11:00:43.224906,13.82,399.37,31.88,32.01,82.65,Charging,Normal,-0.4696
OVN-EV-001,2026-03-25 11:00:43.226199,16.34,401.87,34.77,44.38,62.19,Charging,Normal,-0.4464
OVN-EV-002,2026-03-25 11:00:43.679651,17.78,393.24,32.87,36.76,81.2,Charging,Normal,-0.4375
OVN-EV-001,2026-03-25 11:00:46.234392,16.39,411.64,35.63,35.64,72.27,Charging,Normal,-0.4783
OVN-EV-003,2026-03-25 11:00:46.234392,10.22,416.48,29.23,33.38,65.43,Charging,Normal,-0.5211
OVN-EV-002,2026-03-25 11:00:46.686045,13.94,403.9,28.78,33.35,48.31,Charging,Normal,-0.4576
OVN-EV-001,2026-03-25 11:00:49.236772,20.18,390.85,34.12,33.09,24.56,Charging,Normal,-0.4855
OVN-EV-003,2026-03-25 11:00:49.236772,12.6,381.0,28.71,30.35,72.08,Charging,Normal,-0.5242
OVN-EV-002,2026-03-25 11:00:49.706213,15.56,382.64,33.66,44.53,24.49,Charging,Normal,-0.5143
OVN-EV-001,2026-03-25 11:00:52.250477,23.43,390.76,32.68,41.19,31.91,Charging,Normal,-0.463
OVN-EV-003,2026-03-25 11:00:52.250477,21.09,412.38,28.16,36.62,58.8,Charging,Normal,-0.463
OVN-EV-002,2026-03-25 11:00:52.718892,13.53,417.63,33.7,40.36,43.61,Charging,Normal,-0.4592
OVN-EV-001,2026-03-25 11:00:55.252152,20.46,393.83,34.41,33.69,42.62,Charging,Normal,-0.4601
OVN-EV-003,2026-03-25 11:00:55.253630,16.2,399.28,34.43,40.0,67.0,Charging,Normal,-0.428
OVN-EV-002,2026-03-25 11:00:55.733726,21.2,411.79,31.81,30.73,64.0,Charging,Normal,-0.4587
OVN-EV-001,2026-03-25 11:00:58.251632,15.02,385.71,28.37,41.29,25.68,Charging,Normal,-0.4974
OVN-EV-003,2026-03-25 11:00:58.251632,15.82,417.71,35.38,32.75,77.66,Charging,Normal,-0.4934
OVN-EV-002,2026-03-25 11:00:58.745340,15.84,416.28,35.18,43.94,31.61,Charging,Normal,-0.5087
OVN-EV-001,2026-03-25 11:01:01.256410,18.75,403.71,31.04,30.73,73.06,Charging,Normal,-0.4553
OVN-EV-003,2026-03-25 11:01:01.256410,10.4,403.03,29.4,39.05,40.04,Charging,Normal,-0.4867
OVN-EV-002,2026-03-25 11:01:01.769369,15.8,417.55,29.42,32.71,30.18,Charging,Normal,-0.4855
OVN-EV-001,2026-03-25 11:01:04.264052,23.98,393.39,31.06,41.02,61.76,Charging,Normal,-0.4392
OVN-EV-003,2026-03-25 11:01:04.264052,23.47,409.18,28.07,38.9,93.96,Charging,Normal,-0.5366
OVN-EV-002,2026-03-25 11:01:04.772511,10.22,397.17,35.09,43.58,88.12,Charging,Normal,-0.5237
OVN-EV-003,2026-03-25 11:01:07.282976,17.22,400.79,33.12,43.58,59.54,Charging,Normal,-0.4388
OVN-EV-001,2026-03-25 11:01:07.282976,23.27,405.96,29.69,33.3,68.63,Charging,Normal,-0.463
OVN-EV-002,2026-03-25 11:01:07.770277,11.49,409.74,35.15,44.71,42.57,Charging,Normal,-0.5195
OVN-EV-003,2026-03-25 11:01:10.298309,16.06,388.16,32.57,30.6,49.79,Charging,Normal,-0.4679
OVN-EV-001,2026-03-25 11:01:10.298309,20.85,398.33,28.45,38.16,91.47,Charging,Normal,-0.4773
OVN-EV-002,2026-03-25 11:01:10.773465,21.36,399.51,35.04,42.77,37.48,Charging,Normal,-0.461
OVN-EV-003,2026-03-25 21:31:29.080401,17.9,413.51,29.8,42.23,33.27,Charging,Normal,-0.4708
OVN-EV-001,2026-03-25 21:31:29.080401,11.82,464.48,97.59,72.48,53.79,ANOMALY,ANOMALY,-0.6997
OVN-EV-002,2026-03-25 21:31:29.080401,18.94,497.97,96.84,89.46,90.47,ANOMALY,ANOMALY,-0.7316
OVN-EV-003,2026-03-25 21:31:32.094379,21.88,403.24,34.24,39.55,27.53,Charging,Normal,-0.4595
OVN-EV-002,2026-03-25 21:31:32.166724,17.38,414.12,35.15,34.19,45.78,Charging,Normal,-0.4651
OVN-EV-001,2026-03-25 21:31:32.227550,20.42,418.91,30.9,43.0,35.77,Charging,Normal,-0.4869
OVN-EV-003,2026-03-25 21:31:35.182995,10.52,385.89,33.12,40.64,39.54,Charging,Normal,-0.4906
OVN-EV-002,2026-03-25 21:31:35.254571,21.92,391.91,31.91,31.85,30.05,Charging,Normal,-0.4886
OVN-EV-001,2026-03-25 21:31:35.264623,24.97,466.12,83.53,75.95,87.29,ANOMALY,ANOMALY,-0.7159
OVN-EV-003,2026-03-25 21:31:38.207943,16.32,454.01,85.21,73.22,80.65,ANOMALY,ANOMALY,-0.6793
OVN-EV-002,2026-03-25 21:31:38.271758,16.46,480.31,83.68,88.91,57.69,ANOMALY,ANOMALY,-0.6982
OVN-EV-001,2026-03-25 21:31:38.271758,14.99,405.34,34.35,33.16,79.07,Charging,Normal,-0.4454
OVN-EV-003,2026-03-25 21:31:41.226536,23.12,390.45,32.37,42.52,49.27,Charging,Normal,-0.4652
OVN-EV-002,2026-03-25 21:31:41.277032,16.21,414.8,35.97,31.23,60.7,Charging,Normal,-0.4884
OVN-EV-001,2026-03-25 21:31:41.283062,19.06,417.55,35.35,37.71,91.09,Charging,Normal,-0.5072
OVN-EV-003,2026-03-25 21:31:44.244929,11.67,392.19,30.27,42.79,92.29,Charging,Normal,-0.4983
OVN-EV-002,2026-03-25 21:31:44.295356,23.98,406.33,30.04,40.54,79.97,Charging,Normal,-0.469
OVN-EV-001,2026-03-25 21:31:44.298567,11.93,413.02,35.8,42.11,25.74,Charging,Normal,-0.5328
OVN-EV-003,2026-03-25 21:31:47.256863,17.12,389.63,31.57,35.71,68.46,Charging,Normal,-0.4368
OVN-EV-002,2026-03-25 21:31:47.319892,23.58,415.69,35.5,40.27,38.75,Charging,Normal,-0.4933
OVN-EV-001,2026-03-25 21:31:47.319892,22.1,410.07,34.65,34.45,20.15,Charging,Normal,-0.4937
OVN-EV-003,2026-03-25 21:31:50.257922,13.02,392.35,28.96,31.71,87.4,Charging,Normal,-0.5042
OVN-EV-002,2026-03-25 21:31:50.320857,17.47,418.87,29.66,34.63,24.2,Charging,Normal,-0.4968
OVN-EV-001,2026-03-25 21:31:50.320857,10.27,416.17,32.21,34.56,66.42,Charging,Normal,-0.4915
OVN-EV-003,2026-03-25 21:31:53.285562,18.8,416.74,30.48,31.62,20.97,Charging,Normal,-0.5078
OVN-EV-002,2026-03-25 21:31:53.293784,18.67,418.36,30.72,31.68,25.61,Charging,Normal,-0.5041
OVN-EV-001,2026-03-25 21:31:53.315361,10.82,395.21,34.37,36.34,44.55,Charging,Normal,-0.4795
OVN-EV-003,2026-03-25 21:31:56.297095,16.42,414.04,33.91,35.0,49.28,Charging,Normal,-0.441
OVN-EV-002,2026-03-25 21:31:56.297095,11.02,417.68,33.31,38.49,28.12,Charging,Normal,-0.5136
OVN-EV-001,2026-03-25 21:31:56.328764,19.81,414.05,32.34,32.79,61.04,Charging,Normal,-0.4463
OVN-EV-003,2026-03-25 21:31:59.313543,12.86,389.54,28.38,33.21,28.24,Charging,Normal,-0.5172
OVN-EV-002,2026-03-25 21:31:59.314588,10.8,397.12,32.71,34.42,64.52,Charging,Normal,-0.4663
OVN-EV-001,2026-03-25 21:31:59.330945,23.48,412.38,28.86,41.93,86.6,Charging,Normal,-0.4959
OVN-EV-003,2026-03-25 21:32:02.330206,17.8,406.73,30.38,30.46,40.02,Charging,Normal,-0.4554
OVN-EV-002,2026-03-25 21:32:02.333879,22.95,413.06,31.38,31.79,84.72,Charging,Normal,-0.4949
OVN-EV-001,2026-03-25 21:32:02.333879,16.47,398.28,29.79,42.49,80.23,Charging,Normal,-0.4516
OVN-EV-003,2026-03-25 21:32:05.346893,18.92,393.3,32.42,36.19,33.69,Charging,Normal,-0.4476
OVN-EV-002,2026-03-25 21:32:05.347897,13.87,393.37,28.82,34.37,69.35,Charging,Normal,-0.4575
OVN-EV-001,2026-03-25 21:32:05.348894,12.65,405.76,32.03,43.21,44.35,Charging,Normal,-0.4541
OVN-EV-003,2026-03-25 21:32:08.360562,15.68,411.98,33.77,31.46,39.59,Charging,Normal,-0.4531
OVN-EV-002,2026-03-25 21:32:08.360562,11.3,400.69,34.06,31.6,88.33,Charging,Normal,-0.4952
OVN-EV-001,2026-03-25 21:32:08.360562,14.68,393.52,33.39,33.4,34.66,Charging,Normal,-0.4468
OVN-EV-003,2026-03-25 21:32:11.380304,24.47,418.76,31.29,44.11,31.4,Charging,Normal,-0.5359
OVN-EV-002,2026-03-25 21:32:11.380304,14.46,387.32,34.16,42.69,51.87,Charging,Normal,-0.4524
OVN-EV-001,2026-03-25 21:32:11.381395,20.65,395.11,33.77,41.37,36.15,Charging,Normal,-0.448
OVN-EV-003,2026-03-25 21:32:14.395804,10.72,385.05,34.63,33.47,23.1,Charging,Normal,-0.5319
OVN-EV-002,2026-03-25 21:32:14.396971,15.57,390.65,28.9,35.16,79.15,Charging,Normal,-0.464
OVN-EV-001,2026-03-25 21:32:14.396971,10.35,393.1,32.72,33.17,88.35,Charging,Normal,-0.5073
OVN-EV-003,2026-03-25 21:32:17.409711,18.98,405.37,31.52,38.7,45.32,Charging,Normal,-0.4257
OVN-EV-002,2026-03-25 21:32:17.409711,15.08,413.34,32.57,30.17,67.1,Charging,Normal,-0.4712
OVN-EV-001,2026-03-25 21:32:17.409711,20.67,419.95,35.05,34.68,43.06,Charging,Normal,-0.4896
OVN-EV-003,2026-03-25 21:32:20.415280,21.85,387.68,31.66,31.56,72.57,Charging,Normal,-0.4708
OVN-EV-002,2026-03-25 21:32:20.415280,23.42,406.5,33.08,35.67,79.67,Charging,Normal,-0.4453
OVN-EV-001,2026-03-25 21:32:20.415280,21.05,380.11,32.99,32.23,41.88,Charging,Normal,-0.5005
OVN-EV-003,2026-03-25 21:32:23.421709,21.06,410.82,31.62,35.61,35.25,Charging,Normal,-0.4571
OVN-EV-002,2026-03-25 21:32:23.421709,12.06,413.33,31.13,39.17,45.11,Charging,Normal,-0.4569
OVN-EV-001,2026-03-25 21:32:23.421709,22.35,401.43,35.7,39.87,29.91,Charging,Normal,-0.4935
OVN-EV-003,2026-03-25 21:32:26.422052,15.9,385.46,29.93,38.69,69.31,Charging,Normal,-0.4438
OVN-EV-002,2026-03-25 21:32:26.422052,21.11,409.71,28.27,32.66,84.28,Charging,Normal,-0.5001
OVN-EV-001,2026-03-25 21:32:26.422052,24.63,395.96,30.0,36.95,69.64,Charging,Normal,-0.4683
OVN-EV-003,2026-03-25 21:32:29.444526,17.01,395.66,30.75,32.27,22.4,Charging,Normal,-0.4761
OVN-EV-002,2026-03-25 21:32:29.444526,23.44,402.03,34.97,34.43,54.03,Charging,Normal,-0.466
OVN-EV-001,2026-03-25 21:32:29.444526,15.03,404.06,30.37,38.1,58.46,Charging,Normal,-0.427
OVN-EV-003,2026-03-25 21:32:32.445585,11.02,398.07,33.33,36.56,53.41,Charging,Normal,-0.4527
OVN-EV-002,2026-03-25 21:32:32.445585,11.32,381.02,35.01,34.72,89.54,Charging,Normal,-0.5435
OVN-EV-001,2026-03-25 21:32:32.447406,21.42,381.76,35.67,44.57,26.73,Charging,Normal,-0.5406
OVN-EV-003,2026-03-25 21:32:35.442848,12.83,389.83,29.21,42.88,28.23,Charging,Normal,-0.4976
OVN-EV-002,2026-03-25 21:32:35.475167,21.11,388.88,30.67,30.33,68.28,Charging,Normal,-0.4898
OVN-EV-001,2026-03-25 21:32:35.475167,18.43,387.18,30.3,30.74,79.95,Charging,Normal,-0.4914
OVN-EV-003,2026-03-25 21:32:38.446765,21.04,483.71,82.45,83.02,68.34,ANOMALY,ANOMALY,-0.6748
OVN-EV-002,2026-03-25 21:32:38.477844,17.84,411.91,35.57,31.13,74.0,Charging,Normal,-0.5157
OVN-EV-001,2026-03-25 21:32:38.477844,13.93,407.36,31.29,38.81,74.25,Charging,Normal,-0.4378
OVN-EV-003,2026-03-25 21:32:41.457535,12.02,381.33,29.76,31.62,88.84,Charging,Normal,-0.5298
OVN-EV-002,2026-03-25 21:32:41.489355,10.26,397.38,34.1,37.73,78.11,Charging,Normal,-0.4904
OVN-EV-001,2026-03-25 21:32:41.489355,23.32,382.51,35.78,39.51,54.9,Charging,Normal,-0.5035
OVN-EV-003,2026-03-25 21:32:44.473352,21.74,406.24,29.9,41.69,68.16,Charging,Normal,-0.4477
OVN-EV-002,2026-03-25 21:32:44.473352,15.52,401.14,28.77,39.02,59.73,Charging,Normal,-0.443
OVN-EV-001,2026-03-25 21:32:44.473352,12.82,398.59,34.68,41.5,70.76,Charging,Normal,-0.4653
OVN-EV-003,2026-03-25 21:32:47.480731,16.49,410.15,32.16,33.45,33.39,Charging,Normal,-0.4538
OVN-EV-002,2026-03-25 21:32:47.480731,20.55,461.56,86.3,75.5,70.12,ANOMALY,ANOMALY,-0.6675
OVN-EV-001,2026-03-25 21:32:47.480731,18.53,402.19,35.95,33.54,93.32,Charging,Normal,-0.5303
OVN-EV-003,2026-03-25 21:32:50.497656,12.91,414.45,34.97,42.58,39.73,Charging,Normal,-0.4826
OVN-EV-002,2026-03-25 21:32:50.497656,18.66,492.22,85.72,81.92,70.61,ANOMALY,ANOMALY,-0.6706
OVN-EV-001,2026-03-25 21:32:50.498527,22.11,390.05,31.53,31.25,42.64,Charging,Normal,-0.4742
OVN-EV-003,2026-03-25 21:32:53.503570,12.41,386.36,32.69,39.34,76.94,Charging,Normal,-0.4743
OVN-EV-002,2026-03-25 21:32:53.503570,12.18,401.0,34.08,38.57,65.41,Charging,Normal,-0.4527
OVN-EV-001,2026-03-25 21:32:53.504709,10.19,389.6,33.52,42.15,93.31,Charging,Normal,-0.5571
OVN-EV-003,2026-03-25 21:32:56.509294,15.63,405.92,33.52,31.33,58.15,Charging,Normal,-0.4574
OVN-EV-002,2026-03-25 21:32:56.509294,15.57,381.5,31.18,42.99,24.61,Charging,Normal,-0.4992
OVN-EV-001,2026-03-25 21:32:56.510325,19.28,402.87,30.32,37.48,89.77,Charging,Normal,-0.4526
OVN-EV-003,2026-03-25 21:32:59.497885,14.53,411.58,34.64,33.81,80.65,Charging,Normal,-0.4618
OVN-EV-002,2026-03-25 21:32:59.498982,14.28,409.87,29.97,33.32,56.12,Charging,Normal,-0.4545
OVN-EV-001,2026-03-25 21:32:59.498982,14.02,404.47,33.84,38.27,88.42,Charging,Normal,-0.4554
OVN-EV-003,2026-03-25 21:33:02.513874,16.72,380.35,34.7,42.77,81.66,Charging,Normal,-0.4971
OVN-EV-002,2026-03-25 21:33:02.514456,17.15,392.49,31.24,44.99,62.65,Charging,Normal,-0.472
OVN-EV-001,2026-03-25 21:33:02.514456,21.96,407.17,31.8,42.45,38.7,Charging,Normal,-0.4511
OVN-EV-003,2026-03-25 21:33:05.517819,13.4,410.46,30.04,34.17,43.55,Charging,Normal,-0.4523
OVN-EV-002,2026-03-25 21:33:05.517819,10.81,402.26,29.77,35.77,36.88,Charging,Normal,-0.4748
OVN-EV-001,2026-03-25 21:33:05.517819,11.02,413.68,32.73,44.01,69.67,Charging,Normal,-0.4947
OVN-EV-003,2026-03-25 21:33:08.519941,14.35,413.21,29.03,38.89,48.17,Charging,Normal,-0.4515
OVN-EV-002,2026-03-25 21:33:08.519941,15.95,380.53,30.19,31.14,30.44,Charging,Normal,-0.505
OVN-EV-001,2026-03-25 21:33:08.519941,21.76,381.26,35.44,38.61,93.59,Charging,Normal,-0.5284
OVN-EV-003,2026-03-25 21:33:11.519669,13.32,383.24,31.09,33.04,20.81,Charging,Normal,-0.5037
OVN-EV-002,2026-03-25 21:33:11.519669,21.28,381.64,33.37,42.77,54.91,Charging,Normal,-0.4687
OVN-EV-001,2026-03-25 21:33:11.519669,18.09,391.51,34.4,43.98,49.82,Charging,Normal,-0.4591
OVN-EV-003,2026-03-25 21:33:14.520163,14.05,418.6,35.56,33.59,58.88,Charging,Normal,-0.4925
OVN-EV-002,2026-03-25 21:33:14.520163,13.18,390.77,33.88,34.54,82.77,Charging,Normal,-0.4538
OVN-EV-001,2026-03-25 21:33:14.520163,21.7,381.58,30.77,34.62,40.89,Charging,Normal,-0.4701
OVN-EV-003,2026-03-25 21:33:17.521367,14.3,388.94,31.68,32.36,57.23,Charging,Normal,-0.4522
OVN-EV-002,2026-03-25 21:33:17.521806,21.04,413.38,30.07,39.8,39.13,Charging,Normal,-0.4453
OVN-EV-001,2026-03-25 21:33:17.521806,22.0,482.53,99.4,83.4,60.07,ANOMALY,ANOMALY,-0.6972
OVN-EV-003,2026-03-25 21:33:20.524769,20.64,411.84,29.98,44.06,83.46,Charging,Normal,-0.4808
OVN-EV-002,2026-03-25 21:33:20.524769,23.44,381.15,33.57,42.89,41.3,Charging,Normal,-0.4863
OVN-EV-001,2026-03-25 21:33:20.525787,11.72,382.15,28.58,30.55,73.52,Charging,Normal,-0.5398
OVN-EV-003,2026-03-25 21:33:23.517731,24.05,388.93,30.33,31.92,69.21,Charging,Normal,-0.4843
OVN-EV-002,2026-03-25 21:33:23.539620,20.75,394.29,28.41,33.11,45.3,Charging,Normal,-0.4672
OVN-EV-001,2026-03-25 21:33:23.539620,19.01,409.29,29.36,39.85,42.57,Charging,Normal,-0.4457
OVN-EV-003,2026-03-25 21:33:26.532110,21.99,499.59,88.6,84.58,30.91,ANOMALY,ANOMALY,-0.7198
OVN-EV-002,2026-03-25 21:33:26.532942,14.02,390.75,35.44,42.28,59.14,Charging,Normal,-0.464
OVN-EV-001,2026-03-25 21:33:26.532942,24.91,401.1,34.53,33.57,67.57,Charging,Normal,-0.4881
OVN-EV-003,2026-03-25 21:33:29.537224,19.16,384.72,32.63,32.86,84.76,Charging,Normal,-0.4718
OVN-EV-002,2026-03-25 21:33:29.537697,18.55,416.62,33.7,42.47,23.01,Charging,Normal,-0.4975
OVN-EV-001,2026-03-25 21:33:29.538157,23.91,418.58,29.1,41.23,38.55,Charging,Normal,-0.5104
OVN-EV-003,2026-03-25 21:33:32.549881,10.39,410.03,30.14,39.37,90.84,Charging,Normal,-0.5178
OVN-EV-002,2026-03-25 21:33:32.550230,23.02,387.69,35.43,33.85,52.17,Charging,Normal,-0.4738
OVN-EV-001,2026-03-25 21:33:32.551243,23.1,384.9,31.01,40.18,46.48,Charging,Normal,-0.4624
OVN-EV-003,2026-03-25 21:33:35.567131,13.44,406.03,32.13,43.44,53.05,Charging,Normal,-0.4556
OVN-EV-002,2026-03-25 21:33:35.567131,14.6,413.29,28.74,41.6,39.31,Charging,Normal,-0.4711
OVN-EV-001,2026-03-25 21:33:35.568205,21.49,410.86,34.87,40.84,56.46,Charging,Normal,-0.4446
OVN-EV-003,2026-03-25 21:33:38.579580,16.12,395.92,28.6,41.96,71.24,Charging,Normal,-0.4631
OVN-EV-002,2026-03-25 21:33:38.579580,23.01,383.67,33.59,36.0,88.87,Charging,Normal,-0.498
OVN-EV-001,2026-03-25 21:33:38.579580,19.75,416.36,33.2,43.75,63.73,Charging,Normal,-0.4571
OVN-EV-003,2026-03-25 21:33:41.582236,24.49,410.96,31.42,38.44,68.84,Charging,Normal,-0.4719
OVN-EV-002,2026-03-25 21:33:41.584754,13.35,394.14,28.04,34.8,28.49,Charging,Normal,-0.496
OVN-EV-001,2026-03-25 21:33:41.585718,11.63,394.28,31.8,38.36,71.74,Charging,Normal,-0.4575
OVN-EV-003,2026-03-25 21:33:44.579290,14.08,404.79,31.97,34.01,24.08,Charging,Normal,-0.4695
OVN-EV-002,2026-03-25 21:33:44.579290,20.12,397.45,28.79,44.29,67.13,Charging,Normal,-0.4771
OVN-EV-001,2026-03-25 21:33:44.610729,12.11,418.03,34.51,40.32,70.11,Charging,Normal,-0.4831
OVN-EV-003,2026-03-25 21:33:47.581666,23.51,397.92,32.1,37.91,51.91,Charging,Normal,-0.4488
OVN-EV-002,2026-03-25 21:33:47.581666,14.5,457.82,88.42,89.24,69.82,ANOMALY,ANOMALY,-0.6834
OVN-EV-001,2026-03-25 21:33:47.613843,13.62,400.77,31.6,43.92,92.9,Charging,Normal,-0.489
OVN-EV-002,2026-03-25 21:33:50.581805,10.96,410.94,33.94,30.92,61.88,Charging,Normal,-0.5067
OVN-EV-003,2026-03-25 21:33:50.582817,13.32,391.69,32.92,42.52,70.17,Charging,Normal,-0.4478
OVN-EV-001,2026-03-25 21:33:50.616092,22.39,393.02,30.88,43.95,49.6,Charging,Normal,-0.4588
OVN-EV-002,2026-03-25 21:33:53.590226,23.37,396.63,32.6,37.18,43.52,Charging,Normal,-0.45
OVN-EV-003,2026-03-25 21:33:53.590226,23.0,398.84,35.07,40.59,47.12,Charging,Normal,-0.454
OVN-EV-001,2026-03-25 21:33:53.591328,22.8,395.01,32.57,35.28,83.08,Charging,Normal,-0.4556
OVN-EV-002,2026-03-25 21:33:56.601947,15.97,454.85,80.1,77.78,64.22,ANOMALY,ANOMALY,-0.6762
OVN-EV-003,2026-03-25 21:33:56.601947,17.38,399.75,32.2,34.45,92.08,Charging,Normal,-0.4523
OVN-EV-001,2026-03-25 21:33:56.601947,15.43,414.47,29.4,35.28,94.58,Charging,Normal,-0.5175
OVN-EV-002,2026-03-25 21:33:59.613362,22.44,402.71,33.94,30.02,33.85,Charging,Normal,-0.4999
OVN-EV-003,2026-03-25 21:33:59.613362,23.68,419.48,29.32,38.16,40.84,Charging,Normal,-0.501
OVN-EV-001,2026-03-25 21:33:59.613362,20.1,389.64,32.35,32.36,74.03,Charging,Normal,-0.4497
OVN-EV-002,2026-03-25 21:34:02.625670,18.98,460.56,93.24,72.91,80.08,ANOMALY,ANOMALY,-0.6777
OVN-EV-003,2026-03-25 21:34:02.625670,13.08,402.96,34.98,39.39,45.06,Charging,Normal,-0.4536
OVN-EV-001,2026-03-25 21:34:02.625670,20.88,394.42,34.84,32.79,85.36,Charging,Normal,-0.4779
OVN-EV-002,2026-03-25 21:34:05.635240,11.95,400.95,34.71,42.7,87.44,Charging,Normal,-0.4926
OVN-EV-003,2026-03-25 21:34:05.635240,24.1,396.08,29.79,37.74,80.13,Charging,Normal,-0.4709
OVN-EV-001,2026-03-25 21:34:05.635240,14.41,414.74,32.97,30.79,33.44,Charging,Normal,-0.5051
OVN-EV-002,2026-03-25 21:34:08.642843,18.59,402.17,33.68,37.96,31.87,Charging,Normal,-0.4412
OVN-EV-003,2026-03-25 21:34:08.642843,20.87,406.27,33.33,40.24,69.22,Charging,Normal,-0.432
OVN-EV-001,2026-03-25 21:34:08.643906,15.02,418.46,31.29,33.6,36.94,Charging,Normal,-0.4828
OVN-EV-002,2026-03-25 21:34:11.646908,21.33,412.18,31.67,36.69,71.17,Charging,Normal,-0.4427
OVN-EV-003,2026-03-25 21:34:11.646908,19.28,389.39,33.74,30.69,43.11,Charging,Normal,-0.4741
OVN-EV-001,2026-03-25 21:34:11.646908,24.37,382.58,34.7,30.26,33.24,Charging,Normal,-0.5526
OVN-EV-002,2026-03-25 21:34:14.654507,13.62,393.08,30.72,42.19,35.03,Charging,Normal,-0.4601
OVN-EV-003,2026-03-25 21:34:14.655270,24.16,380.05,32.02,32.69,87.45,Charging,Normal,-0.5189
OVN-EV-001,2026-03-25 21:34:14.655270,10.03,395.99,33.02,32.36,38.65,Charging,Normal,-0.5101
OVN-EV-002,2026-03-25 21:34:17.665278,16.03,409.93,34.65,38.66,72.58,Charging,Normal,-0.4399
OVN-EV-003,2026-03-25 21:34:17.665278,11.04,394.55,28.57,42.19,21.27,Charging,Normal,-0.538
OVN-EV-001,2026-03-25 21:34:17.666484,18.31,403.5,33.04,39.29,88.19,Charging,Normal,-0.4463
OVN-EV-002,2026-03-25 21:34:20.659130,15.72,408.57,32.38,41.15,24.37,Charging,Normal,-0.453
OVN-EV-003,2026-03-25 21:34:20.660365,17.51,403.03,30.74,44.52,82.17,Charging,Normal,-0.4681
OVN-EV-001,2026-03-25 21:34:20.690274,10.72,412.8,29.88,37.32,33.62,Charging,Normal,-0.4869
OVN-EV-002,2026-03-25 21:34:23.666155,23.26,395.87,29.56,37.18,53.41,Charging,Normal,-0.4554
OVN-EV-003,2026-03-25 21:34:23.666155,16.62,381.92,29.56,35.62,72.44,Charging,Normal,-0.4635
OVN-EV-001,2026-03-25 21:34:23.667422,10.37,399.54,34.81,38.57,91.19,Charging,Normal,-0.5282
OVN-EV-002,2026-03-25 21:34:26.670222,22.35,395.96,34.46,32.98,59.05,Charging,Normal,-0.4564
OVN-EV-003,2026-03-25 21:34:26.670222,13.05,382.22,28.49,36.76,76.75,Charging,Normal,-0.4922
OVN-EV-001,2026-03-25 21:34:26.671299,15.61,393.28,34.02,30.83,84.66,Charging,Normal,-0.4878
OVN-EV-002,2026-03-25 21:34:29.684221,12.34,401.65,28.08,37.57,72.52,Charging,Normal,-0.4734
OVN-EV-003,2026-03-25 21:34:29.684221,10.67,478.81,91.76,89.13,21.67,ANOMALY,ANOMALY,-0.7169
OVN-EV-001,2026-03-25 21:34:29.685320,14.03,393.97,32.8,34.2,78.88,Charging,Normal,-0.4408
OVN-EV-002,2026-03-25 21:34:32.699867,15.79,387.19,30.68,30.17,83.36,Charging,Normal,-0.4946
OVN-EV-003,2026-03-25 21:34:32.700865,18.02,416.94,29.68,36.71,51.03,Charging,Normal,-0.4473
OVN-EV-001,2026-03-25 21:34:32.703356,15.06,398.53,32.43,35.92,81.42,Charging,Normal,-0.4393
OVN-EV-002,2026-03-25 21:34:35.713166,11.27,381.96,28.57,44.38,30.54,Charging,Normal,-0.5402
OVN-EV-003,2026-03-25 21:34:35.713166,12.22,396.43,34.33,44.57,69.68,Charging,Normal,-0.4882
OVN-EV-001,2026-03-25 21:34:35.714263,14.89,410.35,33.89,30.21,64.4,Charging,Normal,-0.4835
OVN-EV-002,2026-03-25 21:34:38.721810,10.7,419.42,34.57,35.03,63.46,Charging,Normal,-0.5194
OVN-EV-003,2026-03-25 21:34:38.721810,13.96,396.53,29.22,30.47,29.64,Charging,Normal,-0.4866
OVN-EV-001,2026-03-25 21:34:38.722897,15.24,394.45,35.12,38.68,46.54,Charging,Normal,-0.447
OVN-EV-002,2026-03-25 21:34:41.735311,10.81,386.81,32.91,35.93,21.54,Charging,Normal,-0.5271
OVN-EV-003,2026-03-25 21:34:41.735311,15.58,403.78,33.81,31.51,80.67,Charging,Normal,-0.4656
OVN-EV-001,2026-03-25 21:34:41.735311,18.27,411.43,33.04,36.72,86.68,Charging,Normal,-0.4552
OVN-EV-002,2026-03-25 21:34:44.738717,14.71,411.28,34.98,35.17,84.19,Charging,Normal,-0.4695
OVN-EV-003,2026-03-25 21:34:44.738717,20.34,413.61,33.32,31.76,29.49,Charging,Normal,-0.4943
OVN-EV-001,2026-03-25 21:34:44.739808,10.4,402.58,34.02,41.81,71.08,Charging,Normal,-0.4938
OVN-EV-002,2026-03-25 21:34:47.753159,12.02,382.78,32.19,38.66,77.75,Charging,Normal,-0.4915
OVN-EV-003,2026-03-25 21:34:47.753159,13.27,416.97,31.37,39.59,55.3,Charging,Normal,-0.4594
OVN-EV-001,2026-03-25 21:34:47.754157,18.67,414.21,35.27,39.34,21.14,Charging,Normal,-0.5159
OVN-EV-002,2026-03-25 21:34:50.771957,17.57,407.74,34.31,44.98,48.22,Charging,Normal,-0.4681
OVN-EV-003,2026-03-25 21:34:50.771957,18.1,407.97,30.46,40.96,75.2,Charging,Normal,-0.4374
OVN-EV-001,2026-03-25 21:34:50.773024,13.17,396.07,35.85,32.5,47.27,Charging,Normal,-0.4877
OVN-EV-002,2026-03-25 21:34:53.787521,23.38,401.99,35.75,35.0,56.89,Charging,Normal,-0.4741
OVN-EV-003,2026-03-25 21:34:53.787521,11.57,387.35,34.25,42.6,46.11,Charging,Normal,-0.4849
OVN-EV-001,2026-03-25 21:34:53.787521,22.66,416.61,34.25,38.1,83.69,Charging,Normal,-0.487
OVN-EV-002,2026-03-25 21:34:56.789427,14.47,387.92,29.7,31.24,35.44,Charging,Normal,-0.4751
OVN-EV-003,2026-03-25 21:34:56.789427,17.12,391.55,32.44,40.2,41.3,Charging,Normal,-0.4349
OVN-EV-001,2026-03-25 21:34:56.790476,15.25,392.37,29.93,43.08,48.07,Charging,Normal,-0.4471
OVN-EV-002,2026-03-25 21:34:59.806002,15.44,382.88,31.41,35.42,61.34,Charging,Normal,-0.4455
OVN-EV-003,2026-03-25 21:34:59.811984,16.69,405.01,30.78,35.0,69.44,Charging,Normal,-0.4304
OVN-EV-001,2026-03-25 21:34:59.841287,11.06,398.24,31.69,36.09,54.25,Charging,Normal,-0.4669
OVN-EV-002,2026-03-25 21:35:02.813879,24.89,409.65,29.13,33.56,46.6,Charging,Normal,-0.4997
OVN-EV-003,2026-03-25 21:35:02.846273,13.18,388.95,30.8,36.25,81.53,Charging,Normal,-0.4569
OVN-EV-001,2026-03-25 21:35:02.846273,13.61,480.23,82.02,83.6,66.6,ANOMALY,ANOMALY,-0.6729
OVN-EV-002,2026-03-25 21:35:05.821160,11.38,400.0,32.23,40.63,92.86,Charging,Normal,-0.4889
OVN-EV-003,2026-03-25 21:35:05.853468,21.34,406.81,28.7,37.18,89.5,Charging,Normal,-0.4731
OVN-EV-001,2026-03-25 21:35:05.853468,12.65,396.62,31.08,35.6,90.1,Charging,Normal,-0.4733
OVN-EV-002,2026-03-25 21:35:08.817927,17.28,402.02,30.83,43.4,80.94,Charging,Normal,-0.4518
OVN-EV-003,2026-03-25 21:35:08.871096,19.11,393.44,28.65,32.84,49.2,Charging,Normal,-0.4638
OVN-EV-001,2026-03-25 21:35:08.871096,18.08,406.01,31.91,44.42,86.97,Charging,Normal,-0.4686
OVN-EV-002,2026-03-25 21:35:11.821396,12.45,397.2,32.7,42.69,73.9,Charging,Normal,-0.466
OVN-EV-003,2026-03-25 21:35:11.891515,11.94,401.62,30.34,42.6,76.2,Charging,Normal,-0.4659
OVN-EV-001,2026-03-25 21:35:11.924849,10.17,388.09,35.55,31.03,27.13,Charging,Normal,-0.5706
OVN-EV-002,2026-03-25 21:35:14.821469,17.75,418.74,35.41,35.63,91.98,Charging,Normal,-0.5137
OVN-EV-003,2026-03-25 21:35:14.947044,17.41,414.55,29.2,38.0,73.82,Charging,Normal,-0.4525
OVN-EV-001,2026-03-25 21:35:14.947044,15.29,412.67,29.66,32.4,54.62,Charging,Normal,-0.4485
OVN-EV-002,2026-03-25 21:35:17.820223,23.29,396.59,35.86,42.59,68.61,Charging,Normal,-0.4878
OVN-EV-003,2026-03-25 21:35:17.966335,14.6,401.08,29.39,41.6,44.17,Charging,Normal,-0.4416
OVN-EV-001,2026-03-25 21:35:17.966335,17.1,392.72,28.18,39.71,33.73,Charging,Normal,-0.4925
OVN-EV-002,2026-03-25 21:35:20.824296,21.75,394.84,28.91,39.28,41.29,Charging,Normal,-0.4475
OVN-EV-003,2026-03-25 21:35:20.966628,18.88,410.98,28.81,32.19,65.08,Charging,Normal,-0.4555
OVN-EV-001,2026-03-25 21:35:20.966628,20.8,416.96,32.44,39.9,54.07,Charging,Normal,-0.4568
OVN-EV-002,2026-03-25 21:35:23.840796,10.3,416.85,35.48,40.32,69.2,Charging,Normal,-0.5142
OVN-EV-003,2026-03-25 21:35:23.982840,17.59,401.51,30.59,37.77,55.23,Charging,Normal,-0.4228
OVN-EV-001,2026-03-25 21:35:23.983792,17.26,408.76,35.24,42.04,81.06,Charging,Normal,-0.4697
OVN-EV-002,2026-03-25 21:35:26.859848,16.56,391.53,29.74,41.2,66.65,Charging,Normal,-0.4421
OVN-EV-003,2026-03-25 21:35:26.997789,15.77,395.37,30.98,36.95,33.62,Charging,Normal,-0.433
OVN-EV-001,2026-03-25 21:35:26.999018,19.32,396.06,33.01,42.57,68.48,Charging,Normal,-0.4368
OVN-EV-002,2026-03-25 21:35:29.870299,11.52,382.0,28.68,38.25,22.15,Charging,Normal,-0.5308
OVN-EV-003,2026-03-25 21:35:29.995939,22.07,400.15,34.35,33.63,58.63,Charging,Normal,-0.4536
OVN-EV-001,2026-03-25 21:35:29.997038,14.67,382.0,35.52,42.19,59.77,Charging,Normal,-0.4821
OVN-EV-002,2026-03-25 21:35:32.884155,13.01,385.6,35.01,44.15,42.59,Charging,Normal,-0.5102
OVN-EV-003,2026-03-25 21:35:33.020115,10.3,419.2,33.11,40.26,53.75,Charging,Normal,-0.5063
OVN-EV-001,2026-03-25 21:35:33.021257,20.81,418.95,30.5,40.12,22.09,Charging,Normal,-0.5099
OVN-EV-002,2026-03-25 21:35:35.905628,19.38,418.86,32.5,38.11,87.24,Charging,Normal,-0.4678
OVN-EV-003,2026-03-25 21:35:36.022214,11.95,419.26,30.97,37.28,47.88,Charging,Normal,-0.4791
OVN-EV-001,2026-03-25 21:35:36.022594,12.28,399.53,35.08,37.57,61.06,Charging,Normal,-0.4596
OVN-EV-002,2026-03-25 21:35:38.918624,20.03,414.71,33.08,32.99,28.87,Charging,Normal,-0.4959
OVN-EV-003,2026-03-25 21:35:39.020740,15.17,384.41,31.26,37.53,22.8,Charging,Normal,-0.4854
OVN-EV-001,2026-03-25 21:35:39.020740,12.87,407.65,32.38,34.72,28.88,Charging,Normal,-0.4725
OVN-EV-002,2026-03-25 21:35:41.937163,13.06,384.14,32.65,31.19,30.66,Charging,Normal,-0.5064
OVN-EV-003,2026-03-25 21:35:42.020240,18.96,410.15,29.55,37.19,61.64,Charging,Normal,-0.4431
OVN-EV-001,2026-03-25 21:35:42.020240,21.07,407.12,35.94,44.8,72.78,Charging,Normal,-0.5027
OVN-EV-002,2026-03-25 21:35:44.951024,21.37,396.65,30.26,32.71,48.65,Charging,Normal,-0.4514
OVN-EV-003,2026-03-25 21:35:45.018830,10.83,392.43,35.66,44.4,32.39,Charging,Normal,-0.5442
OVN-EV-001,2026-03-25 21:35:45.019912,12.72,416.53,31.82,30.85,37.43,Charging,Normal,-0.5174
OVN-EV-002,2026-03-25 21:35:47.966861,13.3,389.36,30.07,35.75,21.82,Charging,Normal,-0.4908
OVN-EV-003,2026-03-25 21:35:48.017564,24.62,380.71,29.56,31.87,36.31,Charging,Normal,-0.5216
OVN-EV-001,2026-03-25 21:35:48.017564,22.68,382.19,35.98,42.89,36.59,Charging,Normal,-0.5298
OVN-EV-002,2026-03-25 21:35:50.974904,16.63,402.14,31.02,43.62,93.45,Charging,Normal,-0.4902
OVN-EV-003,2026-03-25 21:35:51.024888,18.82,387.35,28.95,37.83,25.73,Charging,Normal,-0.4971
OVN-EV-001,2026-03-25 21:35:51.025904,10.95,389.12,35.99,40.31,91.33,Charging,Normal,-0.5518
OVN-EV-002,2026-03-25 21:35:53.967878,18.6,392.95,28.32,30.69,64.36,Charging,Normal,-0.4834
OVN-EV-003,2026-03-25 21:35:54.037322,16.45,418.13,28.25,30.86,64.8,Charging,Normal,-0.5077
OVN-EV-001,2026-03-25 21:35:54.037322,20.77,493.15,89.76,83.33,36.2,ANOMALY,ANOMALY,-0.6855
OVN-EV-002,2026-03-25 21:35:56.986762,16.48,383.48,29.86,38.71,21.75,Charging,Normal,-0.4977
OVN-EV-003,2026-03-25 21:35:57.050642,18.03,388.69,31.7,43.89,43.75,Charging,Normal,-0.4632
OVN-EV-001,2026-03-25 21:35:57.051707,13.86,394.32,33.74,38.8,56.54,Charging,Normal,-0.4247
OVN-EV-002,2026-03-25 21:35:59.995978,20.38,385.82,30.49,36.0,70.73,Charging,Normal,-0.4494
OVN-EV-003,2026-03-25 21:36:00.057818,16.41,380.67,30.54,33.86,33.05,Charging,Normal,-0.4785
OVN-EV-001,2026-03-25 21:36:00.057818,21.28,404.74,31.5,38.39,64.52,Charging,Normal,-0.4347
OVN-EV-002,2026-03-25 21:36:03.001667,10.06,471.33,91.92,80.05,42.12,ANOMALY,ANOMALY,-0.71
OVN-EV-003,2026-03-25 21:36:03.067432,15.89,389.0,33.36,31.14,85.33,Charging,Normal,-0.4854
OVN-EV-001,2026-03-25 21:36:03.067852,13.2,390.71,30.24,34.31,75.43,Charging,Normal,-0.4685
OVN-EV-002,2026-03-25 21:36:06.017104,14.25,390.88,35.34,39.36,91.02,Charging,Normal,-0.4876
OVN-EV-003,2026-03-25 21:36:06.067258,23.14,394.23,31.76,38.79,38.48,Charging,Normal,-0.4448
OVN-EV-001,2026-03-25 21:36:06.067891,13.59,381.76,32.63,30.35,42.96,Charging,Normal,-0.5075
OVN-EV-002,2026-03-25 21:36:09.032398,21.05,400.21,34.53,38.09,30.99,Charging,Normal,-0.4635
OVN-EV-003,2026-03-25 21:36:09.066027,23.29,394.43,35.5,38.19,73.92,Charging,Normal,-0.4701
OVN-EV-001,2026-03-25 21:36:09.066027,22.9,403.6,31.12,43.27,44.42,Charging,Normal,-0.453
OVN-EV-002,2026-03-25 21:36:12.043116,16.43,419.65,31.24,38.64,92.47,Charging,Normal,-0.4945
OVN-EV-003,2026-03-25 21:36:12.043116,11.93,411.31,33.58,43.91,90.21,Charging,Normal,-0.4962
OVN-EV-001,2026-03-25 21:36:12.043116,11.22,419.65,29.94,39.49,54.26,Charging,Normal,-0.5039
OVN-EV-002,2026-03-25 21:36:15.047075,13.83,388.11,28.69,32.26,77.76,Charging,Normal,-0.4881
OVN-EV-003,2026-03-25 21:36:15.047075,11.82,419.26,28.09,33.7,86.06,Charging,Normal,-0.5384
OVN-EV-001,2026-03-25 21:36:15.048183,23.01,387.88,35.51,39.54,47.22,Charging,Normal,-0.475
OVN-EV-002,2026-03-25 21:36:18.051728,20.72,409.59,33.33,31.67,65.22,Charging,Normal,-0.4619
OVN-EV-003,2026-03-25 21:36:18.051728,21.09,401.98,29.26,30.6,33.32,Charging,Normal,-0.5075
OVN-EV-001,2026-03-25 21:36:18.052796,24.93,476.41,98.81,76.51,82.84,ANOMALY,ANOMALY,-0.7154
OVN-EV-002,2026-03-25 21:36:21.054592,23.52,396.69,35.57,42.77,69.31,Charging,Normal,-0.4789
OVN-EV-003,2026-03-25 21:36:21.054592,24.38,418.09,33.53,32.02,38.76,Charging,Normal,-0.5206
OVN-EV-001,2026-03-25 21:36:21.054592,23.69,384.17,31.09,33.69,52.66,Charging,Normal,-0.4713
OVN-EV-002,2026-03-25 21:36:24.055881,23.41,391.84,28.35,44.08,87.93,Charging,Normal,-0.5386
OVN-EV-003,2026-03-25 21:36:24.056191,23.43,402.45,32.11,32.85,55.95,Charging,Normal,-0.4404
OVN-EV-001,2026-03-25 21:36:24.056191,13.27,414.24,31.84,30.84,71.66,Charging,Normal,-0.4862
OVN-EV-002,2026-03-25 21:36:27.066804,11.73,461.3,99.2,84.64,94.03,ANOMALY,ANOMALY,-0.7298
OVN-EV-003,2026-03-25 21:36:27.066804,12.71,410.18,35.54,36.0,83.61,Charging,Normal,-0.4986
OVN-EV-001,2026-03-25 21:36:27.066804,13.29,407.33,29.33,36.07,28.17,Charging,Normal,-0.4714
OVN-EV-002,2026-03-25 21:36:30.070001,22.93,397.05,34.63,44.16,94.82,Charging,Normal,-0.5339
OVN-EV-003,2026-03-25 21:36:30.071072,23.94,384.3,32.56,44.06,87.04,Charging,Normal,-0.5209
OVN-EV-001,2026-03-25 21:36:30.072080,10.87,413.28,31.5,32.15,71.15,Charging,Normal,-0.4988
OVN-EV-002,2026-03-25 21:36:33.066588,11.9,419.64,34.38,41.46,84.01,Charging,Normal,-0.5142
OVN-EV-003,2026-03-25 21:36:33.086120,17.35,387.6,29.57,44.61,82.3,Charging,Normal,-0.4851
OVN-EV-001,2026-03-25 21:36:33.086120,17.37,403.66,34.5,37.66,23.2,Charging,Normal,-0.4667
OVN-EV-002,2026-03-25 21:36:36.084183,24.76,383.65,32.13,32.14,48.6,Charging,Normal,-0.5087
OVN-EV-003,2026-03-25 21:36:36.084183,22.74,401.74,33.87,41.01,24.46,Charging,Normal,-0.4748
OVN-EV-001,2026-03-25 21:36:36.084183,17.84,391.5,31.2,36.8,82.11,Charging,Normal,-0.4392
OVN-EV-002,2026-03-25 21:36:39.085652,14.47,414.11,34.62,33.91,23.98,Charging,Normal,-0.4924
OVN-EV-003,2026-03-25 21:36:39.086741,14.3,404.43,34.51,43.88,89.17,Charging,Normal,-0.4821
OVN-EV-001,2026-03-25 21:36:39.087464,10.0,380.16,32.91,43.91,59.55,Charging,Normal,-0.5511
OVN-EV-002,2026-03-25 21:36:42.102117,20.0,394.06,28.04,32.49,50.52,Charging,Normal,-0.4741
OVN-EV-003,2026-03-25 21:36:42.102117,19.88,381.07,30.82,30.96,65.01,Charging,Normal,-0.4843
OVN-EV-001,2026-03-25 21:36:42.103386,17.4,499.03,97.03,83.38,36.95,ANOMALY,ANOMALY,-0.6922
OVN-EV-002,2026-03-25 21:36:45.102396,22.74,384.9,28.14,31.67,33.37,Charging,Normal,-0.5142
OVN-EV-003,2026-03-25 21:36:45.102396,13.46,484.67,90.86,78.91,76.64,ANOMALY,ANOMALY,-0.6651
OVN-EV-001,2026-03-25 21:36:45.103922,19.15,391.63,33.58,38.93,84.32,Charging,Normal,-0.4495
OVN-EV-002,2026-03-25 21:36:48.103750,19.55,404.1,32.99,31.99,26.07,Charging,Normal,-0.4685
OVN-EV-003,2026-03-25 21:36:48.105040,12.72,385.64,32.91,41.41,62.81,Charging,Normal,-0.4543
OVN-EV-001,2026-03-25 21:36:48.105364,24.41,380.26,28.35,34.43,29.09,Charging,Normal,-0.5396
OVN-EV-002,2026-03-25 21:36:51.118947,22.86,384.91,35.55,41.85,48.24,Charging,Normal,-0.4939
OVN-EV-003,2026-03-25 21:36:51.118947,10.43,396.9,34.37,41.62,47.11,Charging,Normal,-0.4875
OVN-EV-001,2026-03-25 21:36:51.120138,17.42,408.18,31.2,35.28,74.9,Charging,Normal,-0.4302
OVN-EV-002,2026-03-25 21:36:54.135975,13.86,408.21,31.55,36.8,22.89,Charging,Normal,-0.4663
OVN-EV-003,2026-03-25 21:36:54.137095,20.66,381.78,32.36,36.21,54.98,Charging,Normal,-0.446
OVN-EV-001,2026-03-25 21:36:54.137095,13.66,464.05,99.45,77.48,37.74,ANOMALY,ANOMALY,-0.6928
OVN-EV-002,2026-03-25 21:36:57.149525,22.96,417.49,29.53,36.32,44.96,Charging,Normal,-0.4627
OVN-EV-003,2026-03-25 21:36:57.149525,23.2,414.81,34.57,41.93,35.03,Charging,Normal,-0.4866
OVN-EV-001,2026-03-25 21:36:57.149525,23.32,396.0,33.82,30.92,83.18,Charging,Normal,-0.4837
OVN-EV-002,2026-03-25 21:37:00.173601,10.93,475.66,81.13,71.81,40.19,ANOMALY,ANOMALY,-0.6937
OVN-EV-003,2026-03-25 21:37:00.209360,23.59,404.73,31.9,41.68,58.41,Charging,Normal,-0.4504
OVN-EV-001,2026-03-25 21:37:00.218924,20.49,395.41,33.29,36.73,80.29,Charging,Normal,-0.4354
OVN-EV-002,2026-03-25 21:37:03.217600,13.5,381.98,34.36,42.09,33.87,Charging,Normal,-0.486
OVN-EV-003,2026-03-25 21:37:03.217600,12.55,386.89,34.89,36.2,55.12,Charging,Normal,-0.4589
OVN-EV-001,2026-03-25 21:37:03.218687,23.92,408.17,33.97,40.08,77.36,Charging,Normal,-0.4622
OVN-EV-002,2026-03-25 21:37:06.219091,10.23,407.81,31.69,42.87,73.12,Charging,Normal,-0.5008
OVN-EV-003,2026-03-25 21:37:06.219715,23.06,384.98,35.28,33.54,50.06,Charging,Normal,-0.4888
OVN-EV-001,2026-03-25 21:37:06.219715,18.55,413.62,29.24,36.39,20.85,Charging,Normal,-0.492
OVN-EV-002,2026-03-25 21:37:09.215548,16.56,385.25,36.0,44.66,85.8,Charging,Normal,-0.5186
OVN-EV-003,2026-03-25 21:37:09.215548,10.91,417.3,32.33,34.99,61.32,Charging,Normal,-0.4904
OVN-EV-001,2026-03-25 21:37:09.215548,10.91,404.6,35.94,30.79,46.77,Charging,Normal,-0.527
OVN-EV-002,2026-03-25 21:37:12.218508,23.18,415.42,28.87,44.6,45.5,Charging,Normal,-0.5089
OVN-EV-003,2026-03-25 21:37:12.219157,17.58,391.33,28.56,39.67,23.71,Charging,Normal,-0.4851
OVN-EV-001,2026-03-25 21:37:12.219157,24.81,410.92,29.06,40.89,86.17,Charging,Normal,-0.5133
OVN-EV-002,2026-03-25 21:37:15.220447,21.65,403.94,32.69,37.3,50.42,Charging,Normal,-0.4329
OVN-EV-003,2026-03-25 21:37:15.220447,24.14,408.77,31.31,40.66,47.76,Charging,Normal,-0.4658
OVN-EV-001,2026-03-25 21:37:15.220447,22.24,385.82,32.53,43.43,86.16,Charging,Normal,-0.4869
OVN-EV-002,2026-03-25 21:37:18.230533,20.32,392.57,33.18,36.46,73.31,Charging,Normal,-0.4286
OVN-EV-003,2026-03-25 21:37:18.231718,11.29,396.61,30.81,30.82,36.58,Charging,Normal,-0.4963
OVN-EV-001,2026-03-25 21:37:18.232714,20.83,413.48,30.41,32.07,37.35,Charging,Normal,-0.4726
OVN-EV-002,2026-03-25 21:37:21.240017,10.26,380.02,31.91,34.77,80.94,Charging,Normal,-0.5194
OVN-EV-003,2026-03-25 21:37:21.240017,16.87,400.06,30.92,34.5,84.59,Charging,Normal,-0.4567
OVN-EV-001,2026-03-25 21:37:21.240017,22.04,393.13,32.67,36.17,61.54,Charging,Normal,-0.4365
OVN-EV-002,2026-03-25 21:37:24.246364,23.73,396.54,35.11,32.3,40.67,Charging,Normal,-0.5018
OVN-EV-003,2026-03-25 21:37:24.246364,23.67,383.67,35.81,35.37,93.86,Charging,Normal,-0.5471
OVN-EV-001,2026-03-25 21:37:24.246364,11.61,398.65,31.96,42.99,92.57,Charging,Normal,-0.4893
OVN-EV-002,2026-03-25 21:37:27.251013,21.71,450.86,87.2,88.24,55.54,ANOMALY,ANOMALY,-0.692
OVN-EV-003,2026-03-25 21:37:27.251013,16.61,411.9,30.9,30.44,26.95,Charging,Normal,-0.4911
OVN-EV-001,2026-03-25 21:37:27.251013,18.58,482.76,91.81,84.83,59.31,ANOMALY,ANOMALY,-0.6683
OVN-EV-002,2026-03-25 21:37:30.258300,11.57,395.76,28.19,43.7,61.58,Charging,Normal,-0.4995
OVN-EV-003,2026-03-25 21:37:30.258300,13.02,419.04,34.45,38.06,77.4,Charging,Normal,-0.4883
OVN-EV-001,2026-03-25 21:37:30.258300,18.78,394.73,29.7,44.32,49.85,Charging,Normal,-0.4594
OVN-EV-002,2026-03-25 21:37:33.263902,15.85,409.74,28.95,39.02,81.21,Charging,Normal,-0.4576
OVN-EV-003,2026-03-25 21:37:33.265100,16.53,419.82,35.18,32.87,30.36,Charging,Normal,-0.5175
OVN-EV-001,2026-03-25 21:37:33.266138,17.91,408.51,35.58,35.28,82.45,Charging,Normal,-0.4736
OVN-EV-002,2026-03-25 21:37:36.270168,17.23,409.7,35.88,34.93,45.23,Charging,Normal,-0.477
OVN-EV-003,2026-03-25 21:37:36.270168,13.14,383.81,32.35,35.56,85.79,Charging,Normal,-0.4636
OVN-EV-001,2026-03-25 21:37:36.270168,21.06,413.03,29.95,30.82,83.8,Charging,Normal,-0.491
OVN-EV-002,2026-03-25 21:37:39.276824,11.91,398.23,28.22,32.39,24.04,Charging,Normal,-0.5313
OVN-EV-003,2026-03-25 21:37:39.276824,24.56,412.24,35.82,42.89,21.04,Charging,Normal,-0.552
OVN-EV-001,2026-03-25 21:37:39.276824,19.34,404.32,28.66,41.58,87.26,Charging,Normal,-0.4784
OVN-EV-002,2026-03-25 21:37:42.281549,24.57,407.66,33.95,41.6,25.86,Charging,Normal,-0.5099
OVN-EV-003,2026-03-25 21:37:42.281549,15.71,398.84,29.07,37.01,39.57,Charging,Normal,-0.437
OVN-EV-001,2026-03-25 21:37:42.281549,15.27,404.29,34.97,39.32,60.08,Charging,Normal,-0.4394
OVN-EV-002,2026-03-25 21:37:45.286198,11.4,402.5,32.95,35.0,23.75,Charging,Normal,-0.4978
OVN-EV-003,2026-03-25 21:37:45.286524,23.49,417.4,33.62,41.26,72.31,Charging,Normal,-0.4704
OVN-EV-001,2026-03-25 21:37:45.286524,18.01,414.41,34.08,33.92,52.2,Charging,Normal,-0.4537
OVN-EV-002,2026-03-25 21:37:48.301915,17.99,381.89,32.56,32.67,92.56,Charging,Normal,-0.5051
OVN-EV-003,2026-03-25 21:37:48.301915,24.33,403.25,28.82,31.92,51.34,Charging,Normal,-0.4902
OVN-EV-001,2026-03-25 21:37:48.301915,10.16,387.1,28.91,40.19,77.53,Charging,Normal,-0.5074
OVN-EV-002,2026-03-25 21:37:51.316710,15.56,404.37,28.28,39.69,87.91,Charging,Normal,-0.4769
OVN-EV-003,2026-03-25 21:37:51.316710,21.0,385.99,30.23,43.37,33.0,Charging,Normal,-0.4947
OVN-EV-001,2026-03-25 21:37:51.316710,21.24,413.64,30.04,37.87,66.03,Charging,Normal,-0.4531
OVN-EV-002,2026-03-25 21:37:54.319802,11.63,414.47,34.29,35.11,64.14,Charging,Normal,-0.4677
OVN-EV-003,2026-03-25 21:37:54.319802,21.01,397.71,30.84,36.15,73.24,Charging,Normal,-0.4303
OVN-EV-001,2026-03-25 21:37:54.319802,23.58,415.89,29.1,43.46,20.97,Charging,Normal,-0.5419
OVN-EV-002,2026-03-25 21:37:57.335733,12.1,385.17,28.16,33.25,46.07,Charging,Normal,-0.5076
OVN-EV-003,2026-03-25 21:37:57.335733,10.9,414.58,32.03,42.3,36.81,Charging,Normal,-0.4959
OVN-EV-001,2026-03-25 21:37:57.338243,16.49,411.1,29.73,43.54,29.89,Charging,Normal,-0.4753
OVN-EV-002,2026-03-25 21:38:00.335350,16.12,389.47,30.33,31.64,56.63,Charging,Normal,-0.4541
OVN-EV-003,2026-03-25 21:38:00.335350,12.62,387.65,28.96,39.72,47.85,Charging,Normal,-0.456
OVN-EV-001,2026-03-25 21:38:00.366572,22.83,414.49,31.59,38.15,83.01,Charging,Normal,-0.4677
OVN-EV-002,2026-03-25 21:38:03.336817,19.18,390.06,28.46,44.72,67.18,Charging,Normal,-0.4986
OVN-EV-003,2026-03-25 21:38:03.336817,17.6,384.51,29.08,44.68,50.38,Charging,Normal,-0.4862
OVN-EV-001,2026-03-25 21:38:03.369969,23.12,418.0,34.26,30.28,67.42,Charging,Normal,-0.5239
OVN-EV-002,2026-03-25 21:38:06.330536,18.41,382.83,28.23,37.53,39.63,Charging,Normal,-0.4909
OVN-EV-003,2026-03-25 21:38:06.330536,14.8,483.28,95.99,74.96,67.29,ANOMALY,ANOMALY,-0.6717
OVN-EV-001,2026-03-25 21:38:06.384547,24.68,417.11,29.46,36.41,49.77,Charging,Normal,-0.5005
OVN-EV-003,2026-03-25 21:38:09.334825,12.66,382.8,28.56,35.82,71.99,Charging,Normal,-0.4814
OVN-EV-002,2026-03-25 21:38:09.334825,18.51,408.61,30.19,31.62,53.89,Charging,Normal,-0.4508
OVN-EV-001,2026-03-25 21:38:09.401844,17.66,383.71,30.7,38.89,81.36,Charging,Normal,-0.4507
OVN-EV-003,2026-03-25 21:38:12.326141,20.76,395.89,30.63,33.38,42.28,Charging,Normal,-0.4445
OVN-EV-002,2026-03-25 21:38:12.326141,23.46,411.87,31.54,33.02,32.72,Charging,Normal,-0.4725
OVN-EV-001,2026-03-25 21:38:12.419934,21.46,391.26,29.42,35.34,53.77,Charging,Normal,-0.4483
OVN-EV-003,2026-03-25 21:38:15.335047,15.18,391.71,33.52,35.33,22.97,Charging,Normal,-0.4676
OVN-EV-002,2026-03-25 21:38:15.335047,10.29,404.31,33.98,42.47,73.14,Charging,Normal,-0.4861
OVN-EV-001,2026-03-25 21:38:15.434979,21.66,384.12,31.8,37.94,53.86,Charging,Normal,-0.4539
OVN-EV-003,2026-03-25 21:38:18.335749,10.78,391.15,29.75,32.51,88.06,Charging,Normal,-0.5181
OVN-EV-002,2026-03-25 21:38:18.335749,12.91,394.54,29.37,35.85,25.76,Charging,Normal,-0.4823
OVN-EV-001,2026-03-25 21:38:18.452558,12.05,405.54,31.51,34.2,68.25,Charging,Normal,-0.4395
OVN-EV-003,2026-03-25 21:38:21.335621,24.39,393.08,34.38,36.13,36.06,Charging,Normal,-0.4697
OVN-EV-002,2026-03-25 21:38:21.335621,21.39,414.72,29.44,34.11,78.58,Charging,Normal,-0.4697
OVN-EV-001,2026-03-25 21:38:21.469288,14.61,411.94,31.04,39.11,78.26,Charging,Normal,-0.4548
OVN-EV-003,2026-03-25 21:38:24.336314,24.78,404.66,34.79,41.98,62.31,Charging,Normal,-0.5012
OVN-EV-002,2026-03-25 21:38:24.336314,19.85,391.79,32.74,39.43,59.56,Charging,Normal,-0.431
OVN-EV-001,2026-03-25 21:38:24.485150,13.92,396.71,29.09,42.58,63.16,Charging,Normal,-0.4446
OVN-EV-003,2026-03-25 21:38:27.337141,11.27,413.14,32.6,41.21,56.91,Charging,Normal,-0.4726
OVN-EV-002,2026-03-25 21:38:27.337141,15.69,390.82,32.41,34.69,26.39,Charging,Normal,-0.4582
OVN-EV-001,2026-03-25 21:38:27.503896,10.18,406.69,32.24,34.97,32.28,Charging,Normal,-0.5008
OVN-EV-002,2026-03-25 21:38:30.338739,14.01,382.47,34.3,40.76,79.7,Charging,Normal,-0.4738
OVN-EV-003,2026-03-25 21:38:30.338739,17.66,417.46,30.76,42.94,81.81,Charging,Normal,-0.4673
OVN-EV-001,2026-03-25 21:38:30.501625,24.23,404.16,31.62,43.17,40.04,Charging,Normal,-0.4858
OVN-EV-002,2026-03-25 21:38:33.352736,15.71,406.29,30.73,39.19,23.32,Charging,Normal,-0.458
OVN-EV-003,2026-03-25 21:38:33.352736,20.56,397.28,34.88,42.56,53.88,Charging,Normal,-0.4604
OVN-EV-001,2026-03-25 21:38:33.518499,21.88,415.29,32.2,31.21,58.93,Charging,Normal,-0.4706
OVN-EV-002,2026-03-25 21:38:36.356022,11.71,381.69,33.85,42.42,78.16,Charging,Normal,-0.4968
OVN-EV-003,2026-03-25 21:38:36.356022,22.7,419.39,32.32,42.53,68.21,Charging,Normal,-0.4857
OVN-EV-001,2026-03-25 21:38:36.521088,19.93,389.39,32.04,41.88,64.86,Charging,Normal,-0.431
OVN-EV-002,2026-03-25 21:38:39.371636,17.29,387.15,31.62,38.52,89.28,Charging,Normal,-0.464
OVN-EV-003,2026-03-25 21:38:39.371636,14.25,396.9,28.56,30.12,27.92,Charging,Normal,-0.5107
OVN-EV-001,2026-03-25 21:38:39.516555,10.95,392.26,31.35,41.43,87.43,Charging,Normal,-0.4964
OVN-EV-002,2026-03-25 21:38:42.390853,23.94,382.41,29.6,37.5,70.79,Charging,Normal,-0.4908
OVN-EV-003,2026-03-25 21:38:42.390853,11.43,386.13,33.55,33.75,86.4,Charging,Normal,-0.5013
OVN-EV-001,2026-03-25 21:38:42.518969,12.06,411.39,32.47,33.24,41.48,Charging,Normal,-0.4712
OVN-EV-002,2026-03-25 21:38:45.405583,14.42,395.84,34.67,34.58,26.27,Charging,Normal,-0.4666
OVN-EV-003,2026-03-25 21:38:45.406311,16.51,399.5,34.51,39.86,58.04,Charging,Normal,-0.4296
OVN-EV-001,2026-03-25 21:38:45.520663,23.16,419.85,32.0,31.18,30.65,Charging,Normal,-0.5114
OVN-EV-002,2026-03-25 21:38:48.416058,22.61,380.63,29.85,36.32,42.08,Charging,Normal,-0.4755
OVN-EV-003,2026-03-25 21:38:48.416058,11.6,392.12,28.57,36.55,93.4,Charging,Normal,-0.5132
OVN-EV-001,2026-03-25 21:38:48.513637,16.76,388.24,29.32,37.52,56.07,Charging,Normal,-0.4521
OVN-EV-003,2026-03-25 21:38:51.445955,14.57,414.75,34.22,44.14,39.69,Charging,Normal,-0.4781
OVN-EV-002,2026-03-25 21:38:51.445955,15.88,410.75,31.15,38.99,26.22,Charging,Normal,-0.4551
OVN-EV-001,2026-03-25 21:38:51.526392,11.11,400.75,33.62,32.04,56.83,Charging,Normal,-0.4738
OVN-EV-003,2026-03-25 21:38:54.444901,24.76,383.68,32.09,35.19,37.93,Charging,Normal,-0.4997
OVN-EV-002,2026-03-25 21:38:54.477044,12.06,418.72,30.33,41.26,28.31,Charging,Normal,-0.4973
OVN-EV-001,2026-03-25 21:38:54.540589,13.22,411.71,33.45,38.45,27.17,Charging,Normal,-0.4709
OVN-EV-003,2026-03-25 21:38:57.454746,24.88,410.48,32.65,32.22,26.99,Charging,Normal,-0.5291
OVN-EV-002,2026-03-25 21:38:57.472128,10.06,419.08,30.87,30.81,22.26,Charging,Normal,-0.5814
OVN-EV-001,2026-03-25 21:38:57.538100,19.13,381.9,35.91,30.69,44.44,Charging,Normal,-0.5218
OVN-EV-003,2026-03-25 21:39:00.472438,16.4,401.57,32.3,39.61,82.4,Charging,Normal,-0.4297
OVN-EV-002,2026-03-25 21:39:00.472438,23.66,477.64,92.32,78.59,88.44,ANOMALY,ANOMALY,-0.7019
OVN-EV-001,2026-03-25 21:39:00.537241,22.07,389.89,32.95,31.91,83.26,Charging,Normal,-0.478
OVN-EV-003,2026-03-25 21:39:03.489380,12.32,409.12,32.32,39.23,21.1,Charging,Normal,-0.4911
OVN-EV-002,2026-03-25 21:39:03.490378,23.38,381.86,28.82,36.04,83.31,Charging,Normal,-0.5015
OVN-EV-001,2026-03-25 21:39:03.538873,23.39,389.66,28.03,36.7,37.47,Charging,Normal,-0.5029
OVN-EV-003,2026-03-25 21:39:06.503936,15.99,452.76,82.61,86.22,75.93,ANOMALY,ANOMALY,-0.6992
OVN-EV-002,2026-03-25 21:39:06.503936,11.38,399.71,35.96,32.68,62.49,Charging,Normal,-0.4938
OVN-EV-001,2026-03-25 21:39:06.536108,15.67,411.0,31.31,42.16,93.62,Charging,Normal,-0.4804
OVN-EV-002,2026-03-25 21:39:09.504854,14.34,396.41,33.68,32.69,89.16,Charging,Normal,-0.479
OVN-EV-003,2026-03-25 21:39:09.505168,23.27,417.25,33.81,37.77,88.06,Charging,Normal,-0.5007
OVN-EV-001,2026-03-25 21:39:09.536867,12.67,389.41,30.77,32.0,51.71,Charging,Normal,-0.4709
OVN-EV-002,2026-03-25 21:39:12.520227,23.88,380.74,35.54,33.29,91.9,Charging,Normal,-0.5405
OVN-EV-003,2026-03-25 21:39:12.520227,11.74,402.47,34.01,44.14,32.52,Charging,Normal,-0.4843
OVN-EV-001,2026-03-25 21:39:12.536285,24.99,397.12,31.23,39.86,38.16,Charging,Normal,-0.4941
OVN-EV-002,2026-03-25 21:39:15.525988,15.85,401.07,34.47,39.98,26.74,Charging,Normal,-0.4488
OVN-EV-003,2026-03-25 21:39:15.525988,24.12,384.65,28.46,32.62,28.49,Charging,Normal,-0.5447
OVN-EV-001,2026-03-25 21:39:15.525988,18.2,403.88,28.02,39.24,91.51,Charging,Normal,-0.481
OVN-EV-002,2026-03-25 21:39:18.531180,22.3,402.15,28.89,40.37,54.15,Charging,Normal,-0.4612
OVN-EV-003,2026-03-25 21:39:18.531180,10.84,410.53,29.13,32.46,73.04,Charging,Normal,-0.4984
OVN-EV-001,2026-03-25 21:39:18.533458,21.48,387.62,31.06,44.97,38.49,Charging,Normal,-0.4883
OVN-EV-002,2026-03-25 21:39:21.533601,10.21,398.51,34.07,37.97,50.29,Charging,Normal,-0.4822
OVN-EV-003,2026-03-25 21:39:21.533601,24.17,464.97,90.44,82.44,77.15,ANOMALY,ANOMALY,-0.6642
OVN-EV-001,2026-03-25 21:39:21.533601,11.18,399.26,35.04,39.98,54.85,Charging,Normal,-0.4805
OVN-EV-002,2026-03-25 21:39:24.538339,17.66,392.2,34.69,34.4,76.69,Charging,Normal,-0.4511
OVN-EV-003,2026-03-25 21:39:24.538339,18.95,414.81,31.6,44.62,92.49,Charging,Normal,-0.5112
OVN-EV-001,2026-03-25 21:39:24.538339,24.06,452.21,81.37,85.82,21.3,ANOMALY,ANOMALY,-0.6901
OVN-EV-002,2026-03-25 21:39:27.551236,23.95,413.68,28.72,32.97,75.34,Charging,Normal,-0.502
OVN-EV-003,2026-03-25 21:39:27.551236,19.07,382.94,29.88,33.31,40.11,Charging,Normal,-0.4675
OVN-EV-001,2026-03-25 21:39:27.551236,14.94,398.59,34.04,33.72,91.72,Charging,Normal,-0.4773
OVN-EV-002,2026-03-25 21:39:30.555100,19.98,403.42,28.07,32.57,38.08,Charging,Normal,-0.4819
OVN-EV-003,2026-03-25 21:39:30.555100,10.69,380.8,34.8,42.3,55.33,Charging,Normal,-0.5347
OVN-EV-001,2026-03-25 21:39:30.555100,10.96,391.4,35.29,38.79,55.22,Charging,Normal,-0.4912
OVN-EV-002,2026-03-25 21:39:33.558263,21.95,397.38,30.13,30.04,57.45,Charging,Normal,-0.4757
OVN-EV-003,2026-03-25 21:39:33.558263,14.19,406.97,30.78,35.76,24.24,Charging,Normal,-0.4612
OVN-EV-001,2026-03-25 21:39:33.558263,13.72,457.3,91.15,71.48,84.33,ANOMALY,ANOMALY,-0.679
OVN-EV-002,2026-03-25 21:39:36.571960,10.82,398.14,33.65,32.9,42.0,Charging,Normal,-0.4903
OVN-EV-003,2026-03-25 21:39:36.571960,22.41,399.4,30.41,32.65,79.84,Charging,Normal,-0.4567
OVN-EV-001,2026-03-25 21:39:36.573038,13.26,386.34,29.63,43.24,64.71,Charging,Normal,-0.4769
OVN-EV-002,2026-03-25 21:39:39.570512,12.71,393.84,32.24,30.84,66.89,Charging,Normal,-0.475
OVN-EV-003,2026-03-25 21:39:39.588705,10.39,396.11,35.37,42.0,72.96,Charging,Normal,-0.5137
OVN-EV-001,2026-03-25 21:39:39.588705,16.82,414.56,35.1,30.03,47.99,Charging,Normal,-0.5042
OVN-EV-002,2026-03-25 21:39:42.570416,21.8,389.33,33.67,32.79,33.72,Charging,Normal,-0.4772
OVN-EV-003,2026-03-25 21:39:42.603739,20.32,385.32,30.65,35.85,88.61,Charging,Normal,-0.4581
OVN-EV-001,2026-03-25 21:39:42.603739,13.4,412.44,33.19,34.04,66.15,Charging,Normal,-0.4436
OVN-EV-002,2026-03-25 21:39:45.570525,10.38,410.62,35.44,34.79,73.96,Charging,Normal,-0.5107
OVN-EV-003,2026-03-25 21:39:45.620848,10.77,408.39,31.31,35.98,68.73,Charging,Normal,-0.4677
OVN-EV-001,2026-03-25 21:39:45.620848,24.38,389.75,29.55,43.24,55.81,Charging,Normal,-0.497
OVN-EV-002,2026-03-25 21:39:48.571155,12.32,413.73,35.93,44.72,73.14,Charging,Normal,-0.5224
OVN-EV-003,2026-03-25 21:39:48.650665,15.51,400.31,35.53,38.19,21.98,Charging,Normal,-0.4974
OVN-EV-001,2026-03-25 21:39:48.650665,23.39,395.42,35.98,38.27,46.14,Charging,Normal,-0.4828
OVN-EV-002,2026-03-25 21:39:51.572103,21.12,408.74,33.5,30.1,40.78,Charging,Normal,-0.4792
OVN-EV-003,2026-03-25 21:39:51.655434,14.54,414.56,30.08,33.35,90.52,Charging,Normal,-0.4851
OVN-EV-001,2026-03-25 21:39:51.655434,24.41,403.85,34.27,43.5,49.16,Charging,Normal,-0.4878
OVN-EV-002,2026-03-25 21:39:54.584603,10.13,383.08,31.9,41.63,25.72,Charging,Normal,-0.5489
OVN-EV-003,2026-03-25 21:39:54.665317,20.8,417.23,28.88,31.83,67.32,Charging,Normal,-0.4909
OVN-EV-001,2026-03-25 21:39:54.665317,23.26,414.22,32.93,39.51,90.08,Charging,Normal,-0.4875
OVN-EV-002,2026-03-25 21:39:57.588208,13.97,417.14,33.41,44.55,90.59,Charging,Normal,-0.5066
OVN-EV-003,2026-03-25 21:39:57.652279,16.69,411.99,29.02,43.03,70.3,Charging,Normal,-0.4645
OVN-EV-001,2026-03-25 21:39:57.652279,10.42,414.3,30.51,33.17,54.74,Charging,Normal,-0.502
OVN-EV-002,2026-03-25 21:40:00.601943,15.26,403.46,35.26,36.44,83.46,Charging,Normal,-0.4643
OVN-EV-003,2026-03-25 21:40:00.664461,19.65,415.21,35.76,39.57,89.56,Charging,Normal,-0.5091
OVN-EV-001,2026-03-25 21:40:00.664461,11.71,399.06,32.89,35.28,61.44,Charging,Normal,-0.4456
OVN-EV-002,2026-03-25 21:40:03.616100,15.63,385.55,29.71,42.91,50.72,Charging,Normal,-0.466
OVN-EV-003,2026-03-25 21:40:03.664284,20.47,412.54,32.84,32.41,36.11,Charging,Normal,-0.459
OVN-EV-001,2026-03-25 21:40:03.664284,18.21,416.32,35.21,38.51,21.57,Charging,Normal,-0.5109
OVN-EV-002,2026-03-25 21:40:06.623835,11.56,402.41,33.45,41.07,64.89,Charging,Normal,-0.4489
OVN-EV-003,2026-03-25 21:40:06.655272,23.54,462.13,83.25,70.86,72.22,ANOMALY,ANOMALY,-0.693
OVN-EV-001,2026-03-25 21:40:06.655720,13.87,411.64,30.73,38.92,46.67,Charging,Normal,-0.4372
OVN-EV-002,2026-03-25 21:40:09.634306,12.07,380.41,29.67,36.51,66.02,Charging,Normal,-0.4902
OVN-EV-003,2026-03-25 21:40:09.665911,19.57,388.44,32.39,31.32,36.44,Charging,Normal,-0.4769
OVN-EV-001,2026-03-25 21:40:09.665911,13.7,413.68,33.94,42.13,68.63,Charging,Normal,-0.455
OVN-EV-002,2026-03-25 21:40:12.625423,23.71,381.71,31.25,44.32,62.13,Charging,Normal,-0.5093
OVN-EV-003,2026-03-25 21:40:12.688443,10.14,393.49,28.12,34.36,28.24,Charging,Normal,-0.5372
OVN-EV-001,2026-03-25 21:40:12.688443,12.76,382.76,33.77,33.07,79.33,Charging,Normal,-0.4843
OVN-EV-002,2026-03-25 21:40:15.632380,14.15,406.43,33.03,36.74,79.96,Charging,Normal,-0.435
OVN-EV-003,2026-03-25 21:40:15.696109,14.7,401.91,31.23,34.39,90.53,Charging,Normal,-0.463
OVN-EV-001,2026-03-25 21:40:15.696109,18.04,418.08,34.88,33.1,93.05,Charging,Normal,-0.5272
OVN-EV-002,2026-03-25 21:40:18.650713,14.05,414.36,34.16,30.4,24.58,Charging,Normal,-0.5209
OVN-EV-003,2026-03-25 21:40:18.699252,20.28,390.81,28.71,31.35,72.86,Charging,Normal,-0.4582
OVN-EV-001,2026-03-25 21:40:18.699252,11.97,386.24,32.54,44.28,36.46,Charging,Normal,-0.4941
OVN-EV-002,2026-03-25 21:40:21.657341,10.12,389.63,32.66,35.24,92.63,Charging,Normal,-0.5199
OVN-EV-003,2026-03-25 21:40:21.705108,10.32,483.99,92.43,74.7,25.84,ANOMALY,ANOMALY,-0.6976
OVN-EV-001,2026-03-25 21:40:21.705108,19.4,403.27,31.15,37.38,59.91,Charging,Normal,-0.4264
OVN-EV-002,2026-03-25 21:40:24.672742,12.75,406.03,33.27,43.39,24.48,Charging,Normal,-0.4878
OVN-EV-003,2026-03-25 21:40:24.706012,17.58,388.16,35.69,32.51,88.49,Charging,Normal,-0.5062
OVN-EV-001,2026-03-25 21:40:24.707013,16.69,403.7,29.58,31.5,26.76,Charging,Normal,-0.487
OVN-EV-002,2026-03-25 21:40:27.690331,13.63,408.98,28.92,42.42,81.72,Charging,Normal,-0.4755
OVN-EV-003,2026-03-25 21:40:27.706375,19.71,412.92,32.45,31.68,76.02,Charging,Normal,-0.4478
OVN-EV-001,2026-03-25 21:40:27.706375,23.93,387.31,32.87,30.99,75.83,Charging,Normal,-0.4923
OVN-EV-002,2026-03-25 21:40:30.706611,16.68,403.86,32.82,35.92,31.07,Charging,Normal,-0.4512
OVN-EV-003,2026-03-25 21:40:30.706611,16.14,408.22,32.27,39.02,51.79,Charging,Normal,-0.4267
OVN-EV-001,2026-03-25 21:40:30.707698,22.57,386.54,29.8,37.89,50.89,Charging,Normal,-0.4625
OVN-EV-002,2026-03-25 21:40:33.722906,12.17,418.71,29.1,31.24,52.88,Charging,Normal,-0.5196
OVN-EV-003,2026-03-25 21:40:33.722906,12.9,400.19,33.64,32.35,41.87,Charging,Normal,-0.4623
OVN-EV-001,2026-03-25 21:40:33.722906,24.51,381.7,35.5,35.22,63.42,Charging,Normal,-0.5288
OVN-EV-002,2026-03-25 21:40:36.723870,12.43,401.1,29.18,35.57,82.18,Charging,Normal,-0.469
OVN-EV-003,2026-03-25 21:40:36.723870,18.58,417.76,32.68,39.59,69.51,Charging,Normal,-0.4553
OVN-EV-001,2026-03-25 21:40:36.723870,22.57,395.01,31.96,34.81,70.38,Charging,Normal,-0.4357
OVN-EV-002,2026-03-25 21:40:39.730819,18.88,399.91,29.9,41.69,79.94,Charging,Normal,-0.4334
OVN-EV-003,2026-03-25 21:40:39.730819,17.37,400.5,33.39,35.52,22.18,Charging,Normal,-0.4692
OVN-EV-001,2026-03-25 21:40:39.730819,21.55,407.02,35.85,33.65,93.28,Charging,Normal,-0.5277
OVN-EV-002,2026-03-25 21:40:42.736994,10.28,390.27,30.58,43.37,42.07,Charging,Normal,-0.504
OVN-EV-003,2026-03-25 21:40:42.738147,24.49,400.53,34.23,31.49,45.05,Charging,Normal,-0.4843
OVN-EV-001,2026-03-25 21:40:42.739145,17.69,417.92,30.42,34.45,47.94,Charging,Normal,-0.4569
OVN-EV-002,2026-03-25 21:40:45.758250,21.36,387.94,34.48,38.76,78.87,Charging,Normal,-0.4702
OVN-EV-003,2026-03-25 21:40:45.758250,17.75,418.12,32.59,34.84,83.17,Charging,Normal,-0.4653
OVN-EV-001,2026-03-25 21:40:45.758250,23.83,401.52,34.84,36.13,25.76,Charging,Normal,-0.5011
OVN-EV-002,2026-03-25 21:40:48.770756,11.73,386.17,35.86,39.4,46.23,Charging,Normal,-0.4993
OVN-EV-003,2026-03-25 21:40:48.770756,24.45,397.84,32.47,33.11,66.44,Charging,Normal,-0.4661
OVN-EV-001,2026-03-25 21:40:48.770756,11.48,380.66,29.51,36.81,32.95,Charging,Normal,-0.5032
OVN-EV-002,2026-03-25 21:40:51.790234,13.93,389.6,33.56,35.49,81.17,Charging,Normal,-0.4466
OVN-EV-003,2026-03-25 21:40:51.790234,23.81,405.84,31.51,42.56,78.73,Charging,Normal,-0.4726
OVN-EV-001,2026-03-25 21:40:51.790234,22.44,389.23,29.98,37.5,25.82,Charging,Normal,-0.4956
OVN-EV-002,2026-03-25 21:40:54.796627,10.59,390.31,31.73,39.96,39.89,Charging,Normal,-0.4699
OVN-EV-003,2026-03-25 21:40:54.796627,18.26,410.48,31.28,35.2,62.98,Charging,Normal,-0.4241
OVN-EV-001,2026-03-25 21:40:54.796627,15.54,395.75,30.64,44.77,31.55,Charging,Normal,-0.4761
OVN-EV-002,2026-03-25 21:40:57.809756,17.29,418.03,34.35,42.47,36.95,Charging,Normal,-0.4911
OVN-EV-003,2026-03-25 21:40:57.809756,15.72,398.36,29.19,39.34,90.16,Charging,Normal,-0.4692
OVN-EV-001,2026-03-25 21:40:57.809756,23.03,405.66,35.71,39.58,51.38,Charging,Normal,-0.476
OVN-EV-002,2026-03-25 21:41:00.823085,19.9,395.13,34.32,44.38,79.01,Charging,Normal,-0.4735
OVN-EV-003,2026-03-25 21:41:00.823085,14.89,392.57,35.95,34.29,58.21,Charging,Normal,-0.465
OVN-EV-001,2026-03-25 21:41:00.823085,11.28,412.93,34.23,30.75,31.19,Charging,Normal,-0.5306
OVN-EV-002,2026-03-25 21:41:03.827950,15.18,411.59,33.25,36.13,68.46,Charging,Normal,-0.4258
OVN-EV-003,2026-03-25 21:41:03.829212,15.62,392.86,28.11,42.1,29.56,Charging,Normal,-0.5014
OVN-EV-001,2026-03-25 21:41:03.830209,18.24,380.01,34.72,35.88,25.81,Charging,Normal,-0.5176
OVN-EV-002,2026-03-25 21:41:06.837627,14.0,413.47,33.77,33.21,81.41,Charging,Normal,-0.4673
OVN-EV-003,2026-03-25 21:41:06.837627,15.15,466.05,96.82,77.53,81.57,ANOMALY,ANOMALY,-0.6824
OVN-EV-001,2026-03-25 21:41:06.837627,11.16,386.65,33.28,39.9,90.58,Charging,Normal,-0.5044
OVN-EV-002,2026-03-25 21:41:09.839053,11.04,387.96,32.93,42.59,36.09,Charging,Normal,-0.4854
OVN-EV-003,2026-03-25 21:41:09.839053,10.4,415.3,31.99,32.06,59.37,Charging,Normal,-0.5054
OVN-EV-001,2026-03-25 21:41:09.840239,24.29,403.81,29.94,43.27,88.41,Charging,Normal,-0.4961
OVN-EV-002,2026-03-25 21:41:12.852323,22.51,388.41,34.6,30.56,35.97,Charging,Normal,-0.5031
OVN-EV-003,2026-03-25 21:41:12.854076,13.56,413.64,29.44,35.88,38.5,Charging,Normal,-0.4648
OVN-EV-001,2026-03-25 21:41:12.855084,14.16,411.37,30.64,39.3,42.23,Charging,Normal,-0.4437
OVN-EV-002,2026-03-25 21:41:15.862749,21.09,393.18,28.03,31.99,77.22,Charging,Normal,-0.4966
OVN-EV-003,2026-03-25 21:41:15.862749,18.65,399.04,33.51,44.2,92.68,Charging,Normal,-0.4808
OVN-EV-001,2026-03-25 21:41:15.862749,21.3,406.22,28.91,40.89,26.23,Charging,Normal,-0.491
OVN-EV-002,2026-03-25 21:41:18.874831,15.84,409.28,35.33,39.83,84.95,Charging,Normal,-0.472
OVN-EV-003,2026-03-25 21:41:18.874831,11.38,393.15,30.22,35.9,90.47,Charging,Normal,-0.5022
OVN-EV-001,2026-03-25 21:41:18.874831,15.53,419.32,29.62,36.11,37.58,Charging,Normal,-0.4709
OVN-EV-002,2026-03-25 21:41:21.889029,13.24,413.59,28.06,44.5,42.52,Charging,Normal,-0.5249
OVN-EV-003,2026-03-25 21:41:21.889029,21.72,385.4,28.45,33.2,77.81,Charging,Normal,-0.4934
OVN-EV-001,2026-03-25 21:41:21.890151,23.18,405.79,29.75,41.46,33.7,Charging,Normal,-0.4677
OVN-EV-002,2026-03-25 21:41:24.902046,20.41,406.67,29.74,39.96,82.37,Charging,Normal,-0.4452
OVN-EV-003,2026-03-25 21:41:24.902046,18.96,396.46,30.69,43.63,50.28,Charging,Normal,-0.4436
OVN-EV-001,2026-03-25 21:41:24.902046,13.59,399.47,35.55,43.79,34.82,Charging,Normal,-0.493
OVN-EV-002,2026-03-25 21:41:27.907172,17.11,398.4,30.32,41.12,57.66,Charging,Normal,-0.4269
OVN-EV-003,2026-03-25 21:41:27.907172,17.48,403.24,33.56,40.08,34.8,Charging,Normal,-0.436
OVN-EV-001,2026-03-25 21:41:27.907172,13.57,403.85,33.92,40.87,75.77,Charging,Normal,-0.4381
OVN-EV-002,2026-03-25 21:41:30.918280,11.05,390.92,28.35,38.66,70.57,Charging,Normal,-0.4859
OVN-EV-003,2026-03-25 21:41:30.918280,15.77,397.62,34.72,38.81,52.68,Charging,Normal,-0.4451
OVN-EV-001,2026-03-25 21:41:30.918280,23.14,417.88,29.46,39.69,49.54,Charging,Normal,-0.4833
OVN-EV-002,2026-03-25 21:41:33.919543,16.74,418.61,28.93,33.27,66.53,Charging,Normal,-0.4847
OVN-EV-003,2026-03-25 21:41:33.920706,11.9,396.69,34.5,37.53,87.27,Charging,Normal,-0.4693
OVN-EV-001,2026-03-25 21:41:33.921752,17.44,487.83,83.57,74.17,58.67,ANOMALY,ANOMALY,-0.6802
OVN-EV-002,2026-03-25 21:41:36.935541,17.4,412.71,35.25,32.24,92.36,Charging,Normal,-0.5
OVN-EV-003,2026-03-25 21:41:36.935541,13.16,487.47,93.6,75.07,46.31,ANOMALY,ANOMALY,-0.6887
OVN-EV-001,2026-03-25 21:41:36.935541,22.6,407.08,28.67,42.99,91.91,Charging,Normal,-0.531
OVN-EV-002,2026-03-25 21:41:39.939981,10.53,408.43,28.14,30.59,29.15,Charging,Normal,-0.5624
OVN-EV-003,2026-03-25 21:41:39.939981,20.67,388.54,30.1,41.0,29.58,Charging,Normal,-0.473
OVN-EV-001,2026-03-25 21:41:39.940752,19.93,386.97,28.46,34.54,60.43,Charging,Normal,-0.4621
OVN-EV-002,2026-03-25 21:41:42.958049,22.28,394.87,31.65,40.87,68.19,Charging,Normal,-0.4455
OVN-EV-003,2026-03-25 21:41:42.961037,15.31,409.75,30.29,36.64,88.0,Charging,Normal,-0.4508
OVN-EV-001,2026-03-25 21:41:42.962034,21.77,416.95,33.91,43.6,29.59,Charging,Normal,-0.4965
OVN-EV-002,2026-03-25 21:41:45.969508,13.33,380.53,31.48,30.35,20.75,Charging,Normal,-0.5458
OVN-EV-003,2026-03-25 21:41:45.969508,20.72,380.62,28.2,37.46,22.57,Charging,Normal,-0.5266
OVN-EV-001,2026-03-25 21:41:45.969508,22.52,399.04,33.07,43.05,33.54,Charging,Normal,-0.4737
OVN-EV-002,2026-03-25 21:41:48.973033,21.16,399.65,35.06,44.15,56.18,Charging,Normal,-0.4671
OVN-EV-003,2026-03-25 21:41:48.973033,15.89,416.83,33.81,41.08,86.74,Charging,Normal,-0.4716
OVN-EV-001,2026-03-25 21:41:48.974410,10.47,419.62,31.78,30.26,58.65,Charging,Normal,-0.5494
OVN-EV-002,2026-03-25 21:41:51.969023,20.62,419.75,31.9,38.44,94.25,Charging,Normal,-0.5077
OVN-EV-003,2026-03-25 21:41:51.969023,23.85,383.42,34.37,44.79,44.52,Charging,Normal,-0.5142
OVN-EV-001,2026-03-25 21:41:51.970059,22.67,383.23,28.96,38.32,36.39,Charging,Normal,-0.4931
OVN-EV-002,2026-03-25 21:41:54.976743,20.97,417.23,30.61,38.48,49.53,Charging,Normal,-0.4611
OVN-EV-003,2026-03-25 21:41:54.977742,20.08,407.12,31.94,42.94,65.73,Charging,Normal,-0.4542
OVN-EV-001,2026-03-25 21:41:54.977742,17.65,383.94,30.41,41.19,56.08,Charging,Normal,-0.4488
OVN-EV-002,2026-03-25 21:41:57.991214,23.03,407.99,28.94,35.93,87.01,Charging,Normal,-0.4842
OVN-EV-003,2026-03-25 21:41:57.991214,23.54,389.81,35.9,44.62,60.22,Charging,Normal,-0.5187
OVN-EV-001,2026-03-25 21:41:57.992276,20.7,405.15,31.37,30.99,86.4,Charging,Normal,-0.4721
OVN-EV-002,2026-03-25 21:42:00.996339,15.75,393.11,34.24,32.09,71.75,Charging,Normal,-0.4512
OVN-EV-003,2026-03-25 21:42:00.996339,22.2,405.28,35.58,40.74,55.3,Charging,Normal,-0.4701
OVN-EV-001,2026-03-25 21:42:00.997332,10.42,386.49,32.31,36.64,77.75,Charging,Normal,-0.4927
OVN-EV-002,2026-03-25 21:42:04.006950,24.06,384.07,31.43,39.04,55.19,Charging,Normal,-0.4834
OVN-EV-003,2026-03-25 21:42:04.006950,22.61,383.34,34.94,36.96,45.78,Charging,Normal,-0.4901
OVN-EV-001,2026-03-25 21:42:04.007861,17.86,403.76,29.64,43.75,42.8,Charging,Normal,-0.4512
OVN-EV-002,2026-03-25 21:42:07.012520,17.95,410.84,32.95,33.9,66.58,Charging,Normal,-0.4376
OVN-EV-003,2026-03-25 21:42:07.012520,20.35,489.03,99.92,81.44,39.41,ANOMALY,ANOMALY,-0.6986
OVN-EV-001,2026-03-25 21:42:07.013486,21.19,382.95,32.43,44.52,89.81,Charging,Normal,-0.5237
OVN-EV-002,2026-03-25 21:42:10.017881,20.12,485.28,86.47,76.31,79.33,ANOMALY,ANOMALY,-0.6713
OVN-EV-003,2026-03-25 21:42:10.017881,19.43,412.75,31.94,37.24,48.27,Charging,Normal,-0.4421
OVN-EV-001,2026-03-25 21:42:10.017881,13.43,383.71,32.3,34.41,56.94,Charging,Normal,-0.4586
OVN-EV-002,2026-03-25 21:42:13.021701,18.93,408.31,34.81,40.28,66.57,Charging,Normal,-0.4459
OVN-EV-003,2026-03-25 21:42:13.021701,10.55,400.0,32.81,33.05,50.49,Charging,Normal,-0.4761
OVN-EV-001,2026-03-25 21:42:13.021701,14.48,419.13,31.78,34.35,58.45,Charging,Normal,-0.4634
OVN-EV-002,2026-03-25 21:42:16.034467,23.14,408.63,32.0,41.05,53.27,Charging,Normal,-0.4568
OVN-EV-003,2026-03-25 21:42:16.034467,18.96,416.46,34.59,32.64,88.43,Charging,Normal,-0.4864
OVN-EV-001,2026-03-25 21:42:16.035592,11.68,414.62,33.85,44.11,72.51,Charging,Normal,-0.492
OVN-EV-002,2026-03-25 21:42:19.042007,22.07,396.0,30.12,44.52,54.45,Charging,Normal,-0.4613
OVN-EV-003,2026-03-25 21:42:19.043197,21.07,384.33,30.24,43.55,23.13,Charging,Normal,-0.5116
OVN-EV-001,2026-03-25 21:42:19.044412,16.49,403.81,32.54,33.27,40.94,Charging,Normal,-0.4314
OVN-EV-002,2026-03-25 21:42:22.055329,13.65,410.41,29.2,42.4,49.93,Charging,Normal,-0.4542
OVN-EV-003,2026-03-25 21:42:22.056846,13.43,402.78,32.84,37.9,35.59,Charging,Normal,-0.4445
OVN-EV-001,2026-03-25 21:42:22.056846,23.07,405.02,29.6,43.64,78.32,Charging,Normal,-0.4958
OVN-EV-002,2026-03-25 21:42:25.065472,12.64,410.69,33.3,38.82,55.77,Charging,Normal,-0.4358
OVN-EV-003,2026-03-25 21:42:25.065472,21.71,406.18,29.88,44.06,45.12,Charging,Normal,-0.4639
OVN-EV-001,2026-03-25 21:42:25.065472,11.79,412.99,28.02,39.77,49.83,Charging,Normal,-0.5024
OVN-EV-002,2026-03-25 21:42:28.073502,15.34,414.68,31.25,30.76,81.67,Charging,Normal,-0.4841
OVN-EV-003,2026-03-25 21:42:28.074650,16.74,387.28,30.09,42.7,28.15,Charging,Normal,-0.4788
OVN-EV-001,2026-03-25 21:42:28.075147,18.7,404.03,29.55,39.63,91.18,Charging,Normal,-0.471
OVN-EV-002,2026-03-25 21:42:31.092204,12.49,397.86,34.26,37.78,40.8,Charging,Normal,-0.4535
OVN-EV-003,2026-03-25 21:42:31.093597,10.29,393.12,30.93,44.15,89.46,Charging,Normal,-0.5323
OVN-EV-001,2026-03-25 21:42:31.094161,11.71,401.43,35.74,30.11,87.49,Charging,Normal,-0.5398
OVN-EV-002,2026-03-25 21:42:34.108739,11.96,468.61,87.31,75.93,72.33,ANOMALY,ANOMALY,-0.6665
OVN-EV-003,2026-03-25 21:42:34.110583,12.84,414.09,28.21,30.74,80.57,Charging,Normal,-0.5243
OVN-EV-001,2026-03-25 21:42:34.110583,12.03,388.85,33.32,43.74,21.78,Charging,Normal,-0.5102
OVN-EV-002,2026-03-25 21:42:37.122097,23.83,401.24,28.46,32.31,23.95,Charging,Normal,-0.5148
OVN-EV-003,2026-03-25 21:42:37.122097,11.61,400.79,33.32,31.15,46.72,Charging,Normal,-0.4679
OVN-EV-001,2026-03-25 21:42:37.123207,15.09,399.33,29.68,39.95,63.46,Charging,Normal,-0.4289
OVN-EV-002,2026-03-25 21:42:40.137994,19.54,393.92,28.51,40.53,73.52,Charging,Normal,-0.4514
OVN-EV-003,2026-03-25 21:42:40.137994,15.27,406.51,35.42,41.46,67.75,Charging,Normal,-0.4555
OVN-EV-001,2026-03-25 21:42:40.140522,16.19,383.98,34.16,30.8,82.01,Charging,Normal,-0.5034
OVN-EV-002,2026-03-25 21:42:43.142459,21.74,403.34,32.7,38.34,86.7,Charging,Normal,-0.4575
OVN-EV-003,2026-03-25 21:42:43.143614,19.57,387.68,34.11,38.88,93.46,Charging,Normal,-0.4989
OVN-EV-001,2026-03-25 21:42:43.143614,24.01,404.37,31.83,39.39,39.55,Charging,Normal,-0.4577
OVN-EV-002,2026-03-25 21:42:46.153229,21.39,393.38,34.27,43.81,26.93,Charging,Normal,-0.4972
OVN-EV-003,2026-03-25 21:42:46.153229,10.6,382.11,35.37,35.89,37.39,Charging,Normal,-0.5331
OVN-EV-001,2026-03-25 21:42:46.153229,12.12,394.19,32.3,30.19,61.65,Charging,Normal,-0.4861
OVN-EV-002,2026-03-25 21:42:49.159907,12.04,395.32,31.41,32.06,30.07,Charging,Normal,-0.484
OVN-EV-003,2026-03-25 21:42:49.160978,21.16,413.81,31.11,39.09,66.15,Charging,Normal,-0.4471
OVN-EV-001,2026-03-25 21:42:49.160978,19.82,393.33,32.01,33.73,22.44,Charging,Normal,-0.481
OVN-EV-002,2026-03-25 21:42:52.156165,17.14,401.89,31.67,42.03,76.16,Charging,Normal,-0.433
OVN-EV-003,2026-03-25 21:42:52.156165,19.96,402.61,29.69,31.48,68.0,Charging,Normal,-0.4613
OVN-EV-001,2026-03-25 21:42:52.158694,16.43,406.18,32.98,35.54,91.3,Charging,Normal,-0.4515
OVN-EV-002,2026-03-25 21:42:55.165433,20.74,381.95,35.58,32.16,84.37,Charging,Normal,-0.5233
OVN-EV-003,2026-03-25 21:42:55.165433,15.05,409.19,34.14,31.5,30.1,Charging,Normal,-0.4743
OVN-EV-001,2026-03-25 21:42:55.165433,23.63,395.61,34.7,34.69,66.75,Charging,Normal,-0.4656
OVN-EV-002,2026-03-25 21:42:58.174796,24.77,406.79,35.95,33.88,33.28,Charging,Normal,-0.5373
OVN-EV-003,2026-03-25 21:42:58.175778,20.29,417.09,35.96,44.93,78.61,Charging,Normal,-0.5211
OVN-EV-001,2026-03-25 21:42:58.175778,11.56,418.46,33.47,31.95,61.6,Charging,Normal,-0.4906
OVN-EV-002,2026-03-25 21:43:01.189265,21.47,396.58,32.03,37.92,28.29,Charging,Normal,-0.4639
OVN-EV-003,2026-03-25 21:43:01.189265,23.73,411.04,34.79,33.35,94.81,Charging,Normal,-0.5383
OVN-EV-001,2026-03-25 21:43:01.189265,16.21,405.23,30.1,35.17,76.94,Charging,Normal,-0.4375
OVN-EV-002,2026-03-25 21:43:04.191560,20.74,400.84,34.66,31.07,28.99,Charging,Normal,-0.4969
OVN-EV-003,2026-03-25 21:43:04.191560,19.53,408.25,33.21,35.13,25.83,Charging,Normal,-0.4716
OVN-EV-001,2026-03-25 21:43:04.191560,24.52,388.3,28.41,36.89,73.87,Charging,Normal,-0.4924
OVN-EV-002,2026-03-25 21:43:07.206205,18.58,386.9,31.04,31.06,30.88,Charging,Normal,-0.487
OVN-EV-003,2026-03-25 21:43:07.206205,18.82,406.43,33.39,33.08,66.49,Charging,Normal,-0.438
OVN-EV-001,2026-03-25 21:43:07.206205,24.26,402.75,32.03,40.83,69.2,Charging,Normal,-0.4628
OVN-EV-002,2026-03-25 21:43:10.205507,16.46,392.33,32.98,41.46,68.44,Charging,Normal,-0.4258
OVN-EV-003,2026-03-25 21:43:10.206803,22.35,405.7,30.29,44.91,39.92,Charging,Normal,-0.4681
OVN-EV-001,2026-03-25 21:43:10.207797,20.42,381.74,30.41,38.23,78.71,Charging,Normal,-0.4696
OVN-EV-002,2026-03-25 21:43:13.219219,17.41,399.23,32.71,44.3,31.04,Charging,Normal,-0.4676
OVN-EV-003,2026-03-25 21:43:13.219219,12.83,412.22,35.54,31.72,46.05,Charging,Normal,-0.4896
OVN-EV-001,2026-03-25 21:43:13.221232,22.58,394.26,31.08,36.83,44.92,Charging,Normal,-0.4378
OVN-EV-002,2026-03-25 21:43:16.225177,11.3,385.82,34.69,44.17,76.12,Charging,Normal,-0.5103
OVN-EV-003,2026-03-25 21:43:16.226584,15.07,407.57,35.29,42.3,64.38,Charging,Normal,-0.4613
OVN-EV-001,2026-03-25 21:43:16.226584,20.15,399.33,31.41,30.52,63.37,Charging,Normal,-0.4661
OVN-EV-002,2026-03-25 21:43:19.239767,19.42,402.63,31.49,39.2,49.92,Charging,Normal,-0.4247
OVN-EV-003,2026-03-25 21:43:19.240953,21.79,403.83,30.88,42.24,83.71,Charging,Normal,-0.4591
OVN-EV-001,2026-03-25 21:43:19.241947,18.94,403.33,31.83,36.51,91.71,Charging,Normal,-0.4575
OVN-EV-002,2026-03-25 21:43:22.243726,21.37,385.68,31.13,44.99,67.49,Charging,Normal,-0.478
OVN-EV-003,2026-03-25 21:43:22.243726,12.26,404.66,33.87,41.44,26.14,Charging,Normal,-0.4666
OVN-EV-001,2026-03-25 21:43:22.243726,18.88,404.36,29.99,31.47,27.78,Charging,Normal,-0.4764
OVN-EV-002,2026-03-25 21:43:25.259750,24.81,417.28,32.18,35.86,48.78,Charging,Normal,-0.5008
OVN-EV-003,2026-03-25 21:43:25.259750,15.54,419.06,34.54,35.79,79.94,Charging,Normal,-0.4767
OVN-EV-001,2026-03-25 21:43:25.261772,19.49,394.61,34.07,35.78,31.93,Charging,Normal,-0.4439
OVN-EV-002,2026-03-25 21:43:28.276398,13.72,395.01,32.53,40.73,92.58,Charging,Normal,-0.4677
OVN-EV-003,2026-03-25 21:43:28.277636,18.94,380.7,31.01,35.56,61.02,Charging,Normal,-0.4546
OVN-EV-001,2026-03-25 21:43:28.277636,15.82,407.61,35.32,31.12,64.85,Charging,Normal,-0.4903
OVN-EV-002,2026-03-25 21:43:31.293155,11.62,473.41,94.5,89.24,45.29,ANOMALY,ANOMALY,-0.697
OVN-EV-003,2026-03-25 21:43:31.294210,14.49,407.75,33.48,33.03,23.96,Charging,Normal,-0.462
OVN-EV-001,2026-03-25 21:43:31.294210,12.0,386.02,31.61,34.68,86.95,Charging,Normal,-0.4898
OVN-EV-002,2026-03-25 21:43:34.308839,11.36,413.07,34.41,41.34,29.93,Charging,Normal,-0.4915
OVN-EV-003,2026-03-25 21:43:34.309917,11.47,385.31,29.92,31.27,65.87,Charging,Normal,-0.5021
OVN-EV-001,2026-03-25 21:43:34.310965,19.31,394.33,32.94,35.97,90.06,Charging,Normal,-0.4601
OVN-EV-002,2026-03-25 21:43:37.324758,19.14,383.03,30.74,35.87,62.66,Charging,Normal,-0.4417
OVN-EV-003,2026-03-25 21:43:37.324758,14.63,404.43,33.47,42.25,29.45,Charging,Normal,-0.453
OVN-EV-001,2026-03-25 21:43:37.325850,12.64,413.23,29.31,42.7,35.78,Charging,Normal,-0.4867
OVN-EV-002,2026-03-25 21:43:40.326333,17.83,419.48,28.17,31.23,54.35,Charging,Normal,-0.515
OVN-EV-003,2026-03-25 21:43:40.326333,23.44,403.45,29.6,35.08,86.41,Charging,Normal,-0.4805
OVN-EV-001,2026-03-25 21:43:40.327476,16.96,393.02,33.07,36.93,94.18,Charging,Normal,-0.4778
OVN-EV-002,2026-03-25 21:43:43.328059,16.1,381.39,35.14,35.35,56.44,Charging,Normal,-0.4827
OVN-EV-003,2026-03-25 21:43:43.328059,22.28,399.25,32.54,44.0,92.05,Charging,Normal,-0.496
OVN-EV-001,2026-03-25 21:43:43.328059,18.3,397.77,31.18,39.39,49.69,Charging,Normal,-0.4221
OVN-EV-002,2026-03-25 21:43:46.329525,24.86,395.29,30.97,42.98,84.36,Charging,Normal,-0.514
OVN-EV-003,2026-03-25 21:43:46.329525,18.45,416.09,31.22,33.24,21.04,Charging,Normal,-0.484
OVN-EV-001,2026-03-25 21:43:46.329525,24.27,415.21,35.74,39.9,40.96,Charging,Normal,-0.5197
OVN-EV-002,2026-03-25 21:43:49.332481,11.57,389.01,33.02,38.32,85.77,Charging,Normal,-0.4742
OVN-EV-003,2026-03-25 21:43:49.332481,14.72,411.37,30.06,38.21,80.97,Charging,Normal,-0.4486
OVN-EV-001,2026-03-25 21:43:49.335080,21.32,381.03,33.15,44.64,28.89,Charging,Normal,-0.5084
OVN-EV-002,2026-03-25 21:43:52.322594,13.37,411.69,32.55,36.54,61.22,Charging,Normal,-0.4279
OVN-EV-003,2026-03-25 21:43:52.322594,19.25,402.62,32.37,42.37,27.76,Charging,Normal,-0.4602
OVN-EV-001,2026-03-25 21:43:52.323909,16.89,415.14,28.68,36.76,35.65,Charging,Normal,-0.4778
OVN-EV-002,2026-03-25 21:43:55.326150,17.96,411.43,35.15,39.93,89.39,Charging,Normal,-0.4836
OVN-EV-003,2026-03-25 21:43:55.327283,12.71,403.11,32.07,36.69,41.55,Charging,Normal,-0.435
OVN-EV-001,2026-03-25 21:43:55.327283,12.82,410.76,31.57,43.46,40.25,Charging,Normal,-0.4613
OVN-EV-002,2026-03-25 21:43:58.338922,13.44,417.58,29.64,41.17,38.19,Charging,Normal,-0.4767
OVN-EV-003,2026-03-25 21:43:58.338922,10.11,410.55,35.79,31.78,91.18,Charging,Normal,-0.565
OVN-EV-001,2026-03-25 21:43:58.338922,17.2,401.9,31.24,43.1,86.77,Charging,Normal,-0.4635
OVN-EV-002,2026-03-25 21:44:01.341878,19.59,415.47,32.72,32.81,37.18,Charging,Normal,-0.4542
OVN-EV-003,2026-03-25 21:44:01.341878,21.39,406.74,29.53,39.29,94.41,Charging,Normal,-0.497
OVN-EV-001,2026-03-25 21:44:01.341878,16.96,382.71,30.18,37.86,60.33,Charging,Normal,-0.4458
OVN-EV-002,2026-03-25 21:44:04.343911,17.76,409.29,28.52,37.88,40.24,Charging,Normal,-0.4557
OVN-EV-003,2026-03-25 21:44:04.345027,19.96,386.64,30.7,42.24,52.29,Charging,Normal,-0.44
OVN-EV-001,2026-03-25 21:44:04.345714,14.48,412.81,33.76,39.89,42.17,Charging,Normal,-0.4364
OVN-EV-002,2026-03-25 21:44:07.346430,17.22,404.52,30.39,39.22,43.54,Charging,Normal,-0.427
OVN-EV-003,2026-03-25 21:44:07.346430,16.15,416.47,35.67,31.07,36.2,Charging,Normal,-0.5276
OVN-EV-001,2026-03-25 21:44:07.346430,22.74,476.56,86.39,80.47,75.53,ANOMALY,ANOMALY,-0.6645
OVN-EV-002,2026-03-25 21:44:10.360675,23.87,413.04,30.4,36.74,55.74,Charging,Normal,-0.461
OVN-EV-003,2026-03-25 21:44:10.360675,15.9,397.18,35.22,41.58,28.27,Charging,Normal,-0.4753
OVN-EV-001,2026-03-25 21:44:10.360675,16.69,461.7,97.73,87.24,90.79,ANOMALY,ANOMALY,-0.6922
OVN-EV-002,2026-03-25 21:44:13.375348,22.83,417.58,32.0,34.16,81.04,Charging,Normal,-0.4881
OVN-EV-003,2026-03-25 21:44:13.375348,14.39,409.86,32.28,31.55,43.07,Charging,Normal,-0.4504
OVN-EV-001,2026-03-25 21:44:13.376464,18.82,397.02,33.91,35.26,80.06,Charging,Normal,-0.4513
OVN-EV-002,2026-03-25 21:44:16.377688,15.68,390.09,28.43,35.84,80.04,Charging,Normal,-0.4619
OVN-EV-003,2026-03-25 21:44:16.378939,16.05,403.19,30.15,36.85,41.48,Charging,Normal,-0.4186
OVN-EV-001,2026-03-25 21:44:16.380158,14.35,385.05,30.78,41.15,33.48,Charging,Normal,-0.4629
OVN-EV-002,2026-03-25 21:44:19.383226,15.87,405.75,28.98,36.87,64.36,Charging,Normal,-0.4326
OVN-EV-003,2026-03-25 21:44:19.383226,10.83,381.77,33.08,41.77,60.55,Charging,Normal,-0.4942
OVN-EV-001,2026-03-25 21:44:19.383226,13.33,407.59,28.14,44.64,64.07,Charging,Normal,-0.4911
OVN-EV-002,2026-03-25 21:44:22.381839,17.04,406.83,28.45,44.42,91.02,Charging,Normal,-0.5019
OVN-EV-003,2026-03-25 21:44:22.381839,20.28,416.49,28.93,43.91,73.31,Charging,Normal,-0.4916
OVN-EV-001,2026-03-25 21:44:22.381839,11.83,402.72,32.59,42.21,70.16,Charging,Normal,-0.4536
OVN-EV-002,2026-03-25 21:44:25.393064,19.39,419.98,31.45,44.16,55.03,Charging,Normal,-0.4903
OVN-EV-003,2026-03-25 21:44:25.394100,21.31,456.14,94.15,82.83,94.11,ANOMALY,ANOMALY,-0.7111
OVN-EV-001,2026-03-25 21:44:25.395153,16.73,391.78,35.57,43.83,78.6,Charging,Normal,-0.4735
OVN-EV-002,2026-03-25 21:44:28.404548,21.76,412.18,32.95,41.14,25.0,Charging,Normal,-0.4827
OVN-EV-003,2026-03-25 21:44:28.405706,19.94,386.77,28.68,43.11,63.47,Charging,Normal,-0.4797
OVN-EV-001,2026-03-25 21:44:28.406898,17.05,403.55,28.76,40.2,62.07,Charging,Normal,-0.4391
OVN-EV-002,2026-03-25 21:44:31.422638,18.26,410.2,34.48,42.45,59.6,Charging,Normal,-0.4448
OVN-EV-003,2026-03-25 21:44:31.423795,24.65,453.14,98.85,85.8,37.16,ANOMALY,ANOMALY,-0.7217
OVN-EV-001,2026-03-25 21:44:31.424791,14.3,392.99,29.14,34.97,54.05,Charging,Normal,-0.4423
OVN-EV-002,2026-03-25 21:44:34.426293,11.54,409.72,28.77,35.47,48.55,Charging,Normal,-0.4712
OVN-EV-003,2026-03-25 21:44:34.427294,14.42,410.45,33.38,43.86,69.21,Charging,Normal,-0.4419
OVN-EV-001,2026-03-25 21:44:34.427294,10.95,387.77,29.56,37.63,41.12,Charging,Normal,-0.4822
OVN-EV-002,2026-03-25 21:44:37.427706,14.63,419.52,28.34,36.34,22.99,Charging,Normal,-0.5252
OVN-EV-003,2026-03-25 21:44:37.427706,24.09,387.01,31.17,36.43,23.2,Charging,Normal,-0.5034
OVN-EV-001,2026-03-25 21:44:37.427706,16.62,416.24,30.08,40.61,70.79,Charging,Normal,-0.459
OVN-EV-002,2026-03-25 21:44:40.439666,20.71,387.49,33.19,41.13,21.12,Charging,Normal,-0.5032
OVN-EV-003,2026-03-25 21:44:40.439666,16.19,406.0,31.75,31.72,66.94,Charging,Normal,-0.4377
OVN-EV-001,2026-03-25 21:44:40.439666,23.35,419.77,35.78,35.27,48.35,Charging,Normal,-0.5056
OVN-EV-002,2026-03-25 21:44:43.443923,17.58,489.94,87.68,86.69,35.29,ANOMALY,ANOMALY,-0.6878
OVN-EV-003,2026-03-25 21:44:43.445168,23.15,415.31,29.24,36.03,61.19,Charging,Normal,-0.473
OVN-EV-001,2026-03-25 21:44:43.445168,17.49,398.76,31.38,41.9,24.96,Charging,Normal,-0.4638
OVN-EV-002,2026-03-25 21:44:46.458367,22.85,402.39,33.17,36.85,20.93,Charging,Normal,-0.4895
OVN-EV-003,2026-03-25 21:44:46.458367,23.57,400.91,33.01,38.97,84.27,Charging,Normal,-0.4672
OVN-EV-001,2026-03-25 21:44:46.459366,20.14,418.65,29.31,31.0,55.71,Charging,Normal,-0.506
OVN-EV-002,2026-03-25 21:44:49.465284,23.0,396.76,32.47,39.94,79.47,Charging,Normal,-0.4495
OVN-EV-003,2026-03-25 21:44:49.465284,22.58,404.82,31.27,34.79,48.88,Charging,Normal,-0.443
OVN-EV-001,2026-03-25 21:44:49.465284,18.63,397.23,30.33,41.64,57.47,Charging,Normal,-0.4357
OVN-EV-002,2026-03-25 21:44:52.475251,10.78,393.93,34.28,31.24,61.37,Charging,Normal,-0.5014
OVN-EV-003,2026-03-25 21:44:52.475877,15.04,408.63,28.4,32.44,62.95,Charging,Normal,-0.4639
OVN-EV-001,2026-03-25 21:44:52.475877,18.93,408.16,30.1,42.35,49.91,Charging,Normal,-0.4444
OVN-EV-002,2026-03-25 21:44:55.477826,10.56,419.95,35.58,30.33,20.75,Charging,Normal,-0.5979
OVN-EV-003,2026-03-25 21:44:55.477826,15.93,406.16,29.4,33.49,76.16,Charging,Normal,-0.4391
OVN-EV-001,2026-03-25 21:44:55.478941,15.26,397.25,35.34,36.79,79.23,Charging,Normal,-0.4471
OVN-EV-002,2026-03-25 21:44:58.475340,19.31,402.8,33.94,39.03,73.13,Charging,Normal,-0.4366
OVN-EV-003,2026-03-25 21:44:58.475340,21.92,414.14,34.68,32.76,22.75,Charging,Normal,-0.5029
OVN-EV-001,2026-03-25 21:44:58.476472,18.99,406.38,28.48,32.68,43.52,Charging,Normal,-0.4664
OVN-EV-002,2026-03-25 21:45:01.490388,15.27,386.45,32.85,34.71,92.89,Charging,Normal,-0.4724
OVN-EV-003,2026-03-25 21:45:01.490388,11.5,391.57,30.28,43.97,21.53,Charging,Normal,-0.5347
OVN-EV-001,2026-03-25 21:45:01.490388,17.64,410.0,34.88,32.16,79.13,Charging,Normal,-0.4571
OVN-EV-002,2026-03-25 21:45:04.501811,22.17,416.99,31.73,42.87,72.76,Charging,Normal,-0.4748
OVN-EV-003,2026-03-25 21:45:04.501811,14.44,494.0,96.81,89.64,83.18,ANOMALY,ANOMALY,-0.7222
OVN-EV-001,2026-03-25 21:45:04.501811,21.76,402.18,34.54,30.03,62.93,Charging,Normal,-0.4786
OVN-EV-002,2026-03-25 21:45:07.509714,10.07,411.64,32.26,30.74,91.36,Charging,Normal,-0.5534
OVN-EV-003,2026-03-25 21:45:07.509714,23.92,406.0,31.78,32.02,67.68,Charging,Normal,-0.4673
OVN-EV-001,2026-03-25 21:45:07.509714,11.9,468.62,81.32,74.45,58.24,ANOMALY,ANOMALY,-0.6919
OVN-EV-002,2026-03-25 21:45:10.511341,19.36,408.27,35.95,39.94,72.97,Charging,Normal,-0.4784
OVN-EV-003,2026-03-25 21:45:10.511341,22.42,398.31,34.81,35.67,90.52,Charging,Normal,-0.4719
OVN-EV-001,2026-03-25 21:45:10.512343,22.64,417.55,33.31,39.41,73.75,Charging,Normal,-0.4833
OVN-EV-002,2026-03-25 21:45:13.521284,17.89,491.65,87.05,76.49,23.41,ANOMALY,ANOMALY,-0.7071
OVN-EV-003,2026-03-25 21:45:13.521284,12.05,393.37,30.71,40.12,85.06,Charging,Normal,-0.4704
OVN-EV-001,2026-03-25 21:45:13.521284,19.12,416.18,35.85,31.36,29.22,Charging,Normal,-0.528
OVN-EV-002,2026-03-25 21:45:16.524562,22.09,411.55,28.13,38.56,61.72,Charging,Normal,-0.4816
OVN-EV-003,2026-03-25 21:45:16.524562,23.07,400.77,28.83,37.45,82.36,Charging,Normal,-0.4712
OVN-EV-001,2026-03-25 21:45:16.524562,15.04,462.3,87.8,76.28,21.2,ANOMALY,ANOMALY,-0.6969
OVN-EV-002,2026-03-25 21:45:19.525880,18.32,408.33,32.08,38.93,84.54,Charging,Normal,-0.4372
OVN-EV-003,2026-03-25 21:45:19.526930,13.58,416.32,35.01,34.58,65.81,Charging,Normal,-0.4656
OVN-EV-001,2026-03-25 21:45:19.527960,22.85,406.46,35.51,37.68,60.31,Charging,Normal,-0.4664
OVN-EV-002,2026-03-25 21:45:22.561529,16.35,489.88,84.56,75.94,32.41,ANOMALY,ANOMALY,-0.6953
OVN-EV-003,2026-03-25 21:45:22.567562,17.05,409.29,32.18,42.09,64.82,Charging,Normal,-0.4354
OVN-EV-001,2026-03-25 21:45:22.580277,24.61,409.87,28.37,38.16,88.36,Charging,Normal,-0.5117
OVN-EV-002,2026-03-25 21:45:25.577092,13.76,404.53,34.75,31.38,47.29,Charging,Normal,-0.466
OVN-EV-003,2026-03-25 21:45:25.578338,14.9,416.49,34.43,41.89,58.9,Charging,Normal,-0.4519
OVN-EV-001,2026-03-25 21:45:25.578665,12.82,400.9,31.47,43.6,77.78,Charging,Normal,-0.4714
OVN-EV-002,2026-03-25 21:45:28.594388,14.54,416.29,32.01,33.07,67.37,Charging,Normal,-0.4586
OVN-EV-003,2026-03-25 21:45:28.595231,12.5,413.37,35.81,41.51,47.74,Charging,Normal,-0.4809
OVN-EV-001,2026-03-25 21:45:28.596423,20.93,384.0,30.58,40.93,77.96,Charging,Normal,-0.47
OVN-EV-002,2026-03-25 21:45:31.594511,13.87,416.66,31.19,30.4,64.95,Charging,Normal,-0.4902
OVN-EV-003,2026-03-25 21:45:31.595561,11.89,418.08,32.29,31.78,84.65,Charging,Normal,-0.5286
OVN-EV-001,2026-03-25 21:45:31.596775,17.41,411.61,35.64,33.17,87.71,Charging,Normal,-0.5038
OVN-EV-002,2026-03-25 21:45:34.611614,18.49,380.45,35.35,42.05,83.89,Charging,Normal,-0.5203
OVN-EV-003,2026-03-25 21:45:34.613300,11.03,393.38,29.88,35.0,51.72,Charging,Normal,-0.4654
OVN-EV-001,2026-03-25 21:45:34.614322,14.18,396.5,32.15,32.99,63.15,Charging,Normal,-0.4505
OVN-EV-002,2026-03-25 21:45:37.615792,11.14,389.68,33.27,42.03,51.31,Charging,Normal,-0.4713
OVN-EV-003,2026-03-25 21:45:37.616133,10.74,419.35,32.49,30.16,94.19,Charging,Normal,-0.5998
OVN-EV-001,2026-03-25 21:45:37.617559,16.18,475.24,90.25,71.86,52.12,ANOMALY,ANOMALY,-0.662
OVN-EV-002,2026-03-25 21:45:40.626587,15.01,496.37,88.7,81.83,83.35,ANOMALY,ANOMALY,-0.6891
OVN-EV-003,2026-03-25 21:45:40.626587,24.87,384.7,31.66,35.65,71.88,Charging,Normal,-0.515
OVN-EV-001,2026-03-25 21:45:40.626587,17.43,396.21,34.15,38.46,48.03,Charging,Normal,-0.4357
OVN-EV-002,2026-03-25 21:45:43.628659,13.57,408.89,29.76,40.65,61.46,Charging,Normal,-0.4408
OVN-EV-003,2026-03-25 21:45:43.628659,18.84,408.83,32.21,38.56,65.33,Charging,Normal,-0.4166
OVN-EV-001,2026-03-25 21:45:43.628659,24.39,415.87,32.98,32.29,54.07,Charging,Normal,-0.4951
OVN-EV-002,2026-03-25 21:45:46.637011,24.0,403.77,28.08,44.61,56.48,Charging,Normal,-0.5033
OVN-EV-003,2026-03-25 21:45:46.637011,16.54,386.27,30.47,44.96,50.81,Charging,Normal,-0.4787
OVN-EV-001,2026-03-25 21:45:46.637011,14.14,413.22,28.36,32.73,54.07,Charging,Normal,-0.4745
OVN-EV-002,2026-03-25 21:45:49.643873,17.33,386.78,30.8,32.38,46.1,Charging,Normal,-0.4551
OVN-EV-003,2026-03-25 21:45:49.643873,12.36,383.79,33.81,36.53,24.03,Charging,Normal,-0.5016
OVN-EV-001,2026-03-25 21:45:49.643873,11.6,400.04,35.87,37.63,47.26,Charging,Normal,-0.4867
OVN-EV-002,2026-03-25 21:45:52.645552,16.99,395.52,33.86,30.7,24.47,Charging,Normal,-0.4925
OVN-EV-003,2026-03-25 21:45:52.645552,19.62,393.24,32.78,35.56,31.77,Charging,Normal,-0.4519
OVN-EV-001,2026-03-25 21:45:52.645552,19.52,383.09,30.68,33.71,45.66,Charging,Normal,-0.4624
OVN-EV-002,2026-03-25 21:45:55.674209,16.62,412.18,31.67,35.45,33.03,Charging,Normal,-0.4508
OVN-EV-003,2026-03-25 21:45:55.688880,23.2,402.67,31.16,36.24,68.32,Charging,Normal,-0.4452
OVN-EV-001,2026-03-25 21:45:55.696569,17.0,459.85,80.48,71.93,45.18,ANOMALY,ANOMALY,-0.6751
OVN-EV-002,2026-03-25 21:45:58.708542,22.63,390.43,34.31,36.96,25.23,Charging,Normal,-0.4886
OVN-EV-003,2026-03-25 21:45:58.708542,22.25,398.16,30.55,43.28,69.12,Charging,Normal,-0.4573
OVN-EV-001,2026-03-25 21:45:58.708542,21.4,391.22,29.18,41.26,26.56,Charging,Normal,-0.4807
OVN-EV-002,2026-03-25 21:46:01.709823,22.98,412.5,30.33,44.0,41.19,Charging,Normal,-0.4744
OVN-EV-003,2026-03-25 21:46:01.717734,23.1,385.73,33.69,31.76,76.98,Charging,Normal,-0.4944
OVN-EV-001,2026-03-25 21:46:01.718734,16.84,407.5,31.83,36.19,84.11,Charging,Normal,-0.4366
OVN-EV-002,2026-03-25 21:46:04.728049,16.7,387.85,31.96,39.55,29.58,Charging,Normal,-0.464
OVN-EV-003,2026-03-25 21:46:04.728049,13.92,386.98,29.87,36.29,31.75,Charging,Normal,-0.4722
OVN-EV-001,2026-03-25 21:46:04.729058,15.34,417.42,33.54,30.28,62.45,Charging,Normal,-0.4797
OVN-EV-002,2026-03-25 21:46:07.727574,18.53,390.96,32.8,32.09,84.06,Charging,Normal,-0.4651
OVN-EV-003,2026-03-25 21:46:07.727574,23.68,419.46,33.5,31.7,20.11,Charging,Normal,-0.5301
OVN-EV-001,2026-03-25 21:46:07.728702,16.71,389.26,30.74,35.24,20.14,Charging,Normal,-0.4923
OVN-EV-002,2026-03-25 21:46:10.727753,11.18,383.62,32.56,44.89,42.59,Charging,Normal,-0.5182
OVN-EV-003,2026-03-25 21:46:10.728769,17.71,405.4,34.52,33.06,82.26,Charging,Normal,-0.4687
OVN-EV-001,2026-03-25 21:46:10.728769,11.04,390.5,32.61,40.74,39.09,Charging,Normal,-0.4733
OVN-EV-002,2026-03-25 21:46:13.730389,19.84,400.17,31.8,36.04,69.38,Charging,Normal,-0.4325
OVN-EV-003,2026-03-25 21:46:13.731387,24.6,406.06,29.37,43.3,32.27,Charging,Normal,-0.5059
OVN-EV-001,2026-03-25 21:46:13.732383,24.63,384.32,35.85,30.22,41.09,Charging,Normal,-0.557
OVN-EV-002,2026-03-25 21:46:16.736708,20.2,381.4,31.92,44.91,23.93,Charging,Normal,-0.5269
OVN-EV-003,2026-03-25 21:46:16.736708,15.47,417.5,28.36,40.36,61.89,Charging,Normal,-0.4771
OVN-EV-001,2026-03-25 21:46:16.738725,15.43,383.05,30.21,37.65,69.87,Charging,Normal,-0.4656
OVN-EV-002,2026-03-25 21:46:19.745329,12.34,417.9,32.85,31.92,51.37,Charging,Normal,-0.4926
OVN-EV-003,2026-03-25 21:46:19.746599,15.56,400.97,31.55,41.52,52.87,Charging,Normal,-0.4163
OVN-EV-001,2026-03-25 21:46:19.747007,17.55,411.03,31.54,31.59,30.93,Charging,Normal,-0.4671
OVN-EV-002,2026-03-25 21:46:22.762487,19.27,383.39,30.16,43.74,84.18,Charging,Normal,-0.4839
OVN-EV-003,2026-03-25 21:46:22.763474,21.7,460.17,95.18,76.92,71.4,ANOMALY,ANOMALY,-0.6897
OVN-EV-001,2026-03-25 21:46:22.763828,14.97,400.13,34.22,39.14,43.12,Charging,Normal,-0.4349
OVN-EV-002,2026-03-25 21:46:25.776117,13.08,398.07,28.2,31.79,81.85,Charging,Normal,-0.4881
OVN-EV-003,2026-03-25 21:46:25.776117,19.06,417.28,33.18,36.36,29.86,Charging,Normal,-0.4741
OVN-EV-001,2026-03-25 21:46:25.776117,24.72,408.42,31.53,31.75,61.78,Charging,Normal,-0.4845
OVN-EV-002,2026-03-25 21:46:28.789530,20.68,411.8,34.06,41.38,90.05,Charging,Normal,-0.474
OVN-EV-003,2026-03-25 21:46:28.789530,22.03,409.46,28.08,32.84,25.42,Charging,Normal,-0.5099
OVN-EV-001,2026-03-25 21:46:28.790640,20.53,382.39,28.4,32.69,42.1,Charging,Normal,-0.495
OVN-EV-002,2026-03-25 21:46:31.792299,12.39,383.5,31.96,43.75,57.71,Charging,Normal,-0.475
OVN-EV-003,2026-03-25 21:46:31.792299,15.21,404.51,33.44,32.55,39.93,Charging,Normal,-0.45
OVN-EV-001,2026-03-25 21:46:31.792299,18.24,395.6,34.55,43.77,90.98,Charging,Normal,-0.4791
OVN-EV-002,2026-03-25 21:46:34.797120,17.3,398.79,29.91,34.0,69.91,Charging,Normal,-0.4341
OVN-EV-003,2026-03-25 21:46:34.797120,22.79,398.15,32.1,42.37,59.94,Charging,Normal,-0.4525
OVN-EV-001,2026-03-25 21:46:34.797120,23.79,414.46,34.41,33.48,27.03,Charging,Normal,-0.5128
OVN-EV-002,2026-03-25 21:46:37.805272,13.58,384.76,33.59,34.09,72.31,Charging,Normal,-0.451
OVN-EV-003,2026-03-25 21:46:37.805272,22.38,414.84,31.21,39.28,81.99,Charging,Normal,-0.4683
OVN-EV-001,2026-03-25 21:46:37.805272,21.53,390.85,31.72,44.17,34.85,Charging,Normal,-0.4784
OVN-EV-002,2026-03-25 21:46:40.813478,18.83,394.97,30.0,39.23,39.73,Charging,Normal,-0.432
OVN-EV-003,2026-03-25 21:46:40.814527,19.37,412.68,31.46,36.73,30.53,Charging,Normal,-0.4594
OVN-EV-001,2026-03-25 21:46:40.815548,10.91,385.53,32.36,34.15,67.43,Charging,Normal,-0.4718
OVN-EV-002,2026-03-25 21:46:43.828086,17.56,396.07,30.98,43.56,38.34,Charging,Normal,-0.4507
OVN-EV-003,2026-03-25 21:46:43.828086,14.14,382.32,34.3,33.24,39.35,Charging,Normal,-0.4696
OVN-EV-001,2026-03-25 21:46:43.828086,17.41,409.01,31.03,37.5,25.84,Charging,Normal,-0.4545
OVN-EV-002,2026-03-25 21:46:46.830033,17.89,384.99,30.34,31.37,35.2,Charging,Normal,-0.4791
OVN-EV-003,2026-03-25 21:46:46.830743,10.12,384.72,29.03,38.46,24.04,Charging,Normal,-0.5535
OVN-EV-001,2026-03-25 21:46:46.830743,12.45,383.22,34.31,44.31,52.8,Charging,Normal,-0.4946
OVN-EV-002,2026-03-25 21:46:49.835526,22.38,391.28,28.16,42.38,51.32,Charging,Normal,-0.483
OVN-EV-003,2026-03-25 21:46:49.835526,24.57,408.22,31.22,35.27,55.99,Charging,Normal,-0.4636
OVN-EV-001,2026-03-25 21:46:49.836667,17.57,410.76,31.17,41.67,92.21,Charging,Normal,-0.4664
OVN-EV-002,2026-03-25 21:46:52.841371,22.2,417.3,33.09,37.7,40.96,Charging,Normal,-0.4635
OVN-EV-003,2026-03-25 21:46:52.841371,19.74,406.54,28.07,42.0,69.55,Charging,Normal,-0.4645
OVN-EV-001,2026-03-25 21:46:52.842413,10.77,387.35,28.55,31.24,38.42,Charging,Normal,-0.5327
OVN-EV-002,2026-03-25 21:46:55.845820,13.01,418.42,34.5,31.61,33.6,Charging,Normal,-0.5146
OVN-EV-003,2026-03-25 21:46:55.845820,10.45,393.27,32.91,36.15,36.09,Charging,Normal,-0.4958
OVN-EV-001,2026-03-25 21:46:55.846910,11.53,412.17,35.06,32.37,59.83,Charging,Normal,-0.4863
OVN-EV-002,2026-03-25 21:46:58.848301,14.15,403.66,28.83,38.19,31.32,Charging,Normal,-0.4603
OVN-EV-003,2026-03-25 21:46:58.848301,17.59,397.11,31.8,30.76,75.12,Charging,Normal,-0.4537
OVN-EV-001,2026-03-25 21:46:58.848301,18.51,411.73,31.92,31.32,78.52,Charging,Normal,-0.4561
OVN-EV-002,2026-03-25 21:47:01.862435,20.23,392.0,32.0,36.32,36.95,Charging,Normal,-0.4461
OVN-EV-003,2026-03-25 21:47:01.863656,16.46,390.37,32.93,32.22,33.56,Charging,Normal,-0.4586
OVN-EV-001,2026-03-25 21:47:01.863656,16.61,403.79,33.43,42.72,47.47,Charging,Normal,-0.4329
OVN-EV-002,2026-03-25 21:47:04.879813,23.47,404.03,35.03,35.71,32.57,Charging,Normal,-0.4855
OVN-EV-003,2026-03-25 21:47:04.879813,22.53,411.2,29.46,35.29,41.44,Charging,Normal,-0.4576
OVN-EV-001,2026-03-25 21:47:04.879813,22.67,407.76,32.58,30.12,32.29,Charging,Normal,-0.5163
OVN-EV-002,2026-03-25 21:47:07.880575,11.32,381.51,35.69,44.2,67.85,Charging,Normal,-0.5151
OVN-EV-003,2026-03-25 21:47:07.880575,12.59,385.76,30.28,31.37,51.02,Charging,Normal,-0.489
OVN-EV-001,2026-03-25 21:47:07.881732,19.67,411.85,31.4,39.41,20.56,Charging,Normal,-0.4797
OVN-EV-002,2026-03-25 21:47:10.880586,14.57,395.41,34.38,44.61,69.27,Charging,Normal,-0.4556
OVN-EV-003,2026-03-25 21:47:10.881701,20.85,416.35,30.61,30.81,64.35,Charging,Normal,-0.4864
OVN-EV-001,2026-03-25 21:47:10.881701,18.21,394.07,33.47,33.86,49.93,Charging,Normal,-0.4288
OVN-EV-002,2026-03-25 21:47:13.895503,25.0,457.75,82.19,81.21,66.94,ANOMALY,ANOMALY,-0.6871
OVN-EV-003,2026-03-25 21:47:13.895503,17.4,381.87,31.06,43.61,82.53,Charging,Normal,-0.4636
OVN-EV-001,2026-03-25 21:47:13.895503,14.2,404.46,28.71,32.55,48.62,Charging,Normal,-0.4676
OVN-EV-002,2026-03-25 21:47:16.899209,18.21,417.44,29.34,38.56,36.54,Charging,Normal,-0.4744
OVN-EV-003,2026-03-25 21:47:16.905196,11.05,412.31,28.9,32.94,94.22,Charging,Normal,-0.534
OVN-EV-001,2026-03-25 21:47:16.905196,12.44,418.2,33.9,31.89,56.04,Charging,Normal,-0.488
OVN-EV-002,2026-03-25 21:47:19.914161,23.79,390.46,31.41,37.42,26.26,Charging,Normal,-0.4949
OVN-EV-003,2026-03-25 21:47:19.914161,14.83,388.44,33.75,30.09,46.79,Charging,Normal,-0.4882
OVN-EV-001,2026-03-25 21:47:19.915255,16.75,473.37,96.4,77.76,83.78,ANOMALY,ANOMALY,-0.6764
OVN-EV-002,2026-03-25 21:47:22.908970,12.36,381.12,33.97,41.97,39.12,Charging,Normal,-0.4884
OVN-EV-003,2026-03-25 21:47:22.908970,22.72,456.57,83.35,81.08,67.34,ANOMALY,ANOMALY,-0.6691
OVN-EV-001,2026-03-25 21:47:22.940404,10.69,405.06,35.72,34.39,68.98,Charging,Normal,-0.4915
OVN-EV-002,2026-03-25 21:47:25.921481,23.69,410.41,28.23,44.39,53.31,Charging,Normal,-0.5097
OVN-EV-003,2026-03-25 21:47:25.921481,22.8,394.18,31.35,39.2,67.62,Charging,Normal,-0.4449
OVN-EV-001,2026-03-25 21:47:25.921481,19.22,408.88,28.23,38.94,51.39,Charging,Normal,-0.4655
OVN-EV-002,2026-03-25 21:47:28.929180,14.23,411.91,32.52,32.14,42.43,Charging,Normal,-0.4552
OVN-EV-003,2026-03-25 21:47:28.929180,10.49,417.92,29.2,34.55,43.26,Charging,Normal,-0.5259
OVN-EV-001,2026-03-25 21:47:28.929180,12.54,404.83,33.5,39.81,69.77,Charging,Normal,-0.4459
OVN-EV-002,2026-03-25 21:47:31.935089,19.15,416.65,31.18,41.23,84.61,Charging,Normal,-0.4732
OVN-EV-003,2026-03-25 21:47:31.935089,24.54,401.16,33.29,41.15,29.43,Charging,Normal,-0.4853
OVN-EV-001,2026-03-25 21:47:31.935089,15.08,414.46,35.35,39.5,58.75,Charging,Normal,-0.459
OVN-EV-002,2026-03-25 21:47:34.947410,21.73,417.74,29.22,38.54,30.12,Charging,Normal,-0.4851
OVN-EV-003,2026-03-25 21:47:34.947410,13.51,391.53,33.22,44.72,57.14,Charging,Normal,-0.4689
OVN-EV-001,2026-03-25 21:47:34.948413,13.72,399.52,32.18,40.84,74.53,Charging,Normal,-0.4498
OVN-EV-002,2026-03-25 21:47:37.957391,14.57,401.5,30.72,44.54,91.18,Charging,Normal,-0.4867
OVN-EV-003,2026-03-25 21:47:37.957391,12.34,388.7,35.63,41.53,61.49,Charging,Normal,-0.4818
OVN-EV-001,2026-03-25 21:47:37.957391,15.15,412.88,31.4,34.04,77.56,Charging,Normal,-0.446
OVN-EV-002,2026-03-25 21:47:40.964203,19.71,408.84,28.68,34.65,33.35,Charging,Normal,-0.4747
OVN-EV-003,2026-03-25 21:47:40.965554,22.29,414.55,32.35,36.12,30.72,Charging,Normal,-0.4741
OVN-EV-001,2026-03-25 21:47:40.965554,10.99,416.93,34.96,39.04,25.22,Charging,Normal,-0.5394
OVN-EV-002,2026-03-25 21:47:43.971367,18.14,412.25,34.56,36.07,62.87,Charging,Normal,-0.4403
OVN-EV-003,2026-03-25 21:47:43.971367,20.85,417.77,35.24,30.17,48.19,Charging,Normal,-0.523
OVN-EV-001,2026-03-25 21:47:43.971367,16.71,401.31,35.9,31.32,73.94,Charging,Normal,-0.5029
OVN-EV-002,2026-03-25 21:47:46.979756,24.47,380.71,35.6,41.45,33.27,Charging,Normal,-0.5382
OVN-EV-003,2026-03-25 21:47:46.981290,16.36,410.12,28.14,36.58,67.26,Charging,Normal,-0.4655
OVN-EV-001,2026-03-25 21:47:46.981290,22.86,389.04,33.51,35.49,84.8,Charging,Normal,-0.4683
OVN-EV-002,2026-03-25 21:47:49.992811,10.46,381.88,32.01,43.24,48.16,Charging,Normal,-0.5104
OVN-EV-003,2026-03-25 21:47:49.992811,12.86,393.55,34.63,43.73,63.76,Charging,Normal,-0.4673
OVN-EV-001,2026-03-25 21:47:49.992811,19.77,400.26,30.62,42.96,83.89,Charging,Normal,-0.458
OVN-EV-002,2026-03-25 21:47:52.997484,18.09,395.33,29.8,43.99,70.82,Charging,Normal,-0.4489
OVN-EV-003,2026-03-25 21:47:52.997484,11.94,419.43,34.77,31.36,50.77,Charging,Normal,-0.5218
OVN-EV-001,2026-03-25 21:47:52.997484,16.66,380.96,35.01,40.52,63.81,Charging,Normal,-0.4784
OVN-EV-002,2026-03-25 21:47:55.999011,18.41,413.31,31.8,31.1,81.38,Charging,Normal,-0.4683
OVN-EV-003,2026-03-25 21:47:55.999874,20.79,392.84,29.67,38.84,82.07,Charging,Normal,-0.449
OVN-EV-001,2026-03-25 21:47:56.001262,22.73,404.98,35.87,35.75,31.75,Charging,Normal,-0.5062
OVN-EV-002,2026-03-25 21:47:59.008060,23.63,392.42,31.58,42.14,75.46,Charging,Normal,-0.4646
OVN-EV-003,2026-03-25 21:47:59.009137,24.69,409.64,28.72,33.1,71.66,Charging,Normal,-0.5052
OVN-EV-001,2026-03-25 21:47:59.009137,24.29,389.8,34.94,33.73,91.88,Charging,Normal,-0.5277
OVN-EV-002,2026-03-25 21:48:01.996220,15.05,411.42,28.27,41.52,24.37,Charging,Normal,-0.5013
OVN-EV-003,2026-03-25 21:48:01.997276,14.81,391.87,29.28,31.68,37.39,Charging,Normal,-0.4742
OVN-EV-001,2026-03-25 21:48:01.998018,23.1,418.42,32.12,37.43,62.46,Charging,Normal,-0.4691
OVN-EV-002,2026-03-25 21:48:04.999468,15.88,402.01,28.62,44.28,24.96,Charging,Normal,-0.4868
OVN-EV-003,2026-03-25 21:48:04.999468,20.6,383.77,30.9,39.22,29.44,Charging,Normal,-0.4751
OVN-EV-001,2026-03-25 21:48:04.999468,22.47,401.19,29.53,41.48,46.38,Charging,Normal,-0.4526
OVN-EV-002,2026-03-25 21:48:08.002867,13.04,384.89,28.61,38.83,90.73,Charging,Normal,-0.5171
OVN-EV-003,2026-03-25 21:48:08.002867,23.3,415.35,33.47,39.75,83.79,Charging,Normal,-0.4886
OVN-EV-001,2026-03-25 21:48:08.003934,18.42,412.6,29.61,44.13,49.72,Charging,Normal,-0.468
OVN-EV-002,2026-03-25 21:48:11.000265,17.84,399.96,28.68,38.12,68.07,Charging,Normal,-0.4446
OVN-EV-003,2026-03-25 21:48:11.000265,17.57,408.42,35.02,40.32,55.1,Charging,Normal,-0.4425
OVN-EV-001,2026-03-25 21:48:11.001309,24.39,387.14,34.26,40.0,78.7,Charging,Normal,-0.4908
OVN-EV-002,2026-03-25 21:48:14.010443,15.86,401.85,35.86,36.43,32.85,Charging,Normal,-0.4819
OVN-EV-003,2026-03-25 21:48:14.010443,14.05,383.98,28.62,39.71,41.5,Charging,Normal,-0.48
OVN-EV-001,2026-03-25 21:48:14.010443,24.77,390.68,28.6,32.37,26.71,Charging,Normal,-0.5357
OVN-EV-002,2026-03-25 21:48:17.015284,11.15,388.67,35.82,31.18,39.38,Charging,Normal,-0.5397
OVN-EV-003,2026-03-25 21:48:17.016292,21.07,398.0,28.46,37.14,25.42,Charging,Normal,-0.4772
OVN-EV-001,2026-03-25 21:48:17.016292,11.13,402.06,31.22,32.28,49.15,Charging,Normal,-0.479
OVN-EV-002,2026-03-25 21:48:20.032588,22.13,380.93,28.56,40.03,37.21,Charging,Normal,-0.4889
OVN-EV-003,2026-03-25 21:48:20.033654,23.24,382.41,29.19,32.37,85.86,Charging,Normal,-0.5177
OVN-EV-001,2026-03-25 21:48:20.033654,12.03,419.43,34.61,34.58,92.29,Charging,Normal,-0.5236
OVN-EV-002,2026-03-25 21:48:23.035304,13.55,405.95,35.91,33.66,79.45,Charging,Normal,-0.4873
OVN-EV-003,2026-03-25 21:48:23.035304,18.23,380.39,32.54,35.84,85.24,Charging,Normal,-0.4749
OVN-EV-001,2026-03-25 21:48:23.036339,24.39,413.61,34.7,34.91,49.99,Charging,Normal,-0.4847
OVN-EV-002,2026-03-25 21:48:26.045630,24.5,407.88,29.28,32.3,39.63,Charging,Normal,-0.5008
OVN-EV-003,2026-03-25 21:48:26.045630,11.7,413.26,31.06,32.23,68.08,Charging,Normal,-0.482
OVN-EV-001,2026-03-25 21:48:26.045630,20.69,414.12,31.07,39.22,77.84,Charging,Normal,-0.4394
OVN-EV-002,2026-03-25 21:48:29.048605,14.89,380.86,29.68,42.17,46.48,Charging,Normal,-0.4689
OVN-EV-003,2026-03-25 21:48:29.049986,18.73,417.57,31.15,38.58,63.7,Charging,Normal,-0.4421
OVN-EV-001,2026-03-25 21:48:29.051230,24.0,380.22,35.13,42.74,59.66,Charging,Normal,-0.5289
OVN-EV-002,2026-03-25 21:48:32.054656,16.27,414.71,28.94,37.97,44.82,Charging,Normal,-0.4567
OVN-EV-003,2026-03-25 21:48:32.054656,23.09,417.29,34.08,40.45,36.39,Charging,Normal,-0.4752
OVN-EV-001,2026-03-25 21:48:32.054656,12.82,408.77,32.46,44.56,28.0,Charging,Normal,-0.5058
OVN-EV-002,2026-03-25 21:48:35.060906,10.86,402.8,30.42,38.65,35.77,Charging,Normal,-0.4825
OVN-EV-003,2026-03-25 21:48:35.060906,22.56,394.12,32.51,34.26,69.28,Charging,Normal,-0.4409
OVN-EV-001,2026-03-25 21:48:35.060906,23.53,401.08,35.12,38.93,71.89,Charging,Normal,-0.4629
OVN-EV-002,2026-03-25 21:48:38.071207,20.05,401.8,31.4,38.42,63.03,Charging,Normal,-0.426
OVN-EV-003,2026-03-25 21:48:38.071207,18.6,383.71,35.19,43.44,49.17,Charging,Normal,-0.4847
OVN-EV-001,2026-03-25 21:48:38.071207,19.76,406.26,28.68,39.4,64.31,Charging,Normal,-0.4369
OVN-EV-002,2026-03-25 21:48:41.076393,13.95,409.01,34.37,34.1,25.49,Charging,Normal,-0.4658
OVN-EV-003,2026-03-25 21:48:41.076393,21.84,395.49,33.51,37.52,83.22,Charging,Normal,-0.4393
OVN-EV-001,2026-03-25 21:48:41.076393,21.57,383.06,34.93,35.81,44.93,Charging,Normal,-0.4763
OVN-EV-002,2026-03-25 21:48:44.078807,23.53,400.79,35.16,30.43,72.52,Charging,Normal,-0.4957
OVN-EV-003,2026-03-25 21:48:44.078807,20.21,414.35,28.83,32.19,71.99,Charging,Normal,-0.4766
OVN-EV-001,2026-03-25 21:48:44.078807,17.27,412.05,34.38,38.41,61.86,Charging,Normal,-0.4343
OVN-EV-002,2026-03-25 21:48:47.080843,22.46,416.98,28.96,44.17,36.96,Charging,Normal,-0.5047
OVN-EV-003,2026-03-25 21:48:47.080843,11.13,404.48,31.92,42.38,36.17,Charging,Normal,-0.4804
OVN-EV-001,2026-03-25 21:48:47.080843,13.94,389.34,34.96,32.82,80.39,Charging,Normal,-0.4602
OVN-EV-002,2026-03-25 21:48:50.079151,22.63,453.18,91.39,83.21,86.22,ANOMALY,ANOMALY,-0.6874
OVN-EV-003,2026-03-25 21:48:50.079151,23.68,407.62,30.48,36.23,29.85,Charging,Normal,-0.4764
OVN-EV-001,2026-03-25 21:48:50.079151,20.66,418.74,30.91,32.47,83.58,Charging,Normal,-0.4836
OVN-EV-002,2026-03-25 21:48:53.087642,20.7,410.27,30.97,41.7,21.26,Charging,Normal,-0.4883
OVN-EV-003,2026-03-25 21:48:53.088652,14.42,412.01,34.7,34.94,40.28,Charging,Normal,-0.4563
OVN-EV-001,2026-03-25 21:48:53.088652,21.15,405.4,30.43,39.05,31.39,Charging,Normal,-0.4573
OVN-EV-002,2026-03-25 21:48:56.083467,16.38,411.83,32.37,41.01,66.87,Charging,Normal,-0.4292
OVN-EV-003,2026-03-25 21:48:56.101843,18.38,415.92,31.7,40.91,51.34,Charging,Normal,-0.4337
OVN-EV-001,2026-03-25 21:48:56.101843,12.81,405.46,30.0,44.04,47.59,Charging,Normal,-0.4636
OVN-EV-002,2026-03-25 21:48:59.096702,24.3,416.4,29.15,41.17,27.76,Charging,Normal,-0.5319
OVN-EV-003,2026-03-25 21:48:59.096702,23.17,414.38,29.74,33.52,72.22,Charging,Normal,-0.4647
OVN-EV-001,2026-03-25 21:48:59.096702,19.77,391.5,29.5,37.39,34.8,Charging,Normal,-0.454
OVN-EV-002,2026-03-25 21:49:02.105503,20.21,399.13,35.37,36.36,73.53,Charging,Normal,-0.4558
OVN-EV-003,2026-03-25 21:49:02.105503,23.51,386.7,32.43,30.98,25.46,Charging,Normal,-0.5138
OVN-EV-001,2026-03-25 21:49:02.105503,13.52,410.54,31.11,34.68,89.89,Charging,Normal,-0.4669
OVN-EV-002,2026-03-25 21:49:05.115535,12.74,398.44,32.71,37.33,86.74,Charging,Normal,-0.4587
OVN-EV-003,2026-03-25 21:49:05.115535,11.65,382.45,33.99,36.11,53.25,Charging,Normal,-0.4819
OVN-EV-001,2026-03-25 21:49:05.115535,10.03,418.8,32.41,32.5,24.96,Charging,Normal,-0.5679
OVN-EV-002,2026-03-25 21:49:08.131547,14.03,391.97,33.84,37.87,88.8,Charging,Normal,-0.4529
OVN-EV-003,2026-03-25 21:49:08.131547,18.71,400.65,34.31,38.9,83.39,Charging,Normal,-0.4376
OVN-EV-001,2026-03-25 21:49:08.133558,14.89,413.34,30.95,43.07,58.97,Charging,Normal,-0.4616
OVN-EV-002,2026-03-25 21:49:11.122777,16.74,380.3,35.89,31.98,59.17,Charging,Normal,-0.5251
OVN-EV-003,2026-03-25 21:49:11.122777,23.42,392.17,28.83,33.97,42.04,Charging,Normal,-0.4708
OVN-EV-001,2026-03-25 21:49:11.122777,17.97,404.57,28.69,32.05,57.12,Charging,Normal,-0.4454
OVN-EV-002,2026-03-25 21:49:14.123841,21.71,406.57,35.43,31.07,75.95,Charging,Normal,-0.4853
OVN-EV-003,2026-03-25 21:49:14.123841,19.49,396.58,31.94,41.72,75.18,Charging,Normal,-0.4313
OVN-EV-001,2026-03-25 21:49:14.123841,10.12,389.36,35.76,30.3,63.54,Charging,Normal,-0.557
OVN-EV-002,2026-03-25 21:49:17.124194,10.05,386.24,31.11,33.16,45.45,Charging,Normal,-0.5199
OVN-EV-003,2026-03-25 21:49:17.124194,15.13,408.71,28.13,32.61,88.08,Charging,Normal,-0.5025
OVN-EV-001,2026-03-25 21:49:17.124194,17.94,416.49,32.64,38.43,39.18,Charging,Normal,-0.4429
OVN-EV-002,2026-03-25 21:49:20.136241,18.26,417.71,32.3,44.13,24.14,Charging,Normal,-0.5035
OVN-EV-003,2026-03-25 21:49:20.136241,23.83,419.45,34.57,43.54,44.97,Charging,Normal,-0.4989
OVN-EV-001,2026-03-25 21:49:20.136241,14.95,403.27,35.01,36.41,61.56,Charging,Normal,-0.4379
OVN-EV-002,2026-03-25 21:49:23.146038,10.99,415.9,31.41,43.11,48.97,Charging,Normal,-0.4944
OVN-EV-003,2026-03-25 21:49:23.146038,22.81,390.0,31.89,33.67,68.4,Charging,Normal,-0.4706
OVN-EV-001,2026-03-25 21:49:23.146038,18.49,381.89,35.26,39.59,47.74,Charging,Normal,-0.4814
OVN-EV-002,2026-03-25 21:49:26.157809,22.5,380.58,33.56,30.46,28.74,Charging,Normal,-0.5406
OVN-EV-003,2026-03-25 21:49:26.157809,13.01,408.78,35.47,31.5,54.8,Charging,Normal,-0.4858
OVN-EV-001,2026-03-25 21:49:26.157809,19.39,393.17,32.16,41.88,25.74,Charging,Normal,-0.48
OVN-EV-002,2026-03-25 21:49:29.173179,16.4,419.79,31.57,39.27,75.01,Charging,Normal,-0.4735
OVN-EV-003,2026-03-25 21:49:29.173179,21.84,396.55,29.17,30.14,25.93,Charging,Normal,-0.5158
OVN-EV-001,2026-03-25 21:49:29.173179,22.2,401.6,29.81,33.42,79.11,Charging,Normal,-0.4556
OVN-EV-002,2026-03-25 21:49:32.181075,19.21,399.14,33.13,33.85,77.86,Charging,Normal,-0.4393
OVN-EV-003,2026-03-25 21:49:32.181075,15.02,399.47,32.76,35.64,93.81,Charging,Normal,-0.4698
OVN-EV-001,2026-03-25 21:49:32.181075,11.81,392.42,33.56,34.64,74.91,Charging,Normal,-0.4615
OVN-EV-002,2026-03-25 21:49:35.187006,12.12,395.96,33.02,39.14,53.65,Charging,Normal,-0.44
OVN-EV-003,2026-03-25 21:49:35.187006,19.69,401.21,28.89,43.96,25.17,Charging,Normal,-0.5025
OVN-EV-001,2026-03-25 21:49:35.187006,19.97,414.83,29.56,37.67,39.77,Charging,Normal,-0.4566
OVN-EV-002,2026-03-25 21:49:38.197394,12.48,418.1,30.32,32.8,86.06,Charging,Normal,-0.5013
OVN-EV-003,2026-03-25 21:49:38.197394,15.49,390.8,34.76,44.97,86.09,Charging,Normal,-0.5036
OVN-EV-001,2026-03-25 21:49:38.200271,22.83,407.54,28.78,32.48,78.94,Charging,Normal,-0.4839
OVN-EV-002,2026-03-25 21:49:41.203568,13.66,411.82,28.48,31.2,66.04,Charging,Normal,-0.4864
OVN-EV-003,2026-03-25 21:49:41.203568,18.6,418.65,29.08,35.55,22.3,Charging,Normal,-0.5094
OVN-EV-001,2026-03-25 21:49:41.203568,20.74,418.88,30.63,37.36,82.34,Charging,Normal,-0.4871
OVN-EV-002,2026-03-25 21:49:44.213994,13.42,395.6,35.01,39.09,39.24,Charging,Normal,-0.4588
OVN-EV-003,2026-03-25 21:49:44.213994,23.64,419.54,33.48,37.13,53.51,Charging,Normal,-0.4815
OVN-EV-001,2026-03-25 21:49:44.213994,16.66,403.57,33.36,37.27,54.67,Charging,Normal,-0.4229
OVN-EV-002,2026-03-25 21:49:47.221980,19.61,395.01,33.44,35.13,46.66,Charging,Normal,-0.4321
OVN-EV-003,2026-03-25 21:49:47.221980,24.62,403.35,28.11,43.03,67.37,Charging,Normal,-0.5073
OVN-EV-001,2026-03-25 21:49:47.221980,24.32,419.77,35.94,39.55,24.05,Charging,Normal,-0.5618
OVN-EV-002,2026-03-25 21:49:50.235727,20.9,391.43,35.49,37.49,28.95,Charging,Normal,-0.4951
OVN-EV-003,2026-03-25 21:49:50.235727,22.89,411.91,33.14,41.36,56.61,Charging,Normal,-0.4498
OVN-EV-001,2026-03-25 21:49:50.235727,22.29,405.84,29.28,30.09,81.45,Charging,Normal,-0.5049
OVN-EV-002,2026-03-25 21:49:53.238804,21.91,411.71,32.27,41.96,27.41,Charging,Normal,-0.4895
OVN-EV-003,2026-03-25 21:49:53.238804,13.81,419.47,35.31,43.27,82.78,Charging,Normal,-0.5085
OVN-EV-001,2026-03-25 21:49:53.238804,14.36,392.83,29.33,36.38,49.17,Charging,Normal,-0.4404
OVN-EV-002,2026-03-25 21:49:56.260733,14.91,396.79,30.39,34.59,67.0,Charging,Normal,-0.4331
OVN-EV-003,2026-03-25 21:49:56.260733,23.52,401.02,32.38,40.73,89.62,Charging,Normal,-0.4746
OVN-EV-001,2026-03-25 21:49:56.260733,13.12,397.08,28.18,36.53,72.24,Charging,Normal,-0.4667
OVN-EV-002,2026-03-25 21:49:59.262728,19.4,385.92,30.69,38.9,65.66,Charging,Normal,-0.4464
OVN-EV-003,2026-03-25 21:49:59.262728,11.33,405.62,30.34,31.29,78.56,Charging,Normal,-0.4848
OVN-EV-001,2026-03-25 21:49:59.262728,13.42,401.14,33.9,43.01,90.54,Charging,Normal,-0.4802
OVN-EV-002,2026-03-25 21:50:02.266760,23.78,412.18,32.43,40.85,85.19,Charging,Normal,-0.4743
OVN-EV-003,2026-03-25 21:50:02.266760,23.01,389.51,29.48,39.94,76.22,Charging,Normal,-0.4652
OVN-EV-001,2026-03-25 21:50:02.266760,22.6,390.5,32.81,39.76,63.81,Charging,Normal,-0.4443
OVN-EV-002,2026-03-25 21:50:05.279801,19.85,403.23,32.14,40.35,78.21,Charging,Normal,-0.444
OVN-EV-003,2026-03-25 21:50:05.279801,17.99,413.46,34.69,32.47,89.27,Charging,Normal,-0.4948
OVN-EV-001,2026-03-25 21:50:05.279801,22.92,455.29,83.54,82.43,45.33,ANOMALY,ANOMALY,-0.6847
OVN-EV-002,2026-03-25 21:50:08.281460,22.64,411.42,31.5,39.39,44.98,Charging,Normal,-0.4548
OVN-EV-003,2026-03-25 21:50:08.281460,23.01,408.75,28.35,42.12,77.86,Charging,Normal,-0.5019
OVN-EV-001,2026-03-25 21:50:08.281460,19.84,406.76,32.96,35.9,63.33,Charging,Normal,-0.4202
OVN-EV-002,2026-03-25 21:50:11.275746,10.49,418.59,34.5,38.12,36.43,Charging,Normal,-0.5117
OVN-EV-003,2026-03-25 21:50:11.277010,12.89,414.02,31.86,35.4,83.05,Charging,Normal,-0.4688
OVN-EV-001,2026-03-25 21:50:11.278019,11.05,395.25,34.96,42.81,33.76,Charging,Normal,-0.5012
OVN-EV-002,2026-03-25 21:50:14.292405,17.64,387.26,32.99,30.91,50.18,Charging,Normal,-0.4769
OVN-EV-003,2026-03-25 21:50:14.292405,18.38,401.0,31.87,30.22,60.65,Charging,Normal,-0.472
OVN-EV-001,2026-03-25 21:50:14.292405,17.7,387.25,30.41,42.23,59.07,Charging,Normal,-0.4548
OVN-EV-002,2026-03-25 21:50:17.317761,17.43,414.48,31.19,34.77,53.39,Charging,Normal,-0.4466
OVN-EV-003,2026-03-25 21:50:17.317761,18.09,386.98,35.13,35.23,68.65,Charging,Normal,-0.466
OVN-EV-001,2026-03-25 21:50:17.317761,12.42,462.28,88.22,75.84,25.97,ANOMALY,ANOMALY,-0.6986
OVN-EV-002,2026-03-25 21:50:20.332300,20.94,404.75,33.5,31.86,21.35,Charging,Normal,-0.4914
OVN-EV-003,2026-03-25 21:50:20.332300,21.43,409.33,31.17,38.76,32.5,Charging,Normal,-0.4619
OVN-EV-001,2026-03-25 21:50:20.332300,21.11,391.98,34.65,35.02,61.78,Charging,Normal,-0.4481
OVN-EV-002,2026-03-25 21:50:23.341538,24.95,413.69,28.31,34.96,20.93,Charging,Normal,-0.5562
OVN-EV-003,2026-03-25 21:50:23.341538,17.84,399.98,33.32,41.2,47.39,Charging,Normal,-0.4237
OVN-EV-001,2026-03-25 21:50:23.341538,13.32,394.0,29.93,35.18,60.51,Charging,Normal,-0.4449
OVN-EV-002,2026-03-25 21:50:26.349444,21.36,382.43,32.4,41.54,26.24,Charging,Normal,-0.4852
OVN-EV-003,2026-03-25 21:50:26.349444,10.45,402.93,31.26,30.1,35.0,Charging,Normal,-0.5304
OVN-EV-001,2026-03-25 21:50:26.350784,18.98,401.36,31.0,43.52,81.91,Charging,Normal,-0.4534
OVN-EV-002,2026-03-25 21:50:29.347942,21.89,386.24,29.64,34.92,89.9,Charging,Normal,-0.4953
OVN-EV-001,2026-03-25 21:50:29.347942,14.21,391.88,28.93,44.35,85.91,Charging,Normal,-0.4857
OVN-EV-003,2026-03-25 21:50:29.347942,24.44,417.6,30.78,32.44,22.67,Charging,Normal,-0.5313
OVN-EV-002,2026-03-25 21:50:32.349120,11.9,395.83,29.06,33.41,33.62,Charging,Normal,-0.4768
OVN-EV-001,2026-03-25 21:50:32.350185,21.71,397.68,31.17,42.3,68.77,Charging,Normal,-0.449
OVN-EV-003,2026-03-25 21:50:32.350737,10.22,418.49,31.87,36.18,69.5,Charging,Normal,-0.5067
OVN-EV-002,2026-03-25 21:50:35.351001,13.52,384.28,28.47,40.68,85.6,Charging,Normal,-0.4909
OVN-EV-001,2026-03-25 21:50:35.351001,10.43,398.31,33.13,31.72,84.93,Charging,Normal,-0.5141
OVN-EV-003,2026-03-25 21:50:35.351001,21.35,416.09,29.44,39.3,84.52,Charging,Normal,-0.475
OVN-EV-002,2026-03-25 21:50:38.353243,23.12,410.23,28.53,44.43,75.56,Charging,Normal,-0.507
OVN-EV-001,2026-03-25 21:50:38.353243,15.38,398.41,30.78,38.63,83.25,Charging,Normal,-0.4329
OVN-EV-003,2026-03-25 21:50:38.353243,16.85,383.7,31.08,37.39,49.8,Charging,Normal,-0.4441
OVN-EV-002,2026-03-25 21:50:41.355206,20.3,407.14,30.24,34.0,66.95,Charging,Normal,-0.4336
OVN-EV-001,2026-03-25 21:50:41.355206,18.82,393.59,35.65,38.58,24.43,Charging,Normal,-0.4936
OVN-EV-003,2026-03-25 21:50:41.355206,19.12,391.56,33.04,32.58,87.13,Charging,Normal,-0.4778
OVN-EV-002,2026-03-25 21:50:44.362488,20.34,394.98,28.08,39.63,54.02,Charging,Normal,-0.4572
OVN-EV-001,2026-03-25 21:50:44.362488,13.71,385.86,32.27,34.77,53.85,Charging,Normal,-0.4397
OVN-EV-003,2026-03-25 21:50:44.362488,22.57,400.03,32.12,39.14,38.14,Charging,Normal,-0.4477
OVN-EV-002,2026-03-25 21:50:47.380542,10.17,392.83,31.89,37.12,89.53,Charging,Normal,-0.5019
OVN-EV-001,2026-03-25 21:50:47.380542,10.58,411.56,32.05,30.02,78.8,Charging,Normal,-0.5185
OVN-EV-003,2026-03-25 21:50:47.380542,14.04,388.13,29.56,32.0,47.84,Charging,Normal,-0.4635
OVN-EV-001,2026-03-25 21:50:50.389466,17.2,417.13,31.42,34.1,60.08,Charging,Normal,-0.4499
OVN-EV-002,2026-03-25 21:50:50.389466,11.7,415.99,34.39,31.86,74.01,Charging,Normal,-0.4981
OVN-EV-003,2026-03-25 21:50:50.389466,13.07,419.08,28.18,31.69,89.61,Charging,Normal,-0.5367
OVN-EV-001,2026-03-25 21:50:53.391165,20.62,394.02,31.71,43.24,51.54,Charging,Normal,-0.4408
OVN-EV-002,2026-03-25 21:50:53.391165,21.82,388.83,32.27,31.22,27.95,Charging,Normal,-0.4989
OVN-EV-003,2026-03-25 21:50:53.393613,21.12,398.35,28.34,32.9,48.87,Charging,Normal,-0.4751
OVN-EV-001,2026-03-25 21:50:56.398893,22.5,409.37,33.74,44.75,81.36,Charging,Normal,-0.4853
OVN-EV-002,2026-03-25 21:50:56.398893,15.98,388.94,32.5,40.89,35.53,Charging,Normal,-0.4383
OVN-EV-003,2026-03-25 21:50:56.398893,14.42,412.13,35.6,37.88,39.24,Charging,Normal,-0.4741
OVN-EV-001,2026-03-25 21:50:59.404185,13.67,405.43,29.64,34.31,94.34,Charging,Normal,-0.4906
OVN-EV-002,2026-03-25 21:50:59.404185,12.8,381.09,32.97,38.83,32.49,Charging,Normal,-0.4908
OVN-EV-003,2026-03-25 21:50:59.404185,10.56,403.64,35.77,31.84,44.36,Charging,Normal,-0.5434
OVN-EV-001,2026-03-25 21:51:02.417731,24.91,406.89,30.23,44.44,65.14,Charging,Normal,-0.4956
OVN-EV-002,2026-03-25 21:51:02.417731,16.65,392.8,35.79,32.81,23.77,Charging,Normal,-0.5161
OVN-EV-003,2026-03-25 21:51:02.417731,11.53,409.42,31.56,32.94,48.46,Charging,Normal,-0.4786
OVN-EV-001,2026-03-25 21:51:05.419959,20.75,414.99,32.11,43.2,40.17,Charging,Normal,-0.4599
OVN-EV-002,2026-03-25 21:51:05.419959,18.3,381.49,31.84,38.15,39.08,Charging,Normal,-0.4561
OVN-EV-003,2026-03-25 21:51:05.419959,19.87,382.17,32.89,39.39,22.83,Charging,Normal,-0.4923
OVN-EV-001,2026-03-25 21:51:08.434920,14.09,404.4,29.94,31.9,33.8,Charging,Normal,-0.4685
OVN-EV-002,2026-03-25 21:51:08.436749,18.87,417.55,28.99,33.89,41.69,Charging,Normal,-0.4748
OVN-EV-003,2026-03-25 21:51:08.437928,11.91,418.9,31.66,44.59,20.78,Charging,Normal,-0.5366
OVN-EV-001,2026-03-25 21:51:11.444738,24.73,419.55,34.81,31.32,86.96,Charging,Normal,-0.5657
OVN-EV-002,2026-03-25 21:51:11.444738,17.42,390.2,32.01,30.67,64.78,Charging,Normal,-0.4629
OVN-EV-003,2026-03-25 21:51:11.444738,19.91,382.4,35.6,39.77,56.61,Charging,Normal,-0.4899
OVN-EV-001,2026-03-25 21:51:14.451328,21.05,404.86,28.51,35.62,71.32,Charging,Normal,-0.4598
OVN-EV-002,2026-03-25 21:51:14.452340,12.66,380.85,34.32,42.07,85.68,Charging,Normal,-0.5042
OVN-EV-003,2026-03-25 21:51:14.454301,21.38,399.93,33.93,43.66,57.7,Charging,Normal,-0.4667
OVN-EV-001,2026-03-25 21:51:17.467754,12.11,419.59,30.42,41.34,85.36,Charging,Normal,-0.5068
OVN-EV-002,2026-03-25 21:51:17.468233,19.65,418.58,35.83,43.58,87.6,Charging,Normal,-0.5384
OVN-EV-003,2026-03-25 21:51:17.468233,14.51,407.46,35.35,32.93,23.48,Charging,Normal,-0.5135
OVN-EV-001,2026-03-25 21:51:20.473304,13.26,409.3,31.48,38.75,56.84,Charging,Normal,-0.4354
OVN-EV-002,2026-03-25 21:51:20.473304,24.32,393.33,31.07,34.99,42.91,Charging,Normal,-0.465
OVN-EV-003,2026-03-25 21:51:20.473304,21.02,408.04,31.65,35.7,84.16,Charging,Normal,-0.4412
OVN-EV-001,2026-03-25 21:51:23.479856,11.74,399.21,29.85,34.34,59.23,Charging,Normal,-0.4576
OVN-EV-002,2026-03-25 21:51:23.479856,24.25,397.29,30.43,30.28,55.11,Charging,Normal,-0.4998
OVN-EV-003,2026-03-25 21:51:23.479856,15.64,414.69,31.21,41.68,54.34,Charging,Normal,-0.4469
OVN-EV-001,2026-03-25 21:51:26.481606,13.37,479.91,82.2,72.0,72.15,ANOMALY,ANOMALY,-0.6895
OVN-EV-002,2026-03-25 21:51:26.481606,15.65,393.9,28.78,36.07,80.69,Charging,Normal,-0.4657
OVN-EV-003,2026-03-25 21:51:26.481606,18.97,388.26,32.05,34.22,51.55,Charging,Normal,-0.4389
OVN-EV-001,2026-03-25 21:51:29.485437,18.93,387.11,31.5,44.16,85.88,Charging,Normal,-0.4738
OVN-EV-002,2026-03-25 21:51:29.486562,19.45,416.5,28.47,37.84,34.84,Charging,Normal,-0.4927
OVN-EV-003,2026-03-25 21:51:29.487199,21.23,391.32,30.19,39.11,75.74,Charging,Normal,-0.4475
OVN-EV-001,2026-03-25 21:51:32.483526,21.41,406.91,29.54,40.58,53.4,Charging,Normal,-0.4366
OVN-EV-002,2026-03-25 21:51:32.483526,15.13,380.38,32.86,42.53,84.72,Charging,Normal,-0.4976
OVN-EV-003,2026-03-25 21:51:32.484537,19.67,409.88,32.51,32.7,86.15,Charging,Normal,-0.4604
OVN-EV-001,2026-03-25 21:51:35.487389,18.16,483.83,95.51,84.72,43.66,ANOMALY,ANOMALY,-0.6805
OVN-EV-002,2026-03-25 21:51:35.487389,12.7,414.47,32.13,42.05,27.19,Charging,Normal,-0.485
OVN-EV-003,2026-03-25 21:51:35.487389,23.02,406.86,28.59,37.34,78.11,Charging,Normal,-0.4569
OVN-EV-001,2026-03-25 21:51:38.492872,12.86,395.3,33.89,31.34,63.01,Charging,Normal,-0.4628
OVN-EV-002,2026-03-25 21:51:38.492872,17.97,404.96,33.13,37.79,71.8,Charging,Normal,-0.4286
OVN-EV-003,2026-03-25 21:51:38.492872,18.6,396.62,33.0,33.75,30.81,Charging,Normal,-0.4584
OVN-EV-001,2026-03-25 21:51:41.492201,13.93,403.63,35.6,30.13,63.89,Charging,Normal,-0.4879
OVN-EV-002,2026-03-25 21:51:41.492201,17.31,403.08,32.26,30.98,66.19,Charging,Normal,-0.4407
OVN-EV-003,2026-03-25 21:51:41.524184,10.23,404.3,29.65,35.45,39.58,Charging,Normal,-0.497
OVN-EV-001,2026-03-25 21:51:44.494515,20.48,408.14,29.29,42.24,21.73,Charging,Normal,-0.488
OVN-EV-002,2026-03-25 21:51:44.494515,20.02,415.53,28.48,33.84,21.6,Charging,Normal,-0.5178
OVN-EV-003,2026-03-25 21:51:44.494515,24.44,390.72,34.77,44.01,37.93,Charging,Normal,-0.5163
OVN-EV-001,2026-03-25 21:51:47.500093,17.09,458.51,88.42,80.85,71.57,ANOMALY,ANOMALY,-0.6668
OVN-EV-002,2026-03-25 21:51:47.500093,21.11,418.6,30.33,35.56,45.36,Charging,Normal,-0.4677
OVN-EV-003,2026-03-25 21:51:47.502197,11.75,385.65,34.45,35.01,59.04,Charging,Normal,-0.4759
OVN-EV-001,2026-03-25 21:51:50.501991,17.96,392.36,28.16,43.67,89.24,Charging,Normal,-0.5016
OVN-EV-002,2026-03-25 21:51:50.501991,10.36,392.97,34.27,31.27,56.03,Charging,Normal,-0.4988
OVN-EV-003,2026-03-25 21:51:50.503366,23.86,412.01,33.1,30.71,75.07,Charging,Normal,-0.488
OVN-EV-001,2026-03-25 21:51:53.517184,13.44,405.99,30.42,40.33,53.51,Charging,Normal,-0.4329
OVN-EV-002,2026-03-25 21:51:53.517184,18.33,384.64,34.7,33.69,37.09,Charging,Normal,-0.477
OVN-EV-003,2026-03-25 21:51:53.518184,21.7,404.97,33.36,37.35,53.44,Charging,Normal,-0.4341
OVN-EV-001,2026-03-25 21:51:56.531272,10.0,380.09,29.39,43.15,91.56,Charging,Normal,-0.5805
OVN-EV-002,2026-03-25 21:51:56.531272,19.9,396.41,33.65,40.25,70.39,Charging,Normal,-0.4446
OVN-EV-003,2026-03-25 21:51:56.531272,19.7,405.63,32.45,39.54,85.85,Charging,Normal,-0.4475
OVN-EV-001,2026-03-25 21:51:59.545577,18.53,390.58,30.25,40.74,80.96,Charging,Normal,-0.4561
OVN-EV-002,2026-03-25 21:51:59.545577,23.66,418.16,28.89,43.75,80.86,Charging,Normal,-0.5317
OVN-EV-003,2026-03-25 21:51:59.545577,10.03,382.71,29.76,34.36,53.92,Charging,Normal,-0.5189
OVN-EV-001,2026-03-25 21:52:02.555222,14.08,402.48,33.81,36.79,75.62,Charging,Normal,-0.4335
OVN-EV-002,2026-03-25 21:52:02.555222,16.95,476.97,80.14,86.52,72.82,ANOMALY,ANOMALY,-0.6781
OVN-EV-003,2026-03-25 21:52:02.555222,24.95,383.21,34.32,41.13,57.57,Charging,Normal,-0.5125
OVN-EV-001,2026-03-25 21:52:05.566949,12.42,411.74,29.08,40.23,46.0,Charging,Normal,-0.4675
OVN-EV-002,2026-03-25 21:52:05.566949,23.66,401.72,30.0,36.8,89.34,Charging,Normal,-0.4803
OVN-EV-003,2026-03-25 21:52:05.566949,19.1,391.83,29.11,32.92,84.59,Charging,Normal,-0.4645
OVN-EV-001,2026-03-25 21:52:08.578034,19.33,394.12,29.3,34.92,80.96,Charging,Normal,-0.4514
OVN-EV-002,2026-03-25 21:52:08.578034,12.64,412.14,31.69,34.2,69.34,Charging,Normal,-0.4532
OVN-EV-003,2026-03-25 21:52:08.578034,11.02,459.22,85.37,77.6,25.1,ANOMALY,ANOMALY,-0.7086
OVN-EV-001,2026-03-25 21:52:11.597250,12.4,384.07,30.55,37.38,92.39,Charging,Normal,-0.502
OVN-EV-002,2026-03-25 21:52:11.597250,24.05,411.24,30.93,31.05,24.17,Charging,Normal,-0.5149
OVN-EV-003,2026-03-25 21:52:11.597250,16.38,412.88,29.93,39.54,67.48,Charging,Normal,-0.4414
OVN-EV-001,2026-03-25 21:52:14.605653,17.47,409.04,34.89,35.89,80.28,Charging,Normal,-0.4571
OVN-EV-002,2026-03-25 21:52:14.605653,19.6,383.11,32.17,42.77,57.32,Charging,Normal,-0.4583
OVN-EV-003,2026-03-25 21:52:14.605653,23.77,416.01,35.66,34.9,36.88,Charging,Normal,-0.5205
OVN-EV-001,2026-03-25 21:52:17.615425,15.99,391.69,28.22,41.39,34.82,Charging,Normal,-0.4761
OVN-EV-002,2026-03-25 21:52:17.615425,15.01,414.59,34.26,40.41,94.09,Charging,Normal,-0.515
OVN-EV-003,2026-03-25 21:52:17.615425,12.48,407.33,30.0,38.66,92.56,Charging,Normal,-0.4866
OVN-EV-001,2026-03-25 21:52:20.629005,11.3,405.14,30.19,33.83,22.41,Charging,Normal,-0.4997
OVN-EV-002,2026-03-25 21:52:20.629005,22.0,402.72,34.06,35.0,49.4,Charging,Normal,-0.4493
OVN-EV-003,2026-03-25 21:52:20.629005,21.41,409.38,29.69,34.01,67.28,Charging,Normal,-0.4456
OVN-EV-001,2026-03-25 21:52:23.632810,22.82,403.94,33.31,30.4,75.29,Charging,Normal,-0.4709
OVN-EV-002,2026-03-25 21:52:23.632810,12.36,406.85,29.81,34.29,44.17,Charging,Normal,-0.4597
OVN-EV-003,2026-03-25 21:52:23.632810,12.94,402.37,29.84,43.15,51.03,Charging,Normal,-0.4469
OVN-EV-001,2026-03-25 21:52:26.636141,18.36,411.83,31.17,37.15,37.9,Charging,Normal,-0.4377
OVN-EV-002,2026-03-25 21:52:26.636141,24.17,394.06,33.27,34.76,91.16,Charging,Normal,-0.5083
OVN-EV-003,2026-03-25 21:52:26.636141,14.14,394.0,32.88,34.56,60.38,Charging,Normal,-0.4364
OVN-EV-001,2026-03-25 21:52:29.651961,22.66,418.05,30.22,38.82,47.58,Charging,Normal,-0.4627
OVN-EV-002,2026-03-25 21:52:29.651961,18.8,415.28,33.94,40.65,24.64,Charging,Normal,-0.4847
OVN-EV-003,2026-03-25 21:52:29.652996,19.94,408.95,33.57,34.07,49.47,Charging,Normal,-0.4391
OVN-EV-001,2026-03-25 21:52:32.665668,16.73,391.99,30.28,30.36,20.14,Charging,Normal,-0.517
OVN-EV-002,2026-03-25 21:52:32.665668,24.47,402.33,31.0,40.93,80.53,Charging,Normal,-0.4615
OVN-EV-003,2026-03-25 21:52:32.665668,20.87,396.83,32.31,30.78,74.61,Charging,Normal,-0.4597
OVN-EV-001,2026-03-25 21:52:35.676571,20.6,388.7,34.95,37.47,56.29,Charging,Normal,-0.4565
OVN-EV-002,2026-03-25 21:52:35.676571,24.14,394.65,34.53,32.67,46.68,Charging,Normal,-0.4982
OVN-EV-003,2026-03-25 21:52:35.676571,11.35,383.35,33.79,31.45,89.05,Charging,Normal,-0.5453
OVN-EV-001,2026-03-25 21:52:38.686346,18.29,401.96,32.2,41.16,25.34,Charging,Normal,-0.4556
OVN-EV-002,2026-03-25 21:52:38.686346,17.85,384.23,29.75,41.53,78.05,Charging,Normal,-0.4629
OVN-EV-003,2026-03-25 21:52:38.686346,17.22,386.8,35.94,43.09,68.3,Charging,Normal,-0.4908
OVN-EV-001,2026-03-25 21:52:41.687390,16.0,405.97,30.02,40.43,25.04,Charging,Normal,-0.4643
OVN-EV-002,2026-03-25 21:52:41.687390,24.78,386.83,29.33,39.9,65.06,Charging,Normal,-0.4826
OVN-EV-003,2026-03-25 21:52:41.687390,11.8,402.92,33.0,42.54,83.58,Charging,Normal,-0.4724
OVN-EV-001,2026-03-25 21:52:44.696066,15.64,395.01,34.78,34.05,33.82,Charging,Normal,-0.4617
OVN-EV-002,2026-03-25 21:52:44.697079,16.12,417.62,32.55,36.86,33.76,Charging,Normal,-0.4596
OVN-EV-003,2026-03-25 21:52:44.697079,12.68,380.88,33.08,43.18,76.34,Charging,Normal,-0.4973
OVN-EV-001,2026-03-25 21:52:47.698407,24.55,415.73,33.69,33.9,43.62,Charging,Normal,-0.4952
OVN-EV-002,2026-03-25 21:52:47.698407,12.19,457.23,85.7,85.24,84.39,ANOMALY,ANOMALY,-0.6781
OVN-EV-003,2026-03-25 21:52:47.698407,11.1,418.59,29.28,44.76,71.49,Charging,Normal,-0.5461
OVN-EV-001,2026-03-25 21:52:50.702880,21.53,381.46,33.56,37.31,85.87,Charging,Normal,-0.4861
OVN-EV-002,2026-03-25 21:52:50.702880,16.23,395.66,29.95,31.47,76.22,Charging,Normal,-0.4489
OVN-EV-003,2026-03-25 21:52:50.702880,19.44,417.57,29.44,42.58,89.79,Charging,Normal,-0.4993
OVN-EV-001,2026-03-25 21:52:53.708501,11.62,391.89,35.42,41.77,38.41,Charging,Normal,-0.4875
OVN-EV-002,2026-03-25 21:52:53.708501,15.32,383.33,31.17,37.86,51.45,Charging,Normal,-0.4606
OVN-EV-003,2026-03-25 21:52:53.710963,15.12,387.79,30.56,44.33,67.08,Charging,Normal,-0.46
OVN-EV-001,2026-03-25 21:52:56.722564,16.1,395.84,35.05,41.22,48.12,Charging,Normal,-0.4479
OVN-EV-002,2026-03-25 21:52:56.722564,14.11,416.29,28.97,43.54,47.19,Charging,Normal,-0.4751
OVN-EV-003,2026-03-25 21:52:56.722564,17.94,381.51,35.98,37.6,82.79,Charging,Normal,-0.5147
OVN-EV-001,2026-03-25 21:52:59.730998,12.42,417.34,29.13,38.62,74.05,Charging,Normal,-0.4841
OVN-EV-002,2026-03-25 21:52:59.730998,20.81,413.06,33.28,30.39,58.98,Charging,Normal,-0.482
OVN-EV-003,2026-03-25 21:52:59.730998,13.73,385.78,31.93,43.54,59.67,Charging,Normal,-0.4654
OVN-EV-001,2026-03-25 21:53:02.737226,10.67,399.96,32.22,38.4,72.77,Charging,Normal,-0.4714
OVN-EV-002,2026-03-25 21:53:02.737226,17.52,418.21,35.13,36.6,35.96,Charging,Normal,-0.476
OVN-EV-003,2026-03-25 21:53:02.738857,20.03,392.65,31.18,36.62,37.53,Charging,Normal,-0.4482
OVN-EV-001,2026-03-25 21:53:05.747635,15.84,397.76,31.69,42.25,20.58,Charging,Normal,-0.4696
OVN-EV-002,2026-03-25 21:53:05.747635,23.3,387.96,35.55,37.83,87.8,Charging,Normal,-0.5222
OVN-EV-003,2026-03-25 21:53:05.747635,17.01,401.26,32.54,32.89,22.85,Charging,Normal,-0.4681
OVN-EV-001,2026-03-25 21:53:08.753013,16.12,406.05,34.22,31.07,29.58,Charging,Normal,-0.4868
OVN-EV-002,2026-03-25 21:53:08.753013,10.13,396.29,32.67,30.21,22.04,Charging,Normal,-0.5588
OVN-EV-003,2026-03-25 21:53:08.753013,13.48,397.28,33.92,34.23,71.99,Charging,Normal,-0.4378
OVN-EV-001,2026-03-25 21:53:11.768121,17.24,389.92,29.15,41.08,30.33,Charging,Normal,-0.4535
OVN-EV-002,2026-03-25 21:53:11.768121,22.38,408.24,34.31,41.63,53.3,Charging,Normal,-0.4611
OVN-EV-003,2026-03-25 21:53:11.768121,21.97,462.62,82.18,72.86,49.86,ANOMALY,ANOMALY,-0.6808
OVN-EV-001,2026-03-25 21:53:14.774685,23.26,406.77,33.25,38.33,68.01,Charging,Normal,-0.4475
OVN-EV-002,2026-03-25 21:53:14.774685,21.08,382.7,31.73,44.1,82.51,Charging,Normal,-0.4996
OVN-EV-003,2026-03-25 21:53:14.774685,23.33,399.61,32.88,31.17,57.38,Charging,Normal,-0.4726
OVN-EV-001,2026-03-25 21:53:17.769945,15.41,385.59,31.92,39.92,94.34,Charging,Normal,-0.515
OVN-EV-002,2026-03-25 21:53:17.769945,18.64,417.66,32.56,41.05,69.61,Charging,Normal,-0.4492
OVN-EV-003,2026-03-25 21:53:17.801651,15.31,393.13,35.4,30.07,88.82,Charging,Normal,-0.5294
OVN-EV-001,2026-03-25 21:53:20.785931,15.95,414.27,30.43,40.93,31.29,Charging,Normal,-0.4604
OVN-EV-002,2026-03-25 21:53:20.785931,17.67,419.46,28.46,31.71,91.43,Charging,Normal,-0.5207
OVN-EV-003,2026-03-25 21:53:20.818031,15.36,397.78,28.61,31.86,70.94,Charging,Normal,-0.4685
OVN-EV-001,2026-03-25 21:53:23.793405,21.76,415.69,30.54,36.32,78.84,Charging,Normal,-0.4533
OVN-EV-002,2026-03-25 21:53:23.793405,13.76,484.13,90.87,83.04,26.43,ANOMALY,ANOMALY,-0.6962
OVN-EV-003,2026-03-25 21:53:23.793405,18.74,380.62,34.26,34.92,36.59,Charging,Normal,-0.4754
OVN-EV-001,2026-03-25 21:53:26.808394,24.34,451.22,80.54,88.88,94.28,ANOMALY,ANOMALY,-0.7184
OVN-EV-002,2026-03-25 21:53:26.808394,18.35,415.0,33.55,38.91,40.97,Charging,Normal,-0.4492
OVN-EV-003,2026-03-25 21:53:26.810413,10.71,402.05,30.37,36.63,28.54,Charging,Normal,-0.4844
OVN-EV-001,2026-03-25 21:53:29.830846,24.34,395.35,30.31,40.7,94.51,Charging,Normal,-0.5237
OVN-EV-002,2026-03-25 21:53:29.830846,15.17,406.57,32.95,32.25,42.43,Charging,Normal,-0.449
OVN-EV-003,2026-03-25 21:53:29.830846,15.12,414.38,32.44,40.5,76.01,Charging,Normal,-0.4529
OVN-EV-001,2026-03-25 21:53:32.837514,10.29,411.1,31.6,35.22,79.05,Charging,Normal,-0.5029
OVN-EV-002,2026-03-25 21:53:32.837514,23.79,391.95,29.77,36.47,25.6,Charging,Normal,-0.4863
OVN-EV-003,2026-03-25 21:53:32.837514,11.91,404.64,29.28,36.94,26.71,Charging,Normal,-0.4709
OVN-EV-001,2026-03-25 21:53:35.849283,17.45,414.85,30.49,39.59,27.57,Charging,Normal,-0.4701
OVN-EV-002,2026-03-25 21:53:35.849283,12.8,395.84,35.06,32.47,57.46,Charging,Normal,-0.4772
OVN-EV-003,2026-03-25 21:53:35.849283,12.83,383.73,33.83,35.25,26.83,Charging,Normal,-0.4875
OVN-EV-001,2026-03-25 21:53:38.860459,12.25,386.72,33.47,37.34,70.02,Charging,Normal,-0.46
OVN-EV-002,2026-03-25 21:53:38.860459,13.67,392.5,28.27,42.53,86.29,Charging,Normal,-0.4832
OVN-EV-003,2026-03-25 21:53:38.860459,13.58,386.91,29.72,32.31,62.52,Charging,Normal,-0.4734
OVN-EV-001,2026-03-25 21:53:41.863475,21.48,414.29,28.77,37.5,89.55,Charging,Normal,-0.4855
OVN-EV-002,2026-03-25 21:53:41.863475,20.19,403.27,29.07,38.83,49.23,Charging,Normal,-0.4384
OVN-EV-003,2026-03-25 21:53:41.863475,14.78,417.1,28.83,42.58,48.69,Charging,Normal,-0.4814
OVN-EV-001,2026-03-25 21:53:44.878557,20.29,387.49,28.18,33.93,38.94,Charging,Normal,-0.4843
OVN-EV-002,2026-03-25 21:53:44.878557,13.71,406.56,28.14,39.83,62.68,Charging,Normal,-0.4608
OVN-EV-003,2026-03-25 21:53:44.878557,13.94,408.97,33.51,30.69,28.63,Charging,Normal,-0.4977
OVN-EV-001,2026-03-25 21:53:47.879294,16.51,401.69,29.94,38.35,92.88,Charging,Normal,-0.4545
OVN-EV-002,2026-03-25 21:53:47.879294,12.72,407.09,34.14,41.82,25.19,Charging,Normal,-0.4851
OVN-EV-003,2026-03-25 21:53:47.879294,17.04,402.89,32.69,40.59,68.37,Charging,Normal,-0.4275
OVN-EV-001,2026-03-25 21:53:50.872601,14.52,405.73,29.23,42.09,21.58,Charging,Normal,-0.4945
OVN-EV-002,2026-03-25 21:53:50.872601,19.53,393.51,29.07,40.25,43.53,Charging,Normal,-0.4432
OVN-EV-003,2026-03-25 21:53:50.874621,11.65,386.96,31.73,34.52,79.28,Charging,Normal,-0.4713
OVN-EV-001,2026-03-25 21:53:53.882539,14.87,408.88,28.57,42.86,59.73,Charging,Normal,-0.4543
OVN-EV-002,2026-03-25 21:53:53.882539,19.66,404.56,30.86,31.04,55.04,Charging,Normal,-0.4533
OVN-EV-003,2026-03-25 21:53:53.882539,24.07,397.52,28.26,34.57,31.25,Charging,Normal,-0.4953
OVN-EV-001,2026-03-25 21:53:56.895510,11.33,389.97,32.44,32.96,44.17,Charging,Normal,-0.4803
OVN-EV-002,2026-03-25 21:53:56.897522,24.67,383.8,35.74,35.98,76.92,Charging,Normal,-0.522
OVN-EV-003,2026-03-25 21:53:56.897522,16.58,390.34,29.34,39.56,32.74,Charging,Normal,-0.4603
OVN-EV-001,2026-03-25 21:53:59.914688,13.92,414.42,31.78,40.71,47.77,Charging,Normal,-0.4513
OVN-EV-002,2026-03-25 21:53:59.914688,22.9,390.24,30.27,33.97,87.49,Charging,Normal,-0.4799
OVN-EV-003,2026-03-25 21:53:59.914688,23.86,414.27,32.93,38.22,65.34,Charging,Normal,-0.4696
OVN-EV-001,2026-03-25 21:54:02.923978,15.01,381.63,31.75,39.49,45.1,Charging,Normal,-0.4632
OVN-EV-002,2026-03-25 21:54:02.923978,11.96,385.84,33.02,37.48,91.85,Charging,Normal,-0.4965
OVN-EV-003,2026-03-25 21:54:02.923978,16.6,464.92,99.54,70.79,40.78,ANOMALY,ANOMALY,-0.6827
OVN-EV-001,2026-03-25 21:54:05.935082,19.24,391.49,30.77,31.32,73.59,Charging,Normal,-0.4595
OVN-EV-002,2026-03-25 21:54:05.935082,24.97,382.27,30.64,40.75,94.6,Charging,Normal,-0.5504
OVN-EV-003,2026-03-25 21:54:05.935082,11.93,405.78,32.18,42.59,28.45,Charging,Normal,-0.4884
OVN-EV-001,2026-03-25 21:54:08.948048,10.28,418.76,32.95,38.45,83.12,Charging,Normal,-0.5372
OVN-EV-002,2026-03-25 21:54:08.948048,18.29,410.27,33.03,33.39,30.89,Charging,Normal,-0.4475
OVN-EV-003,2026-03-25 21:54:08.948048,15.24,389.36,34.1,34.69,43.07,Charging,Normal,-0.4521
OVN-EV-001,2026-03-25 21:54:11.970562,12.31,398.68,32.38,34.58,46.8,Charging,Normal,-0.4493
OVN-EV-002,2026-03-25 21:54:11.970562,14.14,409.32,32.46,40.42,93.87,Charging,Normal,-0.4891
OVN-EV-003,2026-03-25 21:54:11.971402,10.65,416.91,28.12,40.54,67.54,Charging,Normal,-0.5206
OVN-EV-001,2026-03-25 21:54:14.986460,13.32,381.42,32.65,36.64,80.68,Charging,Normal,-0.4684
OVN-EV-002,2026-03-25 21:54:14.986460,15.35,390.84,32.71,40.43,47.6,Charging,Normal,-0.4418
OVN-EV-003,2026-03-25 21:54:14.986460,23.43,412.94,35.03,34.77,30.03,Charging,Normal,-0.5106
OVN-EV-001,2026-03-25 21:54:17.990444,13.79,412.78,31.94,36.94,56.28,Charging,Normal,-0.4431
OVN-EV-002,2026-03-25 21:54:17.990444,22.79,413.3,34.2,42.18,93.2,Charging,Normal,-0.5246
OVN-EV-003,2026-03-25 21:54:17.992959,21.56,419.95,31.78,36.74,33.72,Charging,Normal,-0.4882
OVN-EV-001,2026-03-25 21:54:21.005365,11.55,393.6,33.45,41.1,51.2,Charging,Normal,-0.4751
OVN-EV-002,2026-03-25 21:54:21.006368,13.42,390.02,35.74,31.12,41.56,Charging,Normal,-0.5136
OVN-EV-003,2026-03-25 21:54:21.007366,12.47,456.05,96.11,84.54,36.58,ANOMALY,ANOMALY,-0.6917
OVN-EV-001,2026-03-25 21:54:24.018860,18.27,418.83,31.63,39.12,21.57,Charging,Normal,-0.5077
OVN-EV-002,2026-03-25 21:54:24.018860,18.18,400.43,32.22,44.12,43.42,Charging,Normal,-0.4478
OVN-EV-003,2026-03-25 21:54:24.018860,20.72,395.23,33.46,43.16,76.85,Charging,Normal,-0.4661
OVN-EV-001,2026-03-25 21:54:27.027696,22.67,419.26,30.68,42.37,85.19,Charging,Normal,-0.5039
OVN-EV-002,2026-03-25 21:54:27.027696,11.89,398.78,34.05,35.42,39.92,Charging,Normal,-0.4572
OVN-EV-003,2026-03-25 21:54:27.027696,23.65,387.65,32.15,40.58,41.28,Charging,Normal,-0.4525
OVN-EV-001,2026-03-25 21:54:30.032150,19.22,406.79,29.36,31.82,30.57,Charging,Normal,-0.466
OVN-EV-002,2026-03-25 21:54:30.032150,24.74,387.36,30.41,33.54,21.75,Charging,Normal,-0.5217
OVN-EV-003,2026-03-25 21:54:30.032150,23.54,410.87,32.58,40.96,42.94,Charging,Normal,-0.4624
OVN-EV-001,2026-03-25 21:54:33.033300,18.19,406.34,33.12,34.41,33.84,Charging,Normal,-0.4402
OVN-EV-002,2026-03-25 21:54:33.033300,15.13,393.69,33.4,37.65,55.84,Charging,Normal,-0.4233
OVN-EV-003,2026-03-25 21:54:33.033300,14.86,417.9,33.46,33.92,70.92,Charging,Normal,-0.4688
OVN-EV-001,2026-03-25 21:54:36.046220,19.57,402.27,34.53,38.2,63.48,Charging,Normal,-0.4332
OVN-EV-002,2026-03-25 21:54:36.046220,12.92,396.45,30.91,31.05,30.01,Charging,Normal,-0.4916
OVN-EV-003,2026-03-25 21:54:36.049023,11.42,412.09,35.0,35.41,69.35,Charging,Normal,-0.4853
OVN-EV-001,2026-03-25 21:54:39.052490,21.55,396.25,35.14,30.97,34.77,Charging,Normal,-0.4969
OVN-EV-002,2026-03-25 21:54:39.053652,22.41,400.17,31.26,42.43,41.05,Charging,Normal,-0.4514
OVN-EV-003,2026-03-25 21:54:39.053652,20.03,418.77,29.97,41.63,89.58,Charging,Normal,-0.4976
OVN-EV-001,2026-03-25 21:54:42.061726,14.97,393.72,34.25,43.27,67.76,Charging,Normal,-0.4532
OVN-EV-002,2026-03-25 21:54:42.061726,17.87,404.02,31.09,30.26,39.58,Charging,Normal,-0.4573
OVN-EV-003,2026-03-25 21:54:42.061726,15.2,410.84,29.84,38.58,40.8,Charging,Normal,-0.4423
OVN-EV-001,2026-03-25 21:54:45.066025,18.5,401.9,30.56,41.84,45.78,Charging,Normal,-0.4244
OVN-EV-002,2026-03-25 21:54:45.066025,18.71,381.36,29.05,41.03,71.02,Charging,Normal,-0.4678
OVN-EV-003,2026-03-25 21:54:45.066025,10.26,380.96,32.08,34.65,21.0,Charging,Normal,-0.5525
OVN-EV-001,2026-03-25 21:54:48.078232,20.97,385.73,31.78,37.63,44.71,Charging,Normal,-0.4429
OVN-EV-002,2026-03-25 21:54:48.078232,17.48,406.5,33.36,37.41,43.74,Charging,Normal,-0.4224
OVN-EV-003,2026-03-25 21:54:48.078232,13.65,387.28,29.5,40.1,92.96,Charging,Normal,-0.4835
OVN-EV-001,2026-03-25 21:54:51.078074,19.27,393.26,30.01,34.43,71.3,Charging,Normal,-0.4482
OVN-EV-002,2026-03-25 21:54:51.078074,13.04,395.93,28.9,34.72,49.11,Charging,Normal,-0.4584
OVN-EV-003,2026-03-25 21:54:51.078074,13.75,382.22,34.24,37.11,59.0,Charging,Normal,-0.4634
OVN-EV-001,2026-03-25 21:54:54.088996,17.73,409.21,33.65,42.16,82.92,Charging,Normal,-0.4536
OVN-EV-002,2026-03-25 21:54:54.088996,21.43,418.11,35.46,33.49,46.76,Charging,Normal,-0.5125
OVN-EV-003,2026-03-25 21:54:54.090493,13.38,386.2,28.48,42.4,53.3,Charging,Normal,-0.4824
OVN-EV-001,2026-03-25 21:54:57.099384,19.34,405.55,34.39,43.01,60.9,Charging,Normal,-0.4404
OVN-EV-002,2026-03-25 21:54:57.099384,20.31,397.4,32.71,35.07,80.89,Charging,Normal,-0.4385
OVN-EV-003,2026-03-25 21:54:57.099384,11.02,392.3,35.1,35.2,50.46,Charging,Normal,-0.4921
OVN-EV-001,2026-03-25 21:55:00.105666,21.84,391.89,31.34,40.99,31.57,Charging,Normal,-0.4529
OVN-EV-002,2026-03-25 21:55:00.105666,10.83,380.18,29.23,41.06,76.42,Charging,Normal,-0.5239
OVN-EV-003,2026-03-25 21:55:00.105666,17.96,391.49,34.7,39.01,79.06,Charging,Normal,-0.4426
OVN-EV-001,2026-03-25 21:55:03.106090,16.4,381.4,30.75,42.31,53.87,Charging,Normal,-0.4653
OVN-EV-002,2026-03-25 21:55:03.107632,16.09,409.8,28.55,41.03,88.54,Charging,Normal,-0.4746
OVN-EV-003,2026-03-25 21:55:03.108629,23.95,404.73,30.57,32.35,50.76,Charging,Normal,-0.4665
OVN-EV-001,2026-03-25 21:55:06.122868,11.9,392.9,30.34,38.93,92.51,Charging,Normal,-0.468
OVN-EV-002,2026-03-25 21:55:06.123948,21.34,392.66,31.57,38.23,86.35,Charging,Normal,-0.4524
OVN-EV-003,2026-03-25 21:55:06.123948,15.57,418.36,33.27,44.57,48.06,Charging,Normal,-0.4871
OVN-EV-001,2026-03-25 21:55:09.139258,11.59,395.33,28.46,37.11,87.01,Charging,Normal,-0.483
OVN-EV-002,2026-03-25 21:55:09.139258,19.98,406.18,33.32,31.59,51.43,Charging,Normal,-0.4485
OVN-EV-003,2026-03-25 21:55:09.142156,24.26,407.09,32.19,31.82,51.81,Charging,Normal,-0.4844
OVN-EV-001,2026-03-25 21:55:12.157502,24.97,414.75,31.55,34.48,33.26,Charging,Normal,-0.5041
OVN-EV-002,2026-03-25 21:55:12.158872,18.0,399.41,29.97,35.38,37.52,Charging,Normal,-0.4367
OVN-EV-003,2026-03-25 21:55:12.159634,17.56,410.74,32.57,33.91,77.19,Charging,Normal,-0.4428
OVN-EV-001,2026-03-25 21:55:15.172001,24.35,407.25,32.11,35.66,90.17,Charging,Normal,-0.4906
OVN-EV-002,2026-03-25 21:55:15.172001,10.7,412.44,35.78,33.66,63.64,Charging,Normal,-0.5257
OVN-EV-003,2026-03-25 21:55:15.172001,15.71,403.42,30.39,30.41,80.92,Charging,Normal,-0.4694
OVN-EV-001,2026-03-25 21:55:18.184026,18.47,400.02,33.67,42.19,93.18,Charging,Normal,-0.4643
OVN-EV-002,2026-03-25 21:55:18.184026,23.92,398.8,32.14,34.12,85.94,Charging,Normal,-0.4836
OVN-EV-003,2026-03-25 21:55:18.184026,20.34,418.23,32.47,36.51,43.68,Charging,Normal,-0.4552
OVN-EV-001,2026-03-25 21:55:21.188566,11.4,387.37,31.87,44.46,91.95,Charging,Normal,-0.5121
OVN-EV-002,2026-03-25 21:55:21.188566,22.62,383.33,32.05,38.38,82.15,Charging,Normal,-0.4772
OVN-EV-003,2026-03-25 21:55:21.191268,13.2,393.04,28.82,42.25,52.71,Charging,Normal,-0.4657
OVN-EV-001,2026-03-25 21:55:24.206030,17.38,391.93,33.19,31.98,22.75,Charging,Normal,-0.4871
OVN-EV-002,2026-03-25 21:55:24.207099,14.17,419.05,30.91,43.47,46.26,Charging,Normal,-0.4797
OVN-EV-003,2026-03-25 21:55:24.209246,14.86,394.27,35.42,34.92,49.01,Charging,Normal,-0.4701
OVN-EV-001,2026-03-25 21:55:27.223383,14.97,476.97,91.76,79.74,37.7,ANOMALY,ANOMALY,-0.6609
OVN-EV-002,2026-03-25 21:55:27.223383,20.63,393.31,30.12,34.7,52.97,Charging,Normal,-0.4322
OVN-EV-003,2026-03-25 21:55:27.226024,18.71,380.38,30.12,43.23,92.19,Charging,Normal,-0.5071
OVN-EV-001,2026-03-25 21:55:30.236284,18.98,389.34,32.84,38.01,62.64,Charging,Normal,-0.4263
OVN-EV-002,2026-03-25 21:55:30.236284,11.43,387.92,30.47,40.05,37.9,Charging,Normal,-0.4619
OVN-EV-003,2026-03-25 21:55:30.236284,19.26,419.28,30.74,35.38,28.11,Charging,Normal,-0.4809
OVN-EV-001,2026-03-25 21:55:33.248208,21.35,386.54,28.67,32.53,54.81,Charging,Normal,-0.4744
OVN-EV-002,2026-03-25 21:55:33.249770,11.72,411.39,32.66,31.81,29.82,Charging,Normal,-0.4994
OVN-EV-003,2026-03-25 21:55:33.250802,12.35,381.56,30.04,41.88,49.75,Charging,Normal,-0.4829
OVN-EV-001,2026-03-25 21:55:36.256794,21.89,382.77,34.16,38.18,32.06,Charging,Normal,-0.4863
OVN-EV-002,2026-03-25 21:55:36.256794,15.31,386.26,31.37,44.84,93.7,Charging,Normal,-0.5328
OVN-EV-003,2026-03-25 21:55:36.256794,13.12,404.92,34.87,37.39,29.03,Charging,Normal,-0.4742
OVN-EV-001,2026-03-25 21:55:39.267574,17.06,383.52,31.93,38.25,43.23,Charging,Normal,-0.4455
OVN-EV-002,2026-03-25 21:55:39.267574,11.94,390.86,30.7,30.33,49.32,Charging,Normal,-0.4864
OVN-EV-003,2026-03-25 21:55:39.267574,13.03,392.32,31.15,39.21,32.36,Charging,Normal,-0.4477
OVN-EV-001,2026-03-25 21:55:42.270233,10.69,417.78,34.04,35.35,36.66,Charging,Normal,-0.516
OVN-EV-002,2026-03-25 21:55:42.270233,19.64,403.8,33.17,34.27,64.5,Charging,Normal,-0.4224
OVN-EV-003,2026-03-25 21:55:42.270233,11.2,406.53,32.64,31.48,35.54,Charging,Normal,-0.4951
OVN-EV-001,2026-03-25 21:55:45.279933,21.94,419.46,33.6,39.64,75.42,Charging,Normal,-0.4701
OVN-EV-002,2026-03-25 21:55:45.279933,22.61,403.32,34.68,37.0,20.67,Charging,Normal,-0.4914
OVN-EV-003,2026-03-25 21:55:45.279933,12.7,419.76,32.51,40.81,83.18,Charging,Normal,-0.49
OVN-EV-001,2026-03-25 21:55:48.287303,23.89,393.64,29.68,32.21,86.76,Charging,Normal,-0.4833
OVN-EV-002,2026-03-25 21:55:48.287303,11.58,399.26,34.82,43.36,86.36,Charging,Normal,-0.5025
OVN-EV-003,2026-03-25 21:55:48.287303,20.82,418.98,35.24,36.68,38.73,Charging,Normal,-0.4913
OVN-EV-001,2026-03-25 21:55:51.294780,17.63,413.63,30.17,36.42,52.13,Charging,Normal,-0.4367
OVN-EV-002,2026-03-25 21:55:51.294780,14.6,397.59,30.13,42.01,23.62,Charging,Normal,-0.48
OVN-EV-003,2026-03-25 21:55:51.294780,17.9,413.79,28.59,31.62,60.24,Charging,Normal,-0.472
OVN-EV-001,2026-03-25 21:55:54.305245,21.05,404.68,29.1,32.24,36.81,Charging,Normal,-0.4639
OVN-EV-002,2026-03-25 21:55:54.305245,23.2,393.25,31.25,37.18,30.37,Charging,Normal,-0.4567
OVN-EV-003,2026-03-25 21:55:54.306242,22.36,388.3,34.58,40.83,45.92,Charging,Normal,-0.4587
OVN-EV-001,2026-03-25 21:55:57.313755,10.36,406.57,30.9,34.03,57.62,Charging,Normal,-0.4772
OVN-EV-002,2026-03-25 21:55:57.313755,22.9,389.98,33.68,39.75,93.89,Charging,Normal,-0.4995
OVN-EV-003,2026-03-25 21:55:57.313755,17.93,414.18,33.59,36.34,93.85,Charging,Normal,-0.4895
OVN-EV-001,2026-03-25 21:56:00.320605,13.99,386.17,32.34,41.18,41.51,Charging,Normal,-0.448
OVN-EV-002,2026-03-25 21:56:00.320605,10.88,415.03,35.84,36.93,44.01,Charging,Normal,-0.5195
OVN-EV-003,2026-03-25 21:56:00.320605,24.68,416.46,35.44,40.06,21.06,Charging,Normal,-0.5599
OVN-EV-001,2026-03-25 21:56:03.334374,12.39,408.75,30.66,42.04,21.64,Charging,Normal,-0.4979
OVN-EV-002,2026-03-25 21:56:03.334374,15.63,382.38,33.15,41.43,65.87,Charging,Normal,-0.4455
OVN-EV-003,2026-03-25 21:56:03.334374,16.13,395.41,30.77,42.74,31.52,Charging,Normal,-0.4526
